Date,HomeTeam,AwayTeam,FTHG,FTAG,FTR,HTHG,HTAG,HTR,HS,AS,HST,AST,HC,AC,HY,AY,HR,AR,Ligue,Saison,Home_form,Away_form,Home_avg_scored,Home_avg_conceded,Away_avg_scored,Away_avg_conceded,Form_diff,Avg_scored_diff,Avg_conceded_diff
2020-09-12,Eibar,Celta,0,0,D,0,0,D,8,6,1,3,3,3,4,4,1,0,LL,20_21,0,0,0.0,0.0,0.0,0.0,0,0.0,0.0
2020-09-12,Liverpool,Leeds,4,3,H,3,2,H,22,6,6,3,9,0,1,0,0,0,PL,22_21,0,0,0.0,0.0,0.0,0.0,0,0.0,0.0
2020-09-12,West Ham,Newcastle,0,2,A,0,0,D,15,15,3,2,8,7,2,2,0,0,PL,22_21,0,0,0.0,0.0,0.0,0.0,0,0.0,0.0
2020-09-12,Crystal Palace,Southampton,1,0,H,1,0,H,5,9,3,5,7,3,2,1,0,0,PL,22_21,0,0,0.0,0.0,0.0,0.0,0,0.0,0.0
2020-09-12,Fulham,Arsenal,0,3,A,0,1,A,5,13,2,6,2,3,2,2,0,0,PL,22_21,0,0,0.0,0.0,0.0,0.0,0,0.0,0.0
2020-09-12,Cadiz,Osasuna,0,2,A,0,1,A,12,6,3,4,6,2,2,2,0,0,LL,20_21,0,0,0.0,0.0,0.0,0.0,0,0.0,0.0
2020-09-12,Granada,Ath Bilbao,2,0,H,0,0,D,4,9,2,2,1,2,3,4,0,0,LL,20_21,0,0,0.0,0.0,0.0,0.0,0,0.0,0.0
2020-09-13,Villarreal,Huesca,1,1,D,0,1,A,15,10,4,3,6,6,1,1,0,0,LL,20_21,0,0,0.0,0.0,0.0,0.0,0,0.0,0.0
2020-09-13,Alaves,Betis,0,1,A,0,0,D,7,11,2,4,6,4,3,3,0,0,LL,20_21,0,0,0.0,0.0,0.0,0.0,0,0.0,0.0
2020-09-13,Tottenham,Everton,0,1,A,0,0,D,9,15,5,4,5,3,1,0,0,0,PL,22_21,0,0,0.0,0.0,0.0,0.0,0,0.0,0.0
2020-09-13,West Brom,Leicester,0,3,A,0,0,D,7,13,1,7,2,5,1,1,0,0,PL,22_21,0,0,0.0,0.0,0.0,0.0,0,0.0,0.0
2020-09-13,Valladolid,Sociedad,1,1,D,1,0,H,8,8,3,2,5,3,4,1,0,0,LL,20_21,0,0,0.0,0.0,0.0,0.0,0,0.0,0.0
2020-09-13,Valencia,Levante,4,2,H,2,2,D,14,19,8,8,3,4,1,3,0,0,LL,20_21,0,0,0.0,0.0,0.0,0.0,0,0.0,0.0
2020-09-14,Brighton,Chelsea,1,3,A,0,1,A,13,10,3,5,4,3,1,0,0,0,PL,22_21,0,0,0.0,0.0,0.0,0.0,0,0.0,0.0
2020-09-14,Sheffield United,Wolves,0,2,A,0,2,A,9,11,2,4,12,5,2,1,0,0,PL,22_21,0,0,0.0,0.0,0.0,0.0,0,0.0,0.0
2020-09-19,Celta,Valencia,2,1,H,1,0,H,23,9,6,3,6,6,3,1,0,0,LL,20_21,1,3,0.0,0.0,4.0,2.0,-2,-4.0,-2.0
2020-09-19,Getafe,Osasuna,1,0,H,0,0,D,7,10,1,3,4,1,4,2,0,0,LL,20_21,0,3,0.0,0.0,2.0,0.0,-3,-2.0,0.0
2020-09-19,Villarreal,Eibar,2,1,H,0,0,D,14,12,8,4,4,3,1,1,0,0,LL,20_21,1,1,1.0,1.0,0.0,0.0,0,1.0,1.0
2020-09-19,Fiorentina,Torino,1,0,H,0,0,D,17,6,8,3,4,1,3,1,0,0,SA,20_21,0,0,0.0,0.0,0.0,0.0,0,0.0,0.0
2020-09-19,Leeds,Fulham,4,3,H,2,1,H,10,14,7,6,5,3,1,2,0,0,PL,22_21,0,0,3.0,4.0,0.0,3.0,0,3.0,1.0
2020-09-19,Everton,West Brom,5,2,H,2,1,H,17,6,7,4,11,1,1,0,0,1,PL,22_21,3,0,1.0,0.0,0.0,3.0,3,1.0,-3.0
2020-09-19,Arsenal,West Ham,2,1,H,1,1,D,7,14,3,3,7,5,0,1,0,0,PL,22_21,3,0,3.0,0.0,0.0,2.0,3,3.0,-2.0
2020-09-19,Verona,Roma,0,0,D,0,0,D,9,15,7,7,0,6,2,0,0,0,SA,20_21,0,0,0.0,0.0,0.0,0.0,0,0.0,0.0
2020-09-19,Man United,Crystal Palace,1,3,A,0,1,A,13,14,4,5,9,3,2,1,0,0,PL,22_21,0,3,0.0,0.0,1.0,0.0,-3,-1.0,0.0
2020-09-20,Southampton,Tottenham,2,5,A,1,1,D,14,9,7,6,3,2,4,3,0,0,PL,22_21,0,0,0.0,1.0,0.0,1.0,0,0.0,0.0
2020-09-20,Newcastle,Brighton,0,3,A,0,2,A,6,13,0,6,7,1,3,0,0,1,PL,22_21,3,0,2.0,0.0,1.0,3.0,3,1.0,-3.0
2020-09-20,Chelsea,Liverpool,0,2,A,0,0,D,5,18,3,6,1,11,0,0,1,0,PL,22_21,3,3,3.0,1.0,4.0,3.0,0,-1.0,-2.0
2020-09-20,Leicester,Burnley,4,2,H,1,1,D,14,16,6,5,15,4,1,2,0,0,PL,22_21,3,0,3.0,0.0,0.0,0.0,3,3.0,0.0
2020-09-20,Parma,Napoli,0,2,A,0,0,D,4,12,2,7,4,2,4,1,0,0,SA,20_21,0,0,0.0,0.0,0.0,0.0,0,0.0,0.0
2020-09-20,Huesca,Cadiz,0,2,A,0,1,A,4,6,0,4,2,1,3,3,0,0,LL,20_21,1,0,1.0,1.0,0.0,2.0,1,1.0,-1.0
2020-09-20,Genoa,Crotone,4,1,H,3,1,H,10,11,8,5,6,4,4,2,0,0,SA,20_21,0,0,0.0,0.0,0.0,0.0,0,0.0,0.0
2020-09-20,Sassuolo,Cagliari,1,1,D,0,0,D,21,8,10,4,7,3,1,3,0,0,SA,20_21,0,0,0.0,0.0,0.0,0.0,0,0.0,0.0
2020-09-20,Juventus,Sampdoria,3,0,H,1,0,H,14,10,9,2,6,4,1,1,0,0,SA,20_21,0,0,0.0,0.0,0.0,0.0,0,0.0,0.0
2020-09-20,Granada,Alaves,2,1,H,1,1,D,10,5,3,3,4,4,0,3,0,0,LL,20_21,3,0,2.0,0.0,0.0,1.0,3,2.0,-1.0
2020-09-20,Betis,Valladolid,2,0,H,2,0,H,16,9,6,2,5,3,3,0,0,0,LL,20_21,3,1,1.0,0.0,1.0,1.0,2,0.0,-1.0
2020-09-20,Sociedad,Real Madrid,0,0,D,0,0,D,6,16,1,4,1,11,2,2,0,0,LL,20_21,1,0,1.0,1.0,0.0,0.0,1,1.0,1.0
2020-09-21,Aston Villa,Sheffield United,1,0,H,0,0,D,18,4,2,1,10,4,3,1,0,1,PL,22_21,0,0,0.0,0.0,0.0,2.0,0,0.0,-2.0
2020-09-21,Wolves,Man City,1,3,A,0,2,A,10,14,1,9,4,6,0,3,0,0,PL,22_21,3,0,2.0,0.0,0.0,0.0,3,2.0,0.0
2020-09-21,Milan,Bologna,2,0,H,1,0,H,14,6,6,5,7,4,3,5,0,1,SA,20_21,0,0,0.0,0.0,0.0,0.0,0,0.0,0.0
2020-09-26,West Brom,Chelsea,3,3,D,3,0,H,9,22,3,10,3,9,1,3,0,0,PL,22_21,0,3,1.0,4.0,1.5,1.5,-3,-0.5,2.5
2020-09-26,Betis,Real Madrid,2,3,A,2,1,H,15,11,5,4,8,3,5,2,1,0,LL,20_21,6,1,1.5,0.0,0.0,0.0,5,1.5,0.0
2020-09-26,Elche,Sociedad,0,3,A,0,0,D,5,27,2,7,2,11,3,1,0,0,LL,20_21,0,2,0.0,0.0,0.5,0.5,-2,-0.5,-0.5
2020-09-26,Valencia,Huesca,1,1,D,1,0,H,5,17,2,4,4,4,0,1,0,0,LL,20_21,3,1,2.5,2.0,0.5,1.5,2,2.0,0.5
2020-09-26,Brighton,Man United,2,3,A,1,1,D,18,7,5,3,7,1,4,2,0,0,PL,22_21,3,0,2.0,1.5,1.0,3.0,3,1.0,-1.5
2020-09-26,Crystal Palace,Everton,1,2,A,1,2,A,8,10,1,5,7,6,3,1,0,0,PL,22_21,6,6,2.0,0.5,3.0,1.0,0,-1.0,-0.5
2020-09-26,Torino,Atalanta,2,4,A,2,3,A,5,12,5,7,2,6,1,2,0,0,SA,20_21,0,0,0.0,1.0,0.0,0.0,0,0.0,1.0
2020-09-26,Cagliari,Lazio,0,2,A,0,1,A,9,9,3,7,3,6,1,1,0,0,SA,20_21,1,0,1.0,1.0,0.0,0.0,1,1.0,1.0
2020-09-26,Alaves,Getafe,0,0,D,0,0,D,9,11,0,4,1,5,2,2,0,0,LL,20_21,0,3,0.5,1.5,1.0,0.0,-3,-0.5,1.5
2020-09-26,Inter,Fiorentina,4,3,H,1,1,D,12,8,6,4,5,1,1,1,0,0,SA,20_21,0,3,0.0,0.0,1.0,0.0,-3,-1.0,0.0
2020-09-26,Burnley,Southampton,0,1,A,0,1,A,10,5,2,1,8,2,1,0,0,0,PL,22_21,0,0,2.0,4.0,1.0,3.0,0,1.0,1.0
2020-09-26,Sampdoria,Benevento,2,3,A,2,1,H,5,11,4,6,6,4,3,1,0,0,SA,20_21,0,0,0.0,3.0,0.0,0.0,0,0.0,3.0
2020-09-27,Osasuna,Levante,1,3,A,1,1,D,9,11,4,5,3,7,2,0,0,0,LL,20_21,3,0,1.0,0.5,2.0,4.0,3,-1.0,-3.5
2020-09-27,Eibar,Ath Bilbao,1,2,A,0,1,A,7,9,1,5,5,4,1,0,0,0,LL,20_21,1,0,0.5,1.0,0.0,2.0,1,0.5,-1.0
2020-09-27,Ath Madrid,Granada,6,1,H,1,0,H,17,11,10,6,1,1,3,1,0,0,LL,20_21,0,6,0.0,0.0,2.0,0.5,-6,-2.0,-0.5
2020-09-27,Cadiz,Sevilla,1,3,A,0,0,D,12,14,5,5,6,5,4,2,0,0,LL,20_21,3,0,1.0,1.0,0.0,0.0,3,1.0,1.0
2020-09-27,Valladolid,Celta,1,1,D,0,1,A,10,5,4,1,4,1,3,4,0,0,LL,20_21,1,4,0.5,1.5,1.0,0.5,-3,-0.5,1.0
2020-09-27,Barcelona,Villarreal,4,0,H,4,0,H,17,5,9,1,8,4,0,1,0,0,LL,20_21,0,4,0.0,0.0,1.5,1.0,-4,-1.5,-1.0
2020-09-27,Man City,Leicester,2,5,A,1,1,D,16,7,5,7,3,4,1,3,0,0,PL,22_21,3,6,3.0,1.0,3.5,1.0,-3,-0.5,0.0
2020-09-27,Tottenham,Newcastle,1,1,D,1,0,H,23,6,12,1,10,4,1,4,0,0,PL,22_21,3,3,2.5,1.5,1.0,1.5,0,1.5,0.0
2020-09-27,Roma,Juventus,2,2,D,2,1,H,7,6,6,3,5,7,2,3,0,1,SA,20_21,1,3,0.0,0.0,3.0,0.0,-2,-3.0,0.0
2020-09-27,Crotone,Milan,0,2,A,0,1,A,5,11,1,7,2,5,1,3,0,0,SA,20_21,0,3,1.0,4.0,2.0,0.0,-3,-1.0,4.0
2020-09-27,Verona,Udinese,1,0,H,0,0,D,8,14,2,6,1,9,1,0,0,0,SA,20_21,1,0,0.0,0.0,0.0,0.0,1,0.0,0.0
2020-09-27,Napoli,Genoa,6,0,H,1,0,H,18,3,11,1,4,2,1,2,0,0,SA,20_21,3,3,2.0,0.0,4.0,1.0,0,-2.0,-1.0
2020-09-27,Spezia,Sassuolo,1,4,A,1,1,D,11,10,6,8,3,5,2,1,0,0,SA,20_21,0,1,0.0,0.0,1.0,1.0,-1,-1.0,-1.0
2020-09-27,West Ham,Wolves,4,0,H,1,0,H,15,11,7,2,1,3,0,1,0,0,PL,22_21,0,3,0.5,2.0,1.5,1.5,-3,-1.0,0.5
2020-09-27,Sheffield United,Leeds,0,1,A,0,0,D,14,17,4,9,5,7,2,1,0,0,PL,22_21,0,3,0.0,1.5,3.5,3.5,-3,-3.5,-2.0
2020-09-28,Liverpool,Arsenal,3,1,H,2,1,H,21,4,8,3,7,3,2,2,0,0,PL,22_21,6,6,3.0,1.5,2.5,0.5,0,0.5,1.0
2020-09-28,Bologna,Parma,4,1,H,2,0,H,11,8,8,4,8,9,1,2,0,1,SA,20_21,0,0,0.0,2.0,0.0,2.0,0,0.0,0.0
2020-09-28,Fulham,Aston Villa,0,3,A,0,2,A,16,12,3,5,5,3,6,3,0,0,PL,22_21,0,3,1.5,3.5,1.0,0.0,-3,0.5,3.5
2020-09-29,Getafe,Betis,3,0,H,3,0,H,8,10,4,2,1,4,4,4,0,1,LL,20_21,4,6,0.5,0.0,1.67,1.0,-2,-1.17,-1.0
2020-09-29,Sociedad,Valencia,0,1,A,0,0,D,11,9,3,5,9,3,1,5,0,0,LL,20_21,5,4,1.33,0.33,2.0,1.67,1,-0.6699999999999999,-1.3399999999999999
2020-09-30,Huesca,Ath Madrid,0,0,D,0,0,D,9,16,3,2,5,7,1,0,0,0,LL,20_21,2,3,0.67,1.33,6.0,1.0,-1,-5.33,0.33000000000000007
2020-09-30,Villarreal,Alaves,3,1,H,2,1,H,10,8,6,3,2,0,0,2,0,0,LL,20_21,4,1,1.0,2.0,0.33,1.0,3,0.6699999999999999,1.0
2020-09-30,Eibar,Elche,0,1,A,0,1,A,12,5,4,2,3,2,2,2,0,0,LL,20_21,1,0,0.67,1.33,0.0,3.0,1,0.67,-1.67
2020-09-30,Real Madrid,Valladolid,1,0,H,0,0,D,15,11,5,5,4,7,2,1,0,0,LL,20_21,4,2,1.5,1.0,0.67,1.33,2,0.83,-0.33000000000000007
2020-09-30,Benevento,Inter,2,5,A,1,4,A,11,18,7,12,5,1,1,0,0,0,SA,20_21,3,3,3.0,2.0,4.0,3.0,0,-1.0,-1.0
2020-09-30,Udinese,Spezia,0,2,A,0,1,A,10,4,5,3,2,2,0,5,0,1,SA,20_21,0,0,0.0,1.0,1.0,4.0,0,-1.0,-3.0
2020-09-30,Lazio,Atalanta,1,4,A,0,3,A,11,8,8,6,7,3,7,2,0,0,SA,20_21,3,3,2.0,0.0,4.0,2.0,0,-2.0,-2.0
2020-10-01,Ath Bilbao,Cadiz,0,1,A,0,0,D,13,3,4,1,5,2,3,5,0,2,LL,20_21,3,3,1.0,1.5,1.0,1.67,0,0.0,-0.16999999999999993
2020-10-01,Sevilla,Levante,1,0,H,0,0,D,16,3,2,1,2,4,5,2,0,0,LL,20_21,3,3,3.0,1.0,2.5,2.5,0,0.5,-1.5
2020-10-01,Celta,Barcelona,0,3,A,0,1,A,10,6,3,3,3,7,5,5,0,1,LL,20_21,5,3,1.0,0.67,4.0,0.0,2,-3.0,0.67
2020-10-02,Fiorentina,Sampdoria,1,2,A,0,1,A,16,14,6,10,8,4,0,3,0,0,SA,20_21,3,0,2.0,2.0,1.0,3.0,3,1.0,-1.0
2020-10-03,Elche,Huesca,0,0,D,0,0,D,2,18,0,4,0,5,0,2,0,0,LL,20_21,3,3,0.5,1.5,0.5,1.0,0,0.0,0.5
2020-10-03,Ath Madrid,Villarreal,0,0,D,0,0,D,14,6,1,2,9,1,1,2,0,0,LL,20_21,4,7,3.0,0.5,1.5,1.75,-3,1.5,-1.25
2020-10-03,Sassuolo,Crotone,4,1,H,1,0,H,7,10,4,6,3,4,2,3,0,0,SA,20_21,4,0,2.5,1.0,0.5,3.0,4,2.0,-2.0
2020-10-03,Sociedad,Getafe,3,0,H,1,0,H,11,5,6,1,5,4,3,3,0,0,LL,20_21,5,7,1.0,0.5,1.33,0.0,-2,-0.33000000000000007,0.5
2020-10-03,Valencia,Betis,0,2,A,0,1,A,5,17,2,8,4,7,2,2,0,0,LL,20_21,7,6,1.75,1.25,1.25,1.5,1,0.5,-0.25
2020-10-03,Chelsea,Crystal Palace,4,0,H,0,0,D,17,4,6,0,8,5,2,0,0,0,PL,22_21,4,6,2.0,2.0,1.67,1.0,-2,0.33000000000000007,1.0
2020-10-03,Everton,Brighton,4,2,H,2,1,H,11,11,6,3,3,10,0,1,0,0,PL,22_21,9,3,2.67,1.0,2.0,2.0,6,0.6699999999999999,-1.0
2020-10-03,Leeds,Man City,1,1,D,0,1,A,12,23,7,2,7,10,2,1,0,0,PL,22_21,6,3,2.67,2.33,2.5,3.0,3,0.16999999999999993,-0.6699999999999999
2020-10-03,Udinese,Roma,0,1,A,0,0,D,9,8,5,3,4,1,1,0,0,0,SA,20_21,0,2,0.0,1.5,1.0,1.0,-2,-1.0,0.5
2020-10-03,Newcastle,Burnley,3,1,H,1,0,H,10,7,5,3,3,4,2,3,0,0,PL,22_21,4,0,1.0,1.33,1.0,2.5,4,0.0,-1.17
2020-10-03,Valladolid,Eibar,1,2,A,1,1,D,9,11,3,5,3,4,2,3,0,1,LL,20_21,2,1,0.5,1.25,0.5,1.25,1,0.0,0.0
2020-10-04,Atalanta,Cagliari,5,2,H,4,1,H,19,7,14,3,3,9,0,0,0,0,SA,20_21,6,1,4.0,1.5,0.5,1.5,5,3.5,0.0
2020-10-04,Benevento,Bologna,1,0,H,0,0,D,6,13,3,7,4,10,2,1,0,0,SA,20_21,3,3,2.5,3.5,2.0,1.5,0,0.5,2.0
2020-10-04,Lazio,Inter,1,1,D,0,1,A,11,10,5,4,7,8,3,4,1,1,SA,20_21,3,6,1.5,2.0,4.5,2.5,-3,-3.0,-0.5
2020-10-04,Parma,Verona,1,0,H,1,0,H,7,8,5,5,7,6,1,1,0,0,SA,20_21,0,4,0.5,3.0,0.5,0.0,-4,0.0,3.0
2020-10-04,Milan,Spezia,3,0,H,0,0,D,10,3,5,2,4,6,1,2,0,0,SA,20_21,6,3,2.0,0.0,1.5,2.0,3,0.5,-2.0
2020-10-04,Man United,Tottenham,1,6,A,1,4,A,5,22,2,8,2,4,2,1,1,0,PL,22_21,3,4,2.0,2.5,2.0,1.33,-1,0.0,1.17
2020-10-04,Barcelona,Sevilla,1,1,D,1,1,D,12,13,5,1,6,5,1,1,0,0,LL,20_21,6,6,3.5,0.0,2.0,0.5,0,1.5,-0.5
2020-10-04,Wolves,Fulham,1,0,H,0,0,D,14,10,5,2,6,2,1,1,0,0,PL,22_21,3,0,1.0,2.33,1.0,3.33,3,0.0,-1.0
2020-10-04,Cadiz,Granada,1,1,D,0,1,A,14,13,4,5,2,5,2,2,0,0,LL,20_21,6,6,1.0,1.25,1.67,2.33,0,-0.6699999999999999,-1.08
2020-10-04,Levante,Real Madrid,0,2,A,0,1,A,11,13,4,3,4,6,2,1,0,0,LL,20_21,3,7,1.67,2.0,1.33,0.67,-4,0.33999999999999986,1.33
2020-10-04,Alaves,Ath Bilbao,1,0,H,0,0,D,8,8,3,0,0,6,2,3,1,0,LL,20_21,1,3,0.5,1.5,0.67,1.33,-2,-0.17000000000000004,0.16999999999999993
2020-10-04,Aston Villa,Liverpool,7,2,H,4,1,H,18,14,11,8,2,7,2,1,0,0,PL,22_21,6,9,2.0,0.0,3.0,1.33,-3,-1.0,-1.33
2020-10-04,Leicester,West Ham,0,3,A,0,2,A,4,14,0,6,6,4,2,2,0,0,PL,22_21,9,3,4.0,1.33,1.67,1.33,6,2.33,0.0
2020-10-04,Southampton,West Brom,2,0,H,1,0,H,13,5,7,2,5,1,2,1,0,0,PL,22_21,3,1,1.0,2.0,1.67,3.67,2,-0.6699999999999999,-1.67
2020-10-04,Arsenal,Sheffield United,2,1,H,0,0,D,6,6,5,2,2,4,0,1,0,0,PL,22_21,6,0,2.0,1.33,0.0,1.33,6,2.0,0.0
2020-10-04,Osasuna,Celta,2,0,H,1,0,H,14,9,5,3,6,5,3,3,0,0,LL,20_21,3,5,1.0,1.33,0.75,1.25,-2,0.25,0.08000000000000007
2020-10-17,Celta,Ath Madrid,0,2,A,0,1,A,15,9,5,4,8,4,3,4,0,0,LL,20_21,5,5,0.6,1.4,2.0,0.33,0,-1.4,1.0699999999999998
2020-10-17,Real Madrid,Cadiz,0,1,A,0,1,A,14,14,2,5,4,11,2,0,0,0,LL,20_21,10,7,1.5,0.5,1.0,1.2,3,0.5,-0.7
2020-10-17,Getafe,Barcelona,1,0,H,0,0,D,9,7,4,1,7,2,4,3,0,0,LL,20_21,7,7,1.0,0.75,2.67,0.33,0,-1.67,0.42
2020-10-17,Granada,Sevilla,1,0,H,0,0,D,13,8,3,3,5,1,4,4,0,1,LL,20_21,7,7,1.5,2.0,1.67,0.67,0,-0.16999999999999993,1.33
2020-10-17,Napoli,Atalanta,4,1,H,4,0,H,18,11,14,3,6,2,1,3,0,0,SA,20_21,6,9,4.0,0.0,4.33,1.67,-3,-0.33000000000000007,-1.67
2020-10-17,Inter,Milan,1,2,A,1,2,A,12,8,6,4,3,5,3,4,0,0,SA,20_21,7,9,3.33,2.0,2.33,0.0,-2,1.0,2.0
2020-10-17,Sampdoria,Lazio,3,0,H,2,0,H,11,8,8,1,3,3,2,2,0,0,SA,20_21,3,4,1.33,2.33,1.33,1.67,-1,0.0,0.6600000000000001
2020-10-17,Crotone,Juventus,1,1,D,1,1,D,9,8,3,3,3,4,3,3,0,1,SA,20_21,0,4,0.67,3.33,2.5,1.0,-4,-1.83,2.33
2020-10-17,Everton,Liverpool,2,2,D,1,1,D,11,22,5,8,2,5,3,2,1,0,PL,22_21,12,9,3.0,1.25,2.75,2.75,3,0.25,-1.5
2020-10-17,Chelsea,Southampton,3,3,D,2,1,H,11,13,5,6,6,2,1,1,0,0,PL,22_21,7,6,2.5,1.5,1.25,1.5,1,1.25,0.0
2020-10-17,Man City,Arsenal,1,0,H,1,0,H,13,11,5,3,6,6,4,1,0,0,PL,22_21,4,9,2.0,2.33,2.0,1.25,-5,0.0,1.08
2020-10-17,Newcastle,Man United,1,4,A,1,1,D,7,28,4,14,0,7,1,1,0,0,PL,22_21,7,3,1.5,1.25,1.67,3.67,4,-0.16999999999999993,-2.42
2020-10-18,Bologna,Sassuolo,3,4,A,2,1,H,11,20,7,12,7,11,2,2,0,0,SA,20_21,3,7,1.33,1.33,3.0,1.0,-4,-1.67,0.33000000000000007
2020-10-18,Spezia,Fiorentina,2,2,D,1,2,A,6,7,2,6,5,5,2,2,0,0,SA,20_21,3,3,1.0,2.33,1.67,2.0,0,-0.6699999999999999,0.33000000000000007
2020-10-18,Torino,Cagliari,2,3,A,1,2,A,10,9,6,7,2,4,2,3,1,0,SA,20_21,0,1,1.0,2.5,1.0,2.67,-1,0.0,-0.16999999999999993
2020-10-18,Udinese,Parma,3,2,H,1,1,D,9,7,4,3,11,2,3,2,0,0,SA,20_21,0,3,0.0,1.33,0.67,2.0,-3,-0.67,-0.6699999999999999
2020-10-18,Roma,Benevento,5,2,H,2,1,H,16,8,10,4,6,4,3,2,0,0,SA,20_21,5,6,1.0,0.67,2.0,2.33,-1,-1.0,-1.6600000000000001
2020-10-18,Eibar,Osasuna,0,0,D,0,0,D,10,8,6,2,6,7,2,3,0,1,LL,20_21,4,6,0.8,1.2,1.25,1.0,-2,-0.44999999999999996,0.19999999999999996
2020-10-18,Ath Bilbao,Levante,2,0,H,0,0,D,14,6,5,1,9,3,3,1,0,0,LL,20_21,3,3,0.5,1.25,1.25,2.0,0,-0.75,-0.75
2020-10-18,Villarreal,Valencia,2,1,H,1,1,D,16,11,6,3,3,7,4,1,1,0,LL,20_21,8,7,1.2,1.4,1.4,1.4,1,-0.19999999999999996,0.0
2020-10-18,Alaves,Elche,0,2,A,0,1,A,13,7,2,3,2,6,2,5,0,0,LL,20_21,4,4,0.6,1.2,0.33,1.0,0,0.26999999999999996,0.19999999999999996
2020-10-18,Huesca,Valladolid,2,2,D,0,1,A,12,5,7,3,3,1,1,2,0,0,LL,20_21,4,2,0.4,0.8,0.6,1.4,2,-0.19999999999999996,-0.5999999999999999
2020-10-18,Betis,Sociedad,0,3,A,0,1,A,7,8,1,5,6,2,2,1,0,0,LL,20_21,9,8,1.4,1.2,1.4,0.4,1,0.0,0.7999999999999999
2020-10-18,Leicester,Aston Villa,0,1,A,0,0,D,11,10,5,4,2,7,4,3,0,0,PL,22_21,9,9,3.0,1.75,3.67,0.67,0,-0.6699999999999999,1.08
2020-10-18,Tottenham,West Ham,3,3,D,3,0,H,11,13,6,4,3,7,0,5,0,0,PL,22_21,7,6,3.0,1.25,2.0,1.0,1,1.0,0.25
2020-10-18,Crystal Palace,Brighton,1,1,D,1,0,H,1,20,1,3,2,5,3,2,0,1,PL,22_21,6,3,1.25,1.75,2.0,2.5,3,-0.75,-0.75
2020-10-18,Sheffield United,Fulham,1,1,D,0,0,D,10,15,6,6,2,5,0,2,0,0,PL,22_21,0,0,0.25,1.5,0.75,2.75,0,-0.5,-1.25
2020-10-19,Verona,Genoa,0,0,D,0,0,D,18,5,12,2,14,2,1,4,0,0,SA,20_21,4,3,0.33,0.33,2.0,3.5,1,-1.67,-3.17
2020-10-19,Leeds,Wolves,0,1,A,0,0,D,13,7,2,3,8,3,2,1,0,0,PL,22_21,7,6,2.25,2.0,1.0,1.75,1,1.25,0.25
2020-10-19,West Brom,Burnley,0,0,D,0,0,D,13,9,6,4,8,2,2,2,0,0,PL,22_21,1,0,1.25,3.25,1.0,2.67,1,0.25,0.5800000000000001
2020-10-23,Sassuolo,Torino,3,3,D,0,1,A,13,14,9,12,6,8,2,2,0,0,SA,20_21,10,0,3.25,1.5,1.33,2.67,10,1.92,-1.17
2020-10-23,Elche,Valencia,2,1,H,2,0,H,3,14,2,4,0,7,3,2,0,0,LL,20_21,7,4,0.75,0.75,0.8,1.4,3,-0.050000000000000044,-0.6499999999999999
2020-10-23,Aston Villa,Leeds,0,3,A,0,0,D,12,27,4,9,6,5,2,2,0,0,PL,22_21,12,7,3.0,0.5,1.8,1.8,5,1.2,-1.3
2020-10-24,Ath Madrid,Betis,2,0,H,0,0,D,13,12,6,3,8,5,2,0,0,1,LL,20_21,8,6,2.0,0.25,1.2,1.8,2,0.8,-1.55
2020-10-24,Lazio,Bologna,2,1,H,0,0,D,6,16,4,6,8,9,3,3,0,0,SA,20_21,4,3,1.0,2.0,1.75,2.0,1,-0.75,0.0
2020-10-24,Genoa,Inter,0,2,A,0,0,D,1,10,0,6,1,9,1,1,0,0,SA,20_21,4,7,1.33,2.33,2.75,2.0,-3,-1.42,0.33000000000000007
2020-10-24,Atalanta,Sampdoria,1,3,A,0,1,A,10,5,5,4,3,1,3,4,0,0,SA,20_21,9,6,3.5,2.25,1.75,1.75,3,1.75,0.5
2020-10-24,Barcelona,Real Madrid,1,3,A,1,1,D,10,15,4,9,7,7,3,2,0,0,LL,20_21,7,10,2.0,0.5,1.2,0.6,-3,0.8,-0.09999999999999998
2020-10-24,Osasuna,Ath Bilbao,1,0,H,0,0,D,7,13,2,5,2,5,3,2,0,0,LL,20_21,7,6,1.0,0.8,0.8,1.0,1,0.19999999999999996,-0.19999999999999996
2020-10-24,Sevilla,Eibar,0,1,A,0,1,A,21,3,3,1,13,3,0,3,0,0,LL,20_21,7,4,1.25,0.75,0.8,1.2,3,0.44999999999999996,-0.44999999999999996
2020-10-24,West Ham,Man City,1,1,D,1,0,H,6,14,2,7,2,10,2,0,0,0,PL,22_21,7,7,2.2,1.4,1.75,1.75,0,0.4500000000000002,-0.3500000000000001
2020-10-24,Fulham,Crystal Palace,1,2,A,0,1,A,16,14,3,10,4,4,0,1,1,0,PL,22_21,1,7,0.8,2.4,1.2,1.6,-6,-0.3999999999999999,0.7999999999999998
2020-10-24,Man United,Chelsea,0,0,D,0,0,D,14,6,4,1,9,6,3,1,0,0,PL,22_21,6,8,2.25,3.0,2.6,1.8,-2,-0.3500000000000001,1.2
2020-10-24,Liverpool,Sheffield United,2,1,H,1,1,D,17,13,5,2,7,3,0,3,0,0,PL,22_21,10,1,2.6,2.6,0.4,1.4,9,2.2,1.2000000000000002
2020-10-25,Southampton,Everton,2,0,H,2,0,H,12,6,6,2,4,5,1,2,0,1,PL,22_21,7,13,1.6,1.8,2.8,1.4,-6,-1.1999999999999997,0.40000000000000013
2020-10-25,Juventus,Verona,1,1,D,0,0,D,16,5,8,2,6,3,1,4,0,0,SA,20_21,5,5,2.0,1.0,0.25,0.25,0,1.75,0.75
2020-10-25,Fiorentina,Udinese,3,2,H,2,1,H,4,11,3,6,2,7,1,3,0,0,SA,20_21,4,3,1.75,2.0,0.75,1.5,1,1.0,0.5
2020-10-25,Parma,Spezia,2,2,D,1,2,A,15,13,7,9,12,3,3,2,0,0,SA,20_21,3,4,1.0,2.25,1.25,2.25,-1,-0.25,0.0
2020-10-25,Benevento,Napoli,1,2,A,1,0,H,6,14,3,8,3,15,3,1,0,0,SA,20_21,6,9,2.0,3.0,4.0,0.33,-3,-2.0,2.67
2020-10-25,Cagliari,Crotone,4,2,H,3,2,H,15,11,8,6,5,1,2,4,0,1,SA,20_21,4,1,1.5,2.5,0.75,2.75,3,0.75,-0.25
2020-10-25,Sociedad,Huesca,4,1,H,1,0,H,13,6,6,4,4,5,2,1,0,0,LL,20_21,10,4,1.8,0.2,0.6,1.0,6,1.2000000000000002,-0.8
2020-10-25,Valladolid,Alaves,0,2,A,0,0,D,5,14,1,4,2,4,1,0,1,0,LL,20_21,2,4,0.8,1.6,0.6,1.4,-2,0.20000000000000007,0.20000000000000018
2020-10-25,Getafe,Granada,0,1,A,0,1,A,10,5,1,2,6,1,4,2,0,0,LL,20_21,10,10,1.0,0.6,1.4,1.6,0,-0.3999999999999999,-1.0
2020-10-25,Cadiz,Villarreal,0,0,D,0,0,D,5,7,0,2,0,5,2,2,0,0,LL,20_21,10,10,1.2,0.8,1.4,1.4,0,-0.19999999999999996,-0.5999999999999999
2020-10-25,Arsenal,Leicester,0,1,A,0,0,D,12,6,4,2,9,3,3,5,0,0,PL,22_21,9,9,1.6,1.2,2.4,1.6,0,-0.7999999999999998,-0.40000000000000013
2020-10-25,Wolves,Newcastle,1,1,D,0,0,D,16,5,3,2,2,3,0,1,0,0,PL,22_21,9,7,1.0,1.4,1.4,1.8,2,-0.3999999999999999,-0.40000000000000013
2020-10-26,Burnley,Tottenham,0,1,A,0,0,D,13,9,4,3,4,5,2,0,0,0,PL,22_21,1,8,0.75,2.0,3.0,1.6,-7,-2.25,0.3999999999999999
2020-10-26,Brighton,West Brom,1,1,D,1,0,H,5,9,3,3,6,2,2,0,0,0,PL,22_21,4,2,1.8,2.2,1.0,2.6,2,0.8,-0.3999999999999999
2020-10-26,Milan,Roma,3,3,D,1,1,D,13,11,11,9,7,7,3,2,0,0,SA,20_21,12,8,2.25,0.25,2.0,1.0,4,0.25,-0.75
2020-10-26,Levante,Celta,1,1,D,0,0,D,10,10,3,3,3,2,2,2,0,0,LL,20_21,3,4,1.0,2.0,0.6,1.8,-1,0.4,0.19999999999999996
2020-10-30,Eibar,Cadiz,0,2,A,0,2,A,9,6,3,4,7,2,1,1,0,0,LL,20_21,7,8,0.8,0.8,0.8,0.8,-1,0.0,0.0
2020-10-30,Wolves,Crystal Palace,2,0,H,2,0,H,15,11,5,2,7,6,0,2,0,1,PL,22_21,7,7,0.8,1.6,1.4,1.8,0,-0.5999999999999999,-0.19999999999999996
2020-10-31,Liverpool,West Ham,2,1,H,1,1,D,9,4,5,3,1,2,0,1,0,0,PL,22_21,10,8,2.2,2.2,2.4,1.2,2,-0.19999999999999973,1.0000000000000002
2020-10-31,Sheffield United,Man City,0,1,A,0,1,A,5,16,1,8,2,5,0,0,0,0,PL,22_21,1,8,0.6,1.4,1.6,1.6,-7,-1.0,-0.20000000000000018
2020-10-31,Crotone,Atalanta,1,2,A,1,2,A,4,16,2,7,1,3,1,3,0,0,SA,20_21,1,9,1.0,3.0,3.0,2.4,-8,-2.0,0.6000000000000001
2020-10-31,Inter,Parma,2,2,D,0,0,D,18,4,9,3,15,2,1,1,0,0,SA,20_21,10,4,2.6,1.6,1.2,2.2,6,1.4000000000000001,-0.6000000000000001
2020-10-31,Burnley,Chelsea,0,3,A,0,1,A,5,14,0,9,3,4,1,0,0,0,PL,22_21,1,6,0.6,1.8,2.0,1.6,-5,-1.4,0.19999999999999996
2020-10-31,Bologna,Cagliari,3,2,H,1,1,D,16,6,11,4,7,3,3,3,0,0,SA,20_21,3,7,1.6,2.0,2.0,2.4,-4,-0.3999999999999999,-0.3999999999999999
2020-10-31,Real Madrid,Huesca,4,1,H,2,0,H,13,9,6,2,6,3,0,2,0,0,LL,20_21,12,4,1.8,0.8,0.8,1.4,8,1.0,-0.5999999999999999
2020-10-31,Ath Bilbao,Sevilla,2,1,H,0,1,A,16,7,5,3,6,1,5,5,0,0,LL,20_21,6,7,0.8,0.8,1.0,0.8,-1,-0.19999999999999996,0.0
2020-10-31,Osasuna,Ath Madrid,1,3,A,0,1,A,8,11,3,6,3,2,1,2,0,0,LL,20_21,7,11,0.8,0.8,2.0,0.2,-4,-1.2,0.6000000000000001
2020-10-31,Alaves,Barcelona,1,1,D,1,0,H,4,25,3,9,2,14,4,3,1,0,LL,20_21,7,7,0.8,1.0,1.8,1.0,0,-1.0,0.0
2020-11-01,Spezia,Juventus,1,4,A,1,1,D,11,8,3,5,4,3,3,1,0,0,SA,20_21,5,6,1.4,2.2,1.75,1.0,-1,-0.3500000000000001,1.2000000000000002
2020-11-01,Sampdoria,Genoa,1,1,D,1,1,D,9,7,3,4,7,4,5,1,0,0,SA,20_21,9,4,2.0,1.6,1.0,2.25,5,1.0,-0.6499999999999999
2020-11-01,Roma,Fiorentina,2,0,H,1,0,H,11,3,7,1,7,4,3,2,0,1,SA,20_21,9,7,2.2,1.4,2.0,2.0,2,0.20000000000000018,-0.6000000000000001
2020-11-01,Napoli,Sassuolo,0,2,A,0,0,D,18,8,7,5,12,3,2,2,0,0,SA,20_21,12,11,3.5,0.5,3.2,1.8,1,0.2999999999999998,-1.3
2020-11-01,Torino,Lazio,3,4,A,2,1,H,8,9,6,5,7,1,2,4,0,0,SA,20_21,1,7,1.75,2.75,1.2,1.8,-6,0.55,0.95
2020-11-01,Udinese,Milan,1,2,A,0,1,A,7,8,3,4,2,4,2,2,0,0,SA,20_21,3,13,1.0,1.8,2.4,0.8,-10,-1.4,1.0
2020-11-01,Man United,Arsenal,0,1,A,0,0,D,8,7,2,2,6,3,3,3,0,0,PL,22_21,7,6,1.8,2.4,1.0,1.4,1,0.8,1.0
2020-11-01,Newcastle,Everton,2,1,H,0,0,D,11,15,4,4,5,4,2,4,0,0,PL,22_21,5,10,1.2,2.0,2.6,1.8,-5,-1.4000000000000001,0.19999999999999996
2020-11-01,Aston Villa,Southampton,3,4,A,0,3,A,19,9,10,4,11,1,1,2,0,0,PL,22_21,12,10,2.4,1.0,2.0,1.6,2,0.3999999999999999,-0.6000000000000001
2020-11-01,Tottenham,Brighton,2,1,H,1,0,H,9,6,3,2,4,5,2,1,0,0,PL,22_21,11,5,3.2,1.4,1.8,1.8,6,1.4000000000000001,-0.40000000000000013
2020-11-01,Celta,Sociedad,1,4,A,0,2,A,9,9,2,7,2,3,2,5,1,0,LL,20_21,2,12,0.4,1.8,2.6,0.4,-10,-2.2,1.4
2020-11-01,Granada,Levante,1,1,D,1,1,D,5,19,2,4,2,8,2,3,1,0,LL,20_21,10,4,1.2,1.6,0.8,1.4,6,0.3999999999999999,0.20000000000000018
2020-11-01,Valencia,Getafe,2,2,D,1,0,H,11,16,5,5,0,3,8,5,1,1,LL,20_21,4,7,0.8,1.4,0.8,0.8,-3,0.0,0.5999999999999999
2020-11-01,Betis,Elche,3,1,H,2,0,H,17,4,10,2,1,1,2,1,0,0,LL,20_21,3,10,0.8,2.2,1.0,0.8,-7,-0.19999999999999996,1.4000000000000001
2020-11-02,Villarreal,Valladolid,2,0,H,2,0,H,11,11,5,1,6,4,1,3,0,0,LL,20_21,8,2,1.0,1.2,0.8,1.6,6,0.19999999999999996,-0.40000000000000013
2020-11-02,Fulham,West Brom,2,0,H,2,0,H,13,10,6,1,5,2,3,2,0,0,PL,22_21,1,3,1.0,2.2,1.2,2.2,-2,-0.19999999999999996,0.0
2020-11-02,Leeds,Leicester,1,4,A,0,2,A,11,10,4,8,10,3,1,1,0,0,PL,22_21,10,9,1.8,1.0,2.0,1.6,1,-0.19999999999999996,-0.6000000000000001
2020-11-02,Verona,Benevento,3,1,H,1,0,H,10,10,7,5,4,5,5,4,0,1,SA,20_21,6,6,0.4,0.4,1.8,2.8,0,-1.4,-2.4
2020-11-04,Genoa,Torino,1,2,A,0,2,A,9,6,4,1,5,2,2,4,0,0,SA,20_21,5,1,1.0,2.0,2.0,3.0,4,-1.0,-1.0
2020-11-06,Sassuolo,Udinese,0,0,D,0,0,D,3,0,1,0,3,6,2,2,0,0,SA,20_21,13,3,3.4,1.6,1.2,2.0,10,2.2,-0.3999999999999999
2020-11-06,Brighton,Burnley,0,0,D,0,0,D,19,4,3,1,5,3,1,0,0,0,PL,22_21,2,1,1.4,2.2,0.2,1.6,1,1.2,0.6000000000000001
2020-11-06,Southampton,Newcastle,2,0,H,1,0,H,15,4,8,2,8,3,1,2,0,0,PL,22_21,13,8,2.4,1.2,1.6,1.6,5,0.7999999999999998,-0.40000000000000013
2020-11-06,Elche,Celta,1,1,D,1,1,D,8,14,1,6,3,3,3,4,0,0,LL,20_21,10,1,1.2,0.8,0.4,2.4,9,0.7999999999999999,-1.5999999999999999
2020-11-07,Ath Madrid,Cadiz,4,0,H,2,0,H,17,10,7,3,2,7,1,1,0,0,LL,20_21,11,11,1.4,0.2,1.0,0.2,0,0.3999999999999999,0.0
2020-11-07,Sevilla,Osasuna,1,0,H,0,0,D,9,10,1,2,3,0,2,3,0,0,LL,20_21,4,7,0.6,1.0,1.0,1.2,-3,-0.4,-0.19999999999999996
2020-11-07,Chelsea,Sheffield United,4,1,H,2,1,H,20,6,9,3,6,7,0,2,0,0,PL,22_21,9,1,2.6,1.2,0.6,1.4,8,2.0,-0.19999999999999996
2020-11-07,Huesca,Eibar,1,1,D,0,1,A,14,8,6,3,4,3,2,0,0,0,LL,20_21,3,7,0.8,2.0,0.6,0.8,-4,0.20000000000000007,1.2
2020-11-07,West Ham,Fulham,1,0,H,0,0,D,16,13,7,3,9,5,2,2,0,0,PL,22_21,8,4,2.4,1.2,0.8,1.4,4,1.5999999999999999,-0.19999999999999996
2020-11-07,Crystal Palace,Leeds,4,1,H,3,1,H,10,9,6,3,3,6,0,2,0,0,PL,22_21,4,7,0.8,2.0,1.2,1.2,-3,-0.3999999999999999,0.8
2020-11-07,Everton,Man United,1,3,A,1,2,A,7,13,1,5,5,2,4,2,0,0,PL,22_21,7,7,1.8,1.8,1.6,2.0,0,0.19999999999999996,-0.19999999999999996
2020-11-07,Cagliari,Sampdoria,2,0,H,0,0,D,13,5,7,1,2,6,0,2,0,1,SA,20_21,6,10,2.2,2.8,2.2,1.2,-4,0.0,1.5999999999999999
2020-11-07,Barcelona,Betis,5,2,H,1,1,D,18,12,9,6,9,5,2,2,0,1,LL,20_21,5,6,1.2,1.2,1.0,1.8,-1,0.19999999999999996,-0.6000000000000001
2020-11-07,Benevento,Spezia,0,3,A,0,1,A,4,13,3,7,2,4,3,3,0,0,SA,20_21,3,5,1.4,3.0,1.4,2.2,-2,0.0,0.7999999999999998
2020-11-07,Parma,Fiorentina,0,0,D,0,0,D,5,6,0,4,2,3,1,2,0,0,SA,20_21,5,4,1.6,2.2,1.8,2.4,1,-0.19999999999999996,-0.19999999999999973
2020-11-08,Milan,Verona,2,2,D,1,2,A,21,5,9,3,14,1,1,3,0,0,SA,20_21,13,8,2.4,1.0,1.0,0.6,5,1.4,0.4
2020-11-08,Arsenal,Aston Villa,0,3,A,0,1,A,13,15,2,6,3,8,0,0,0,0,PL,22_21,6,9,0.8,1.2,2.8,1.8,-3,-1.9999999999999998,-0.6000000000000001
2020-11-08,Man City,Liverpool,1,1,D,1,1,D,7,10,2,3,1,2,3,1,0,0,PL,22_21,8,10,1.2,1.4,2.2,2.4,-2,-1.0000000000000002,-1.0
2020-11-08,Leicester,Wolves,1,0,H,1,0,H,10,7,3,2,6,3,2,3,0,0,PL,22_21,9,10,2.0,1.4,1.0,1.0,-1,1.0,0.3999999999999999
2020-11-08,West Brom,Tottenham,0,1,A,0,0,D,12,19,2,5,9,6,1,0,0,0,PL,22_21,3,11,0.8,1.6,2.6,1.2,-8,-1.8,0.40000000000000013
2020-11-08,Valencia,Real Madrid,4,1,H,2,1,H,7,16,4,6,1,8,3,2,0,0,LL,20_21,4,12,1.0,1.6,2.0,0.6,-8,-1.0,1.0
2020-11-08,Valladolid,Ath Bilbao,2,1,H,1,0,H,7,17,4,2,2,11,4,2,0,0,LL,20_21,1,6,0.6,1.8,0.8,0.8,-5,-0.20000000000000007,1.0
2020-11-08,Levante,Alaves,1,1,D,0,1,A,18,6,5,2,12,1,1,6,0,1,LL,20_21,2,7,0.4,1.4,1.0,1.2,-5,-0.6,0.19999999999999996
2020-11-08,Sociedad,Granada,2,0,H,2,0,H,22,2,9,1,15,0,2,1,1,0,LL,20_21,12,8,2.8,0.6,1.0,1.6,4,1.7999999999999998,-1.0
2020-11-08,Getafe,Villarreal,1,3,A,1,2,A,13,9,5,5,3,3,3,4,0,0,LL,20_21,7,11,1.2,1.2,1.4,0.4,-4,-0.19999999999999996,0.7999999999999999
2020-11-08,Lazio,Juventus,1,1,D,0,1,A,7,9,3,6,4,2,2,2,0,0,SA,20_21,7,9,1.6,2.4,2.2,1.0,-2,-0.6000000000000001,1.4
2020-11-08,Atalanta,Inter,1,1,D,0,0,D,9,10,4,3,2,5,1,3,0,0,SA,20_21,9,8,2.6,2.2,2.2,1.4,1,0.3999999999999999,0.8000000000000003
2020-11-08,Genoa,Roma,1,3,A,0,1,A,7,18,5,11,1,8,1,0,0,0,SA,20_21,2,11,0.4,2.2,2.6,1.4,-9,-2.2,0.8000000000000003
2020-11-08,Torino,Crotone,0,0,D,0,0,D,5,7,1,2,6,3,3,4,0,1,SA,20_21,4,1,2.4,3.0,1.0,2.6,3,1.4,0.3999999999999999
2020-11-08,Bologna,Napoli,0,1,A,0,1,A,6,8,4,4,4,7,3,0,0,0,SA,20_21,6,12,2.2,2.0,2.8,0.8,-6,-0.5999999999999996,1.2
2020-11-20,Osasuna,Huesca,1,1,D,0,1,A,18,6,7,5,4,3,2,3,0,0,LL,20_21,7,3,0.8,0.8,1.0,2.2,4,-0.19999999999999996,-1.4000000000000001
2020-11-21,Crotone,Lazio,0,2,A,0,1,A,12,13,6,9,2,6,3,4,0,0,SA,20_21,2,8,1.0,2.2,1.6,1.8,-6,-0.6000000000000001,0.40000000000000013
2020-11-21,Newcastle,Chelsea,0,2,A,0,1,A,8,14,1,3,7,4,2,0,0,0,PL,22_21,7,11,1.4,1.8,2.8,0.8,-4,-1.4,1.0
2020-11-21,Levante,Elche,1,1,D,1,0,H,13,11,5,5,5,4,1,4,0,0,LL,20_21,3,8,0.6,1.4,1.2,1.0,-5,-0.6,0.3999999999999999
2020-11-21,Man United,West Brom,1,0,H,0,0,D,17,7,7,2,8,2,1,1,0,0,PL,22_21,7,2,1.6,1.8,0.2,1.2,5,1.4000000000000001,0.6000000000000001
2020-11-21,Villarreal,Real Madrid,1,1,D,0,1,A,13,6,1,1,4,2,1,2,0,0,LL,20_21,11,9,1.4,0.4,2.0,1.4,2,-0.6000000000000001,-0.9999999999999999
2020-11-21,Sevilla,Celta,4,2,H,2,2,D,15,10,10,7,3,2,2,2,0,0,LL,20_21,4,2,0.6,1.0,0.6,2.0,2,0.0,-1.0
2020-11-21,Ath Madrid,Barcelona,1,0,H,1,0,H,9,13,2,4,8,8,4,0,0,0,LL,20_21,13,5,2.2,0.2,1.6,1.6,8,0.6000000000000001,-1.4000000000000001
2020-11-21,Juventus,Cagliari,2,0,H,2,0,H,13,2,8,0,9,1,3,2,0,0,SA,20_21,7,9,1.8,1.2,2.6,2.4,-2,-0.8,-1.2
2020-11-21,Spezia,Atalanta,0,0,D,0,0,D,6,9,3,5,1,2,3,3,0,0,SA,20_21,5,7,1.6,2.2,2.0,2.2,-2,-0.3999999999999999,0.0
2020-11-21,Tottenham,Man City,2,0,H,1,0,H,4,22,2,5,0,10,2,2,0,0,PL,22_21,13,9,2.6,1.0,1.0,0.6,4,1.6,0.4
2020-11-21,Aston Villa,Brighton,1,2,A,0,1,A,15,7,4,3,12,3,2,1,0,1,PL,22_21,9,3,2.8,1.8,1.0,1.6,6,1.7999999999999998,0.19999999999999996
2020-11-22,Eibar,Getafe,0,0,D,0,0,D,15,8,5,3,3,4,3,4,1,0,LL,20_21,8,4,0.8,0.8,0.8,1.8,4,0.0,-1.0
2020-11-22,Cadiz,Sociedad,0,1,A,0,0,D,2,14,0,4,1,6,2,1,0,0,LL,20_21,8,15,0.8,1.0,3.2,0.4,-7,-2.4000000000000004,0.6
2020-11-22,Granada,Valladolid,1,3,A,0,1,A,16,9,6,3,5,3,4,3,0,0,LL,20_21,8,4,0.8,0.8,1.0,1.8,4,-0.19999999999999996,-1.0
2020-11-22,Alaves,Valencia,2,2,D,2,0,H,13,13,3,5,4,5,1,1,0,0,LL,20_21,8,4,1.0,0.8,1.6,1.8,4,-0.6000000000000001,-1.0
2020-11-22,Leeds,Arsenal,0,0,D,0,0,D,25,9,4,2,5,3,3,0,0,1,PL,22_21,4,6,1.2,2.0,0.6,1.2,-2,0.6,0.8
2020-11-22,Sheffield United,West Ham,0,1,A,0,0,D,9,15,5,3,2,6,0,0,0,0,PL,22_21,1,8,0.8,2.0,1.8,1.2,-7,-1.0,0.8
2020-11-22,Liverpool,Leicester,3,0,H,2,0,H,24,11,13,4,10,3,0,2,0,0,PL,22_21,8,9,1.8,2.4,1.2,1.0,-1,0.6000000000000001,1.4
2020-11-22,Roma,Parma,3,0,H,3,0,H,12,1,7,1,4,1,0,0,0,0,SA,20_21,13,6,2.8,1.2,1.4,1.4,7,1.4,-0.19999999999999996
2020-11-22,Verona,Sassuolo,0,2,A,0,1,A,13,10,7,5,6,1,1,3,0,0,SA,20_21,6,11,1.2,1.0,2.6,1.4,-5,-1.4000000000000001,-0.3999999999999999
2020-11-22,Udinese,Genoa,1,0,H,1,0,H,7,5,4,1,4,8,2,3,0,1,SA,20_21,4,2,1.2,1.6,0.6,1.6,2,0.6,0.0
2020-11-22,Napoli,Milan,1,3,A,0,1,A,16,11,9,7,8,5,3,4,1,0,SA,20_21,12,11,2.6,0.8,2.4,1.4,1,0.20000000000000018,-0.5999999999999999
2020-11-22,Inter,Torino,4,2,H,0,1,A,9,11,7,6,1,1,3,2,0,0,SA,20_21,6,5,1.4,1.2,2.0,2.2,1,-0.6000000000000001,-1.0000000000000002
2020-11-22,Fulham,Everton,2,3,A,1,3,A,14,9,6,7,2,5,2,0,0,0,PL,22_21,4,4,0.8,1.0,1.6,2.2,0,-0.8,-1.2000000000000002
2020-11-22,Fiorentina,Benevento,0,1,A,0,0,D,5,10,3,4,4,4,2,3,0,0,SA,20_21,5,3,1.2,1.6,1.0,2.6,2,0.19999999999999996,-1.0
2020-11-22,Sampdoria,Bologna,1,2,A,1,1,D,8,7,4,5,9,10,2,2,0,0,SA,20_21,10,3,1.8,1.0,1.4,2.0,7,0.40000000000000013,-1.0
2020-11-23,Burnley,Crystal Palace,1,0,H,1,0,H,10,15,4,5,4,7,2,0,0,0,PL,22_21,2,7,0.2,1.4,1.4,1.8,-5,-1.2,-0.40000000000000013
2020-11-23,Wolves,Southampton,1,1,D,0,0,D,20,7,9,2,7,4,2,0,0,0,PL,22_21,10,13,1.0,0.4,2.6,1.2,-3,-1.6,-0.7999999999999999
2020-11-23,Ath Bilbao,Betis,4,0,H,2,0,H,14,7,9,1,6,3,0,0,0,0,LL,20_21,6,6,1.0,1.0,1.4,2.2,0,-0.3999999999999999,-1.2000000000000002
2020-11-27,Crystal Palace,Newcastle,0,2,A,0,0,D,12,14,3,7,7,3,2,2,0,0,PL,22_21,7,4,1.4,1.2,0.8,2.0,3,0.5999999999999999,-0.8
2020-11-27,Valladolid,Levante,1,1,D,0,0,D,10,10,4,3,3,11,0,3,0,0,LL,20_21,7,4,1.4,1.6,0.8,1.2,3,0.5999999999999999,0.40000000000000013
2020-11-28,Sassuolo,Inter,0,3,A,0,2,A,7,9,3,4,6,2,3,1,0,0,SA,20_21,11,8,2.2,1.2,2.0,1.4,3,0.20000000000000018,-0.19999999999999996
2020-11-28,Atalanta,Verona,0,2,A,0,0,D,15,7,6,3,4,1,2,3,0,0,SA,20_21,5,6,1.0,1.8,1.2,1.2,-1,-0.19999999999999996,0.6000000000000001
2020-11-28,Benevento,Juventus,1,1,D,1,1,D,8,11,5,5,5,8,6,1,0,1,SA,20_21,3,9,1.0,2.6,1.8,0.8,-6,-0.8,1.8
2020-11-28,Huesca,Sevilla,0,1,A,0,0,D,5,16,1,4,1,10,4,3,0,0,LL,20_21,3,6,1.2,2.4,1.2,1.2,-3,0.0,1.2
2020-11-28,Real Madrid,Alaves,1,2,A,0,1,A,20,11,9,6,12,9,2,3,0,0,LL,20_21,7,6,1.8,1.6,1.2,1.2,1,0.6000000000000001,0.40000000000000013
2020-11-28,West Brom,Sheffield United,1,0,H,1,0,H,17,21,6,5,14,9,2,3,0,0,PL,22_21,2,1,0.2,1.0,0.6,1.8,1,-0.39999999999999997,-0.8
2020-11-28,Everton,Leeds,0,1,A,0,0,D,15,23,8,7,4,2,1,2,0,0,PL,22_21,4,4,1.4,2.2,1.0,1.8,0,0.3999999999999999,0.40000000000000013
2020-11-28,Man City,Burnley,5,0,H,3,0,H,19,9,6,1,6,4,0,0,0,0,PL,22_21,8,5,0.8,0.8,0.2,0.8,3,0.6000000000000001,0.0
2020-11-28,Brighton,Liverpool,1,1,D,0,0,D,11,6,3,2,4,3,2,1,0,0,PL,22_21,6,11,1.0,1.0,2.0,1.0,-5,-1.0,0.0
2020-11-28,Elche,Cadiz,1,1,D,1,0,H,4,7,3,2,1,9,6,2,1,0,LL,20_21,8,7,1.4,1.2,0.6,1.0,1,0.7999999999999999,0.19999999999999996
2020-11-28,Valencia,Ath Madrid,0,1,A,0,0,D,5,14,2,6,2,7,2,5,0,0,LL,20_21,5,15,2.0,1.8,2.4,0.2,-10,-0.3999999999999999,1.6
2020-11-29,Barcelona,Osasuna,4,0,H,2,0,H,20,10,11,5,5,3,1,0,0,0,LL,20_21,4,5,1.4,1.6,0.6,1.0,-1,0.7999999999999999,0.6000000000000001
2020-11-29,Getafe,Ath Bilbao,1,1,D,0,1,A,11,5,3,2,3,2,2,4,0,0,LL,20_21,5,9,0.8,1.2,1.8,0.8,-4,-1.0,0.3999999999999999
2020-11-29,Napoli,Roma,4,0,H,1,0,H,13,4,9,1,11,4,1,2,0,0,SA,20_21,9,13,1.6,1.4,3.2,1.2,-4,-1.6,0.19999999999999996
2020-11-29,Lazio,Udinese,1,3,A,0,2,A,8,6,6,4,4,4,3,4,0,0,SA,20_21,10,7,1.8,1.6,1.4,1.4,3,0.40000000000000013,0.20000000000000018
2020-11-29,Bologna,Crotone,1,0,H,1,0,H,11,5,7,1,10,3,2,4,0,0,SA,20_21,6,2,1.8,2.0,0.8,1.8,4,1.0,0.19999999999999996
2020-11-29,Milan,Fiorentina,2,0,H,2,0,H,11,5,5,3,3,6,2,4,0,0,SA,20_21,11,5,2.4,1.6,1.0,1.4,6,1.4,0.20000000000000018
2020-11-29,Arsenal,Wolves,1,2,A,1,2,A,13,11,2,5,8,4,3,4,0,0,PL,22_21,4,8,0.2,1.0,1.0,0.6,-4,-0.8,0.4
2020-11-29,Chelsea,Tottenham,0,0,D,0,0,D,13,5,3,1,3,3,4,2,0,0,PL,22_21,11,13,2.4,0.8,1.8,0.8,-2,0.5999999999999999,0.0
2020-11-29,Southampton,Man United,2,3,A,2,0,H,10,15,5,6,5,9,1,0,0,0,PL,22_21,11,10,2.4,1.4,1.6,0.6,1,0.7999999999999998,0.7999999999999999
2020-11-29,Cagliari,Spezia,2,2,D,0,1,A,9,12,4,5,4,5,0,4,0,0,SA,20_21,9,6,2.2,1.8,1.6,1.6,3,0.6000000000000001,0.19999999999999996
2020-11-29,Celta,Granada,3,1,H,1,1,D,17,9,8,2,8,0,4,3,1,0,LL,20_21,2,7,1.0,2.4,0.8,1.2,-5,0.19999999999999996,1.2
2020-11-29,Sociedad,Villarreal,1,1,D,1,1,D,8,10,4,2,4,4,5,3,0,0,LL,20_21,15,11,2.8,0.4,1.6,0.6,4,1.1999999999999997,-0.19999999999999996
2020-11-30,West Ham,Aston Villa,2,1,H,1,1,D,6,16,2,6,3,7,1,1,0,0,PL,22_21,8,6,1.4,1.2,1.6,1.8,2,-0.20000000000000018,-0.6000000000000001
2020-11-30,Leicester,Fulham,1,2,A,0,2,A,16,10,3,5,6,5,0,2,0,0,PL,22_21,9,4,1.2,1.0,1.2,1.4,5,0.0,-0.3999999999999999
2020-11-30,Betis,Eibar,0,2,A,0,0,D,7,11,3,6,6,2,2,1,0,0,LL,20_21,3,6,1.0,3.0,0.4,0.6,-3,0.6,2.4
2020-11-30,Torino,Sampdoria,2,2,D,1,0,H,11,7,8,2,6,2,1,2,0,0,SA,20_21,5,7,2.0,2.4,1.6,1.2,-2,0.3999999999999999,1.2
2020-11-30,Genoa,Parma,1,2,A,0,1,A,12,7,5,3,2,2,2,2,0,0,SA,20_21,1,3,0.6,1.8,1.2,2.0,-2,-0.6,-0.19999999999999996
2020-12-04,Ath Bilbao,Celta,0,2,A,0,0,D,10,6,0,4,4,5,2,1,0,0,LL,20_21,7,5,1.6,1.0,1.6,2.2,2,0.0,-1.2000000000000002
2020-12-05,Inter,Bologna,3,1,H,2,0,H,11,9,9,7,7,3,1,2,0,0,SA,20_21,11,9,2.4,1.0,1.4,1.2,2,1.0,-0.19999999999999996
2020-12-05,Juventus,Torino,2,1,H,0,1,A,9,5,5,2,13,1,3,3,1,0,SA,20_21,9,5,1.8,0.8,1.8,2.2,4,0.0,-1.4000000000000001
2020-12-05,Spezia,Lazio,1,2,A,0,2,A,11,3,6,2,7,0,3,1,0,0,SA,20_21,6,10,1.6,1.6,2.0,1.6,-4,-0.3999999999999999,0.0
2020-12-05,Levante,Getafe,3,0,H,2,0,H,12,9,8,0,5,5,2,7,0,2,LL,20_21,5,3,1.0,1.0,0.8,1.4,2,0.19999999999999996,-0.3999999999999999
2020-12-05,Ath Madrid,Valladolid,2,0,H,0,0,D,15,13,4,3,4,4,4,2,0,0,LL,20_21,15,7,2.2,0.2,1.2,1.4,8,1.0000000000000002,-1.2
2020-12-05,Cadiz,Barcelona,2,1,H,1,0,H,7,21,3,8,5,13,0,2,0,0,LL,20_21,5,7,0.6,1.2,2.2,1.4,-2,-1.6,-0.19999999999999996
2020-12-05,Sevilla,Real Madrid,0,1,A,0,0,D,12,10,2,3,4,3,1,3,0,0,LL,20_21,9,7,1.4,1.0,2.0,1.8,2,-0.6000000000000001,-0.8
2020-12-05,Chelsea,Leeds,3,1,H,1,1,D,23,8,11,3,8,4,0,2,0,0,PL,22_21,11,7,1.8,0.2,1.2,1.6,4,0.6000000000000001,-1.4000000000000001
2020-12-05,West Ham,Man United,1,3,A,1,0,H,19,15,6,6,5,4,0,0,0,0,PL,22_21,10,10,1.2,0.8,1.4,0.8,0,-0.19999999999999996,0.0
2020-12-05,Man City,Fulham,2,0,H,2,0,H,16,6,6,1,9,3,0,0,0,0,PL,22_21,8,6,1.6,0.8,1.4,1.4,2,0.20000000000000018,-0.5999999999999999
2020-12-05,Burnley,Everton,1,1,D,1,1,D,8,13,3,6,8,4,0,0,0,0,PL,22_21,4,3,0.2,1.8,1.0,2.0,1,-0.8,-0.19999999999999996
2020-12-06,Granada,Huesca,3,3,D,1,1,D,15,16,6,7,4,2,2,0,0,0,LL,20_21,4,2,0.8,1.8,0.8,2.2,2,0.0,-0.40000000000000013
2020-12-06,Liverpool,Wolves,4,0,H,1,0,H,11,9,6,3,4,6,1,1,0,0,PL,22_21,11,8,1.8,0.8,1.2,0.8,3,0.6000000000000001,0.0
2020-12-06,Tottenham,Arsenal,2,0,H,2,0,H,6,11,3,2,3,9,1,2,0,0,PL,22_21,13,4,1.2,0.2,0.4,1.2,9,0.7999999999999999,-1.0
2020-12-06,Sheffield United,Leicester,1,2,A,1,1,D,4,13,1,4,6,5,1,3,0,0,PL,22_21,0,9,0.4,1.8,1.4,1.2,-9,-0.9999999999999999,0.6000000000000001
2020-12-06,Roma,Sassuolo,0,0,D,0,0,D,14,7,5,2,12,5,5,3,1,0,SA,20_21,10,8,2.2,1.6,1.4,1.2,2,0.8000000000000003,0.40000000000000013
2020-12-06,West Brom,Crystal Palace,1,5,A,1,1,D,9,18,4,6,4,6,2,2,1,0,PL,22_21,4,6,0.4,1.0,1.2,1.4,-2,-0.7999999999999999,-0.3999999999999999
2020-12-06,Crotone,Napoli,0,4,A,0,1,A,4,11,1,6,4,1,3,3,1,0,SA,20_21,1,9,0.6,1.8,1.6,1.2,-8,-1.0,0.6000000000000001
2020-12-06,Sampdoria,Milan,1,2,A,0,1,A,6,9,3,6,9,6,2,1,0,0,SA,20_21,5,11,1.4,1.6,2.4,1.4,-6,-1.0,0.20000000000000018
2020-12-06,Osasuna,Betis,0,2,A,0,0,D,10,12,0,5,2,5,3,2,0,0,LL,20_21,4,3,0.6,1.8,1.0,2.8,1,-0.4,-0.9999999999999998
2020-12-06,Alaves,Sociedad,0,0,D,0,0,D,5,13,1,5,2,3,1,0,1,0,LL,20_21,9,13,1.6,1.0,2.4,0.6,-4,-0.7999999999999998,0.4
2020-12-06,Villarreal,Elche,0,0,D,0,0,D,12,3,3,0,4,0,3,2,0,0,LL,20_21,9,6,1.4,0.6,1.2,1.4,3,0.19999999999999996,-0.7999999999999999
2020-12-06,Verona,Cagliari,1,1,D,1,0,H,12,9,6,5,7,5,2,0,0,0,SA,20_21,8,7,1.6,1.2,2.0,1.8,1,-0.3999999999999999,-0.6000000000000001
2020-12-06,Parma,Benevento,0,0,D,0,0,D,6,6,0,4,6,3,4,4,0,0,SA,20_21,6,4,1.2,1.6,0.8,1.8,2,0.3999999999999999,-0.19999999999999996
2020-12-07,Brighton,Southampton,1,2,A,1,1,D,12,10,4,3,4,3,3,3,0,0,PL,22_21,6,10,1.0,1.0,2.2,1.4,-4,-1.2000000000000002,-0.3999999999999999
2020-12-07,Fiorentina,Genoa,1,1,D,0,0,D,16,3,8,3,5,1,2,2,0,0,SA,20_21,4,1,0.6,1.4,0.8,1.8,3,-0.20000000000000007,-0.40000000000000013
2020-12-07,Eibar,Valencia,0,0,D,0,0,D,19,6,3,4,8,0,3,2,0,0,LL,20_21,8,5,0.8,0.6,1.8,1.6,3,-1.0,-1.0
2020-12-11,Sassuolo,Benevento,1,0,H,1,0,H,4,17,2,7,1,10,2,4,1,0,SA,20_21,8,5,0.8,0.6,0.6,1.4,3,0.20000000000000007,-0.7999999999999999
2020-12-11,Valladolid,Osasuna,3,2,H,1,2,A,11,13,6,6,3,3,4,5,0,0,LL,20_21,7,1,1.2,1.4,0.4,2.2,6,0.7999999999999999,-0.8000000000000003
2020-12-11,Leeds,West Ham,1,2,A,1,1,D,13,19,7,8,5,6,1,2,0,0,PL,22_21,4,9,0.8,2.2,1.2,1.2,-5,-0.3999999999999999,1.0000000000000002
2020-12-12,Newcastle,West Brom,2,1,H,1,0,H,12,13,7,3,4,3,2,3,0,0,PL,22_21,7,3,1.0,1.2,0.4,1.8,4,0.6,-0.6000000000000001
2020-12-12,Man United,Man City,0,0,D,0,0,D,11,9,2,2,4,3,1,1,0,0,PL,22_21,12,10,2.0,1.0,1.8,0.6,2,0.19999999999999996,0.4
2020-12-12,Everton,Chelsea,1,0,H,1,0,H,9,10,4,3,6,6,2,3,0,0,PL,22_21,4,13,1.2,1.8,2.4,0.4,-9,-1.2,1.4
2020-12-12,Valencia,Ath Bilbao,2,2,D,1,0,H,11,13,2,5,0,10,2,6,0,0,LL,20_21,6,7,1.6,1.2,1.6,1.2,-1,0.0,0.0
2020-12-12,Getafe,Sevilla,0,1,A,0,0,D,8,8,2,0,5,3,2,3,0,0,LL,20_21,3,9,0.8,1.8,1.4,1.0,-6,-0.5999999999999999,0.8
2020-12-12,Huesca,Alaves,1,0,H,0,0,D,11,3,3,1,5,2,1,4,0,0,LL,20_21,3,7,1.2,2.0,1.2,1.0,-4,0.0,1.0
2020-12-12,Real Madrid,Ath Madrid,2,0,H,1,0,H,11,5,3,1,3,6,1,3,0,0,LL,20_21,7,15,1.6,1.6,2.2,0.2,-8,-0.6000000000000001,1.4000000000000001
2020-12-12,Lazio,Verona,1,2,A,0,1,A,8,3,5,3,5,3,5,3,0,0,SA,20_21,10,8,2.0,1.6,1.6,1.2,2,0.3999999999999999,0.40000000000000013
2020-12-12,Torino,Udinese,2,3,A,0,1,A,6,5,5,3,2,2,3,3,0,0,SA,20_21,5,7,1.4,1.8,1.4,1.2,-2,0.0,0.6000000000000001
2020-12-12,Crotone,Spezia,4,1,H,1,1,D,7,9,7,5,1,4,3,3,0,0,SA,20_21,1,5,0.2,1.8,1.4,1.6,-4,-1.2,0.19999999999999996
2020-12-12,Wolves,Aston Villa,0,1,A,0,0,D,16,13,7,2,5,8,2,5,0,0,PL,22_21,7,3,1.0,1.4,1.6,2.2,4,-0.6000000000000001,-0.8000000000000003
2020-12-13,Sociedad,Eibar,1,1,D,1,0,H,8,16,2,4,5,4,4,3,0,0,LL,20_21,11,6,1.6,0.4,0.6,0.6,5,1.0,-0.19999999999999996
2020-12-13,Atalanta,Fiorentina,3,0,H,1,0,H,14,3,10,2,11,2,1,2,0,0,SA,20_21,5,2,0.8,1.4,0.2,1.2,3,0.6000000000000001,0.19999999999999996
2020-12-13,Southampton,Sheffield United,3,0,H,1,0,H,16,3,6,0,8,4,0,1,0,0,PL,22_21,10,0,2.2,1.6,0.4,1.8,10,1.8000000000000003,-0.19999999999999996
2020-12-13,Crystal Palace,Tottenham,1,1,D,0,1,A,16,14,5,6,4,7,1,1,0,0,PL,22_21,6,13,1.8,1.4,1.4,0.2,-7,0.40000000000000013,1.2
2020-12-13,Fulham,Liverpool,1,1,D,1,0,H,10,12,5,6,6,8,3,1,0,0,PL,22_21,6,11,1.2,1.4,2.2,0.6,-5,-1.0000000000000002,0.7999999999999999
2020-12-13,Arsenal,Burnley,0,1,A,0,0,D,18,10,6,2,13,4,2,1,1,0,PL,22_21,4,5,0.4,1.4,0.4,1.8,-1,0.0,-0.40000000000000013
2020-12-13,Leicester,Brighton,3,0,H,3,0,H,15,12,6,4,9,5,2,1,0,0,PL,22_21,9,5,1.6,1.4,1.0,1.2,4,0.6000000000000001,0.19999999999999996
2020-12-13,Bologna,Roma,1,5,A,1,5,A,4,13,1,8,1,5,4,2,0,0,SA,20_21,9,10,1.4,1.4,1.6,1.0,-1,-0.20000000000000018,0.3999999999999999
2020-12-13,Napoli,Sampdoria,2,1,H,0,1,A,13,4,8,3,7,5,3,4,0,0,SA,20_21,9,2,2.0,1.0,1.0,1.8,7,1.0,-0.8
2020-12-13,Cagliari,Inter,1,3,A,1,0,H,7,20,2,11,3,9,2,1,0,0,SA,20_21,5,11,1.4,1.6,2.6,1.2,-6,-1.2000000000000002,0.40000000000000013
2020-12-13,Betis,Villarreal,1,1,D,0,1,A,11,7,5,2,4,8,2,3,0,0,LL,20_21,6,9,1.4,2.4,1.4,0.6,-3,0.0,1.7999999999999998
2020-12-13,Genoa,Juventus,1,3,A,0,0,D,2,15,2,9,0,10,3,3,0,0,SA,20_21,1,11,0.8,1.8,2.0,0.8,-10,-1.2,1.0
2020-12-13,Milan,Parma,2,2,D,0,1,A,16,5,10,3,13,1,3,3,0,0,SA,20_21,13,6,2.2,1.0,0.8,1.2,7,1.4000000000000001,-0.19999999999999996
2020-12-13,Elche,Granada,0,1,A,0,1,A,9,13,1,5,6,5,4,2,0,0,LL,20_21,4,2,0.8,1.2,1.2,2.4,2,-0.3999999999999999,-1.2
2020-12-13,Barcelona,Levante,1,0,H,0,0,D,24,7,13,3,12,4,2,1,0,0,LL,20_21,7,7,2.2,1.2,1.4,0.8,0,0.8000000000000003,0.3999999999999999
2020-12-14,Celta,Cadiz,4,0,H,4,0,H,8,12,5,2,1,5,2,1,0,0,LL,20_21,7,7,1.8,2.0,1.0,1.4,0,0.8,0.6000000000000001
2020-12-15,Udinese,Crotone,0,0,D,0,0,D,8,4,6,2,9,1,1,4,0,0,SA,20_21,10,4,1.6,1.0,0.8,1.6,6,0.8,-0.6000000000000001
2020-12-15,Real Madrid,Ath Bilbao,3,1,H,1,0,H,18,10,5,4,6,6,1,3,0,1,LL,20_21,7,5,1.2,1.4,1.6,1.4,2,-0.40000000000000013,0.0
2020-12-15,Man City,West Brom,1,1,D,1,1,D,26,5,7,1,13,2,2,3,0,0,PL,22_21,8,3,1.6,0.6,0.6,1.8,5,1.0,-1.2000000000000002
2020-12-15,Wolves,Chelsea,2,1,H,0,0,D,12,13,4,3,5,6,2,2,0,0,PL,22_21,4,10,0.6,1.6,1.8,0.6,-6,-1.2000000000000002,1.0
2020-12-15,Benevento,Lazio,1,1,D,1,1,D,7,8,6,3,4,8,2,2,1,0,SA,20_21,5,7,0.4,1.0,1.4,1.4,-2,-0.9999999999999999,-0.3999999999999999
2020-12-16,Fulham,Brighton,0,0,D,0,0,D,9,9,4,4,1,8,1,0,0,0,PL,22_21,4,5,1.0,1.6,0.8,1.4,-1,0.19999999999999996,0.20000000000000018
2020-12-16,Liverpool,Tottenham,2,1,H,1,1,D,17,8,11,2,7,4,0,2,0,0,PL,22_21,9,11,2.0,0.6,1.2,0.2,-2,0.8,0.39999999999999997
2020-12-16,West Ham,Crystal Palace,1,1,D,0,1,A,9,8,2,2,5,3,0,1,0,1,PL,22_21,12,7,1.4,1.0,2.0,1.2,5,-0.6000000000000001,-0.19999999999999996
2020-12-16,Arsenal,Southampton,1,1,D,0,1,A,9,13,4,3,2,7,1,3,1,0,PL,22_21,1,10,0.2,1.6,2.0,1.0,-9,-1.8,0.6000000000000001
2020-12-16,Genoa,Milan,2,2,D,0,0,D,6,8,4,4,4,10,2,3,0,0,SA,20_21,1,11,0.8,2.0,2.2,1.2,-10,-1.4000000000000001,0.8
2020-12-16,Fiorentina,Sassuolo,1,1,D,1,1,D,12,12,7,7,4,1,4,4,0,0,SA,20_21,2,8,0.2,1.4,0.6,0.6,-6,-0.39999999999999997,0.7999999999999999
2020-12-16,Leicester,Everton,0,2,A,0,1,A,14,11,2,6,4,6,2,3,0,0,PL,22_21,9,7,1.4,1.2,1.2,1.4,2,0.19999999999999996,-0.19999999999999996
2020-12-16,Inter,Napoli,1,0,H,0,0,D,3,9,2,5,4,3,5,3,0,1,SA,20_21,13,12,2.8,1.0,2.4,0.8,1,0.3999999999999999,0.19999999999999996
2020-12-16,Parma,Cagliari,0,0,D,0,0,D,10,5,3,4,8,5,1,1,0,0,SA,20_21,6,5,0.8,1.2,1.2,1.6,1,-0.3999999999999999,-0.40000000000000013
2020-12-16,Spezia,Bologna,2,2,D,1,0,H,7,9,5,6,3,4,6,1,0,0,SA,20_21,5,6,1.4,1.6,1.0,2.0,-1,0.3999999999999999,-0.3999999999999999
2020-12-16,Verona,Sampdoria,1,2,A,0,1,A,6,6,6,3,6,3,2,4,1,0,SA,20_21,8,1,1.4,1.2,1.0,2.0,7,0.3999999999999999,-0.8
2020-12-16,Barcelona,Sociedad,2,1,H,2,1,H,14,12,4,5,2,3,3,3,0,0,LL,20_21,9,9,2.2,1.0,1.0,0.4,0,1.2000000000000002,0.6
2020-12-16,Juventus,Atalanta,1,1,D,1,0,H,11,11,7,6,2,6,3,2,0,0,SA,20_21,11,8,1.8,0.8,1.2,0.8,3,0.6000000000000001,0.0
2020-12-16,Leeds,Newcastle,5,2,H,1,1,D,25,10,10,4,7,4,3,1,0,0,PL,22_21,4,9,0.8,1.8,1.2,1.2,-5,-0.3999999999999999,0.6000000000000001
2020-12-17,Aston Villa,Burnley,0,0,D,0,0,D,27,6,7,4,11,1,1,1,0,0,PL,22_21,6,8,1.8,1.6,0.6,1.2,-2,1.2000000000000002,0.40000000000000013
2020-12-17,Sheffield United,Man United,2,3,A,1,2,A,12,14,6,8,6,3,3,2,0,0,PL,22_21,0,13,0.4,2.2,2.0,0.8,-13,-1.6,1.4000000000000001
2020-12-17,Roma,Torino,3,1,H,2,0,H,10,12,8,8,4,2,4,3,0,1,SA,20_21,10,2,2.2,1.2,1.4,2.2,8,0.8000000000000003,-1.0000000000000002
2020-12-18,Ath Bilbao,Huesca,2,0,H,0,0,D,10,6,3,1,5,5,0,3,0,1,LL,20_21,5,6,1.6,1.6,1.2,1.2,-1,0.40000000000000013,0.40000000000000013
2020-12-19,Crystal Palace,Liverpool,0,7,A,0,3,A,5,14,3,8,5,4,1,0,0,0,PL,22_21,5,11,1.4,1.2,2.2,0.6,-6,-0.8000000000000003,0.6
2020-12-19,Southampton,Man City,0,1,A,0,1,A,9,11,3,5,6,6,2,2,0,0,PL,22_21,8,8,1.8,1.2,1.6,0.6,0,0.19999999999999996,0.6
2020-12-19,Everton,Arsenal,2,1,H,2,1,H,9,13,2,2,4,3,1,3,0,0,PL,22_21,10,2,1.4,0.8,0.4,1.2,8,0.9999999999999999,-0.3999999999999999
2020-12-19,Newcastle,Fulham,1,1,D,0,1,A,12,11,5,4,2,9,1,2,0,1,PL,22_21,6,5,1.2,2.0,1.0,1.4,1,0.19999999999999996,0.6000000000000001
2020-12-19,Ath Madrid,Elche,3,1,H,1,0,H,12,8,6,3,2,5,1,2,0,0,LL,20_21,12,4,1.6,0.4,0.6,0.8,8,1.0,-0.4
2020-12-19,Barcelona,Valencia,2,2,D,1,1,D,25,12,9,4,8,3,4,2,0,0,LL,20_21,9,6,1.6,0.8,1.6,1.2,3,0.0,-0.3999999999999999
2020-12-19,Levante,Sociedad,2,1,H,1,1,D,13,15,5,5,3,4,2,1,0,0,LL,20_21,6,6,1.2,0.8,0.8,0.8,0,0.3999999999999999,0.0
2020-12-19,Sevilla,Valladolid,1,1,D,1,0,H,14,12,3,5,7,7,3,4,0,0,LL,20_21,12,10,1.4,0.6,1.8,1.4,2,-0.40000000000000013,-0.7999999999999999
2020-12-19,Osasuna,Villarreal,1,3,A,0,2,A,6,13,1,6,2,2,2,2,1,0,LL,20_21,1,7,0.6,2.2,1.2,0.8,-6,-0.6,1.4000000000000001
2020-12-19,Parma,Juventus,0,4,A,0,2,A,9,12,5,7,4,9,0,1,0,0,SA,20_21,6,11,0.8,1.2,1.8,0.8,-5,-1.0,0.3999999999999999
2020-12-19,Sampdoria,Crotone,3,1,H,2,1,H,6,5,4,3,3,1,2,2,0,0,SA,20_21,4,4,1.4,1.8,0.8,1.6,0,0.5999999999999999,0.19999999999999996
2020-12-19,Fiorentina,Verona,1,1,D,1,1,D,5,5,1,3,4,1,2,2,0,0,SA,20_21,2,7,0.4,1.6,1.2,1.2,-5,-0.7999999999999999,0.40000000000000013
2020-12-20,Atalanta,Roma,4,1,H,0,1,A,9,5,8,4,2,2,2,3,0,0,SA,20_21,6,10,1.0,0.8,2.2,1.2,-4,-1.2000000000000002,-0.3999999999999999
2020-12-20,Benevento,Genoa,2,0,H,0,0,D,10,6,3,2,6,5,1,3,0,0,SA,20_21,6,2,0.6,0.6,1.0,1.8,4,-0.4,-1.2000000000000002
2020-12-20,Torino,Bologna,1,1,D,0,0,D,13,14,5,9,4,8,1,3,0,0,SA,20_21,1,7,1.6,2.8,1.4,2.2,-6,0.20000000000000018,0.5999999999999996
2020-12-20,West Brom,Aston Villa,0,3,A,0,1,A,1,19,1,10,1,7,1,2,1,0,PL,22_21,4,7,0.8,1.8,1.2,0.8,-3,-0.3999999999999999,1.0
2020-12-20,Man United,Leeds,6,2,H,4,1,H,26,17,14,3,11,13,1,0,0,0,PL,22_21,13,7,2.0,1.0,1.6,1.4,6,0.3999999999999999,-0.3999999999999999
2020-12-20,Tottenham,Leicester,0,2,A,0,1,A,8,17,3,4,5,3,2,2,0,0,PL,22_21,8,6,1.2,0.6,1.2,1.6,2,0.0,-1.0
2020-12-20,Brighton,Sheffield United,1,1,D,0,0,D,21,5,5,3,14,2,1,5,0,1,PL,22_21,5,0,0.8,1.4,0.6,2.0,5,0.20000000000000007,-0.6000000000000001
2020-12-20,Sassuolo,Milan,1,2,A,0,2,A,16,11,5,5,6,4,1,3,0,0,SA,20_21,8,11,0.8,0.8,2.2,1.2,-3,-1.4000000000000001,-0.3999999999999999
2020-12-20,Lazio,Napoli,2,0,H,1,0,H,9,7,2,6,4,9,4,3,0,0,SA,20_21,7,9,1.4,1.4,2.2,1.0,-2,-0.8000000000000003,0.3999999999999999
2020-12-20,Cagliari,Udinese,1,1,D,1,0,H,7,11,3,5,5,7,2,1,0,0,SA,20_21,3,11,0.8,1.6,1.4,0.6,-8,-0.5999999999999999,1.0
2020-12-20,Granada,Betis,2,0,H,2,0,H,8,14,3,1,1,10,3,4,0,0,LL,20_21,4,4,1.2,2.2,1.0,2.4,0,0.19999999999999996,-0.19999999999999973
2020-12-20,Eibar,Real Madrid,1,3,A,1,2,A,10,11,3,5,4,4,1,0,0,0,LL,20_21,7,10,0.8,0.4,1.6,0.8,-3,-0.8,-0.4
2020-12-20,Cadiz,Getafe,0,2,A,0,1,A,8,6,1,4,2,4,1,6,0,0,LL,20_21,4,2,0.6,2.2,0.4,1.6,2,0.19999999999999996,0.6000000000000001
2020-12-20,Celta,Alaves,2,0,H,1,0,H,11,8,3,2,3,5,2,2,0,0,LL,20_21,10,6,2.4,1.2,1.0,1.0,4,1.4,0.19999999999999996
2020-12-20,Inter,Spezia,2,1,H,0,0,D,10,7,4,1,3,2,1,2,0,0,SA,20_21,15,3,2.8,0.8,1.2,2.0,12,1.5999999999999999,-1.2
2020-12-21,Chelsea,West Ham,3,0,H,1,0,H,11,6,7,0,5,4,0,0,0,0,PL,22_21,7,10,1.2,0.8,1.4,1.2,-3,-0.19999999999999996,-0.3999999999999999
2020-12-21,Burnley,Wolves,2,1,H,1,0,H,10,15,4,3,1,7,2,1,0,0,PL,22_21,8,7,0.6,1.2,1.0,1.6,1,-0.4,-0.40000000000000013
2020-12-22,Elche,Osasuna,2,2,D,0,1,A,7,15,2,6,4,4,1,2,0,1,LL,20_21,3,1,0.6,1.2,0.8,2.6,2,-0.20000000000000007,-1.4000000000000001
2020-12-22,Sociedad,Ath Madrid,0,2,A,0,0,D,6,8,1,3,5,5,3,3,0,0,LL,20_21,3,12,0.8,1.2,1.4,0.6,-9,-0.5999999999999999,0.6
2020-12-22,Valladolid,Barcelona,0,3,A,0,2,A,12,21,5,10,4,5,1,2,0,0,LL,20_21,8,10,1.6,1.4,2.0,1.0,-2,-0.3999999999999999,0.3999999999999999
2020-12-22,Villarreal,Ath Bilbao,1,1,D,0,1,A,17,9,6,3,6,4,1,1,0,0,LL,20_21,7,5,1.2,0.8,1.2,1.6,2,0.0,-0.8
2020-12-22,Huesca,Levante,1,1,D,1,0,H,11,9,2,1,10,3,2,3,0,0,LL,20_21,5,8,1.0,1.4,1.4,0.8,-3,-0.3999999999999999,0.5999999999999999
2020-12-22,Valencia,Sevilla,0,1,A,0,0,D,10,19,4,3,3,5,3,2,0,0,LL,20_21,4,10,1.2,1.4,1.4,0.8,-6,-0.19999999999999996,0.5999999999999999
2020-12-22,Crotone,Parma,2,1,H,2,0,H,10,14,6,7,3,6,4,6,0,0,SA,20_21,4,6,1.0,1.8,0.8,1.4,-2,0.19999999999999996,0.40000000000000013
2020-12-22,Juventus,Fiorentina,0,3,A,0,1,A,10,9,3,6,5,5,1,4,1,0,SA,20_21,11,3,2.2,0.8,0.6,1.6,8,1.6,-0.8
2020-12-23,Getafe,Celta,1,1,D,1,1,D,6,2,3,1,1,4,3,3,0,0,LL,20_21,5,12,0.6,1.0,2.6,1.0,-7,-2.0,0.0
2020-12-23,Udinese,Benevento,0,2,A,0,1,A,7,3,2,2,7,1,1,2,0,0,SA,20_21,11,6,1.6,0.8,0.8,0.6,5,0.8,0.20000000000000007
2020-12-23,Spezia,Genoa,1,2,A,1,1,D,7,7,5,6,4,2,3,4,0,0,SA,20_21,2,2,1.4,2.4,1.0,2.0,0,0.3999999999999999,0.3999999999999999
2020-12-23,Real Madrid,Granada,2,0,H,0,0,D,23,10,6,1,8,1,2,1,0,0,LL,20_21,12,7,2.0,0.8,1.6,1.8,5,0.3999999999999999,-1.0
2020-12-23,Sampdoria,Sassuolo,2,3,A,0,1,A,14,10,6,8,14,6,2,4,1,0,SA,20_21,7,5,1.8,1.6,0.6,1.2,2,1.2000000000000002,0.40000000000000013
2020-12-23,Roma,Cagliari,3,2,H,1,0,H,13,6,9,3,6,0,3,2,0,0,SA,20_21,7,4,1.8,2.0,1.0,1.4,3,0.8,0.6000000000000001
2020-12-23,Betis,Cadiz,1,0,H,0,0,D,6,6,1,3,5,5,1,1,0,0,LL,20_21,4,4,0.6,1.8,0.6,1.8,0,0.0,0.0
2020-12-23,Alaves,Eibar,2,1,H,2,1,H,13,8,3,4,2,7,4,2,0,0,LL,20_21,5,6,0.8,1.2,0.8,0.8,-1,0.0,0.3999999999999999
2020-12-23,Verona,Inter,1,2,A,0,0,D,5,9,2,5,2,8,4,2,0,0,SA,20_21,8,15,1.4,1.0,2.4,0.6,-7,-1.0,0.4
2020-12-23,Bologna,Atalanta,2,2,D,0,2,A,8,9,5,6,1,5,2,2,0,0,SA,20_21,5,8,1.2,2.2,1.6,0.8,-3,-0.40000000000000013,1.4000000000000001
2020-12-23,Milan,Lazio,3,2,H,2,1,H,9,13,5,9,4,6,2,4,0,0,SA,20_21,11,7,2.0,1.2,1.4,1.4,4,0.6000000000000001,-0.19999999999999996
2020-12-23,Napoli,Torino,1,1,D,0,0,D,12,4,6,3,4,3,3,3,0,0,SA,20_21,9,2,2.0,0.8,1.4,2.2,7,0.6000000000000001,-1.4000000000000001
2020-12-26,Sheffield United,Everton,0,1,A,0,0,D,10,7,2,3,6,3,2,4,0,0,PL,22_21,1,10,0.8,2.0,1.2,0.6,-9,-0.3999999999999999,1.4
2020-12-26,Fulham,Southampton,0,0,D,0,0,D,10,3,1,2,6,3,2,0,0,0,PL,22_21,6,7,0.8,1.0,1.6,1.2,-1,-0.8,-0.19999999999999996
2020-12-26,Arsenal,Chelsea,3,1,H,2,0,H,15,19,7,3,7,9,2,1,0,0,PL,22_21,1,7,0.6,1.6,1.4,0.8,-6,-0.7999999999999999,0.8
2020-12-26,Aston Villa,Crystal Palace,3,0,H,1,0,H,21,13,10,6,4,4,1,4,1,0,PL,22_21,7,5,1.2,0.8,1.4,2.4,2,-0.19999999999999996,-1.5999999999999999
2020-12-26,Leicester,Man United,2,2,D,1,1,D,10,9,2,4,5,0,2,1,0,0,PL,22_21,9,13,1.6,1.0,3.0,1.4,-4,-1.4,-0.3999999999999999
2020-12-26,Man City,Newcastle,2,0,H,1,0,H,11,7,6,2,7,3,2,2,0,0,PL,22_21,11,7,1.8,0.2,1.4,1.8,4,0.40000000000000013,-1.6
2020-12-27,Leeds,Burnley,1,0,H,1,0,H,11,14,4,6,4,12,0,3,0,0,PL,22_21,6,8,2.0,2.6,0.8,1.4,-2,1.2,1.2000000000000002
2020-12-27,Liverpool,West Brom,1,1,D,1,0,H,17,5,2,3,8,3,0,1,0,0,PL,22_21,11,4,3.0,0.6,0.8,2.2,7,2.2,-1.6
2020-12-27,Wolves,Tottenham,1,1,D,0,1,A,11,6,6,3,9,2,4,1,0,0,PL,22_21,6,5,1.0,1.8,0.8,1.0,1,0.19999999999999996,0.8
2020-12-27,West Ham,Brighton,2,2,D,0,1,A,11,13,4,4,5,4,0,0,0,0,PL,22_21,7,3,1.2,1.8,0.6,1.4,4,0.6,0.40000000000000013
2020-12-28,Crystal Palace,Leicester,1,1,D,0,0,D,4,17,1,3,2,5,0,1,0,0,PL,22_21,5,10,1.4,2.6,1.8,1.0,-5,-0.40000000000000013,1.6
2020-12-28,Chelsea,Aston Villa,1,1,D,1,0,H,16,10,5,2,11,4,3,1,0,0,PL,22_21,6,10,1.6,1.4,1.6,0.4,-4,0.0,0.9999999999999999
2020-12-29,Man United,Wolves,1,0,H,0,0,D,11,9,3,5,2,2,1,1,0,0,PL,22_21,11,4,2.8,1.4,0.8,1.8,7,1.9999999999999998,-0.40000000000000013
2020-12-29,Brighton,Arsenal,0,1,A,0,0,D,13,11,2,3,5,4,2,0,0,0,PL,22_21,3,4,0.8,1.6,1.0,1.4,-1,-0.19999999999999996,0.20000000000000018
2020-12-29,Sevilla,Villarreal,2,0,H,1,0,H,10,6,3,2,4,7,1,4,0,0,LL,20_21,10,7,0.8,0.4,1.2,0.8,3,-0.3999999999999999,-0.4
2020-12-29,Barcelona,Eibar,1,1,D,0,0,D,16,9,5,3,5,7,0,2,0,0,LL,20_21,10,5,1.8,1.0,1.0,1.2,5,0.8,-0.19999999999999996
2020-12-29,Cadiz,Valladolid,0,0,D,0,0,D,8,7,3,1,1,6,3,2,0,0,LL,20_21,4,5,0.6,1.8,1.0,1.8,-1,-0.4,0.0
2020-12-29,Levante,Betis,4,3,H,3,1,H,10,19,5,7,3,6,3,2,1,0,LL,20_21,8,7,1.4,0.8,0.8,1.0,1,0.5999999999999999,-0.19999999999999996
2020-12-29,West Brom,Leeds,0,5,A,0,4,A,4,14,1,6,3,10,0,1,0,0,PL,22_21,2,6,0.8,2.4,2.0,2.6,-4,-1.2,-0.20000000000000018
2020-12-29,Burnley,Sheffield United,1,0,H,1,0,H,5,7,3,3,3,5,1,2,0,0,PL,22_21,8,1,0.8,0.6,0.8,2.0,7,0.0,-1.4
2020-12-29,Southampton,West Ham,0,0,D,0,0,D,8,8,3,3,4,3,3,1,0,0,PL,22_21,8,5,1.2,0.6,1.2,2.0,3,0.0,-1.4
2020-12-30,Granada,Valencia,2,1,H,1,1,D,24,16,5,6,6,6,4,4,1,2,LL,20_21,7,3,1.4,1.6,0.8,1.2,4,0.5999999999999999,0.40000000000000013
2020-12-30,Ath Madrid,Getafe,1,0,H,1,0,H,10,10,3,2,5,2,2,3,0,0,LL,20_21,12,5,1.6,0.6,0.8,1.2,7,0.8,-0.6
2020-12-30,Celta,Huesca,2,1,H,1,0,H,15,17,6,6,0,5,2,0,0,0,LL,20_21,13,5,2.4,0.4,1.0,1.4,8,1.4,-0.9999999999999999
2020-12-30,Elche,Real Madrid,1,1,D,0,1,A,6,14,3,6,2,3,1,4,0,0,LL,20_21,3,15,0.8,1.4,2.2,0.4,-12,-1.4000000000000001,0.9999999999999999
2020-12-30,Newcastle,Liverpool,0,0,D,0,0,D,8,11,2,4,5,12,2,3,0,0,PL,22_21,7,11,1.4,1.8,3.0,0.6,-4,-1.6,1.2000000000000002
2020-12-31,Ath Bilbao,Sociedad,0,1,A,0,1,A,4,13,0,3,2,4,5,4,0,0,LL,20_21,5,2,1.2,1.6,0.6,1.4,3,0.6,0.20000000000000018
2020-12-31,Osasuna,Alaves,1,1,D,0,0,D,8,15,3,1,5,4,3,4,1,0,LL,20_21,1,7,1.0,2.8,0.8,1.0,-6,0.19999999999999996,1.7999999999999998
2021-01-01,Everton,West Ham,0,1,A,0,0,D,10,11,2,5,5,4,2,0,0,0,PL,22_21,13,6,1.4,0.4,1.0,1.4,7,0.3999999999999999,-0.9999999999999999
2021-01-01,Man United,Aston Villa,2,1,H,1,0,H,19,5,9,5,5,10,4,0,0,0,PL,22_21,11,11,2.4,1.2,1.6,0.2,0,0.7999999999999998,1.0
2021-01-02,Tottenham,Leeds,3,0,H,2,0,H,20,18,7,5,3,5,2,1,1,0,PL,22_21,5,9,1.0,1.2,2.8,2.0,-4,-1.7999999999999998,-0.8
2021-01-02,Crystal Palace,Sheffield United,2,0,H,2,0,H,9,7,4,2,3,6,1,3,0,0,PL,22_21,3,1,0.6,2.6,0.6,1.8,2,0.0,0.8
2021-01-02,Brighton,Wolves,3,3,D,1,3,A,13,11,4,4,5,8,2,1,0,0,PL,22_21,3,4,0.6,1.4,0.8,1.2,-1,-0.20000000000000007,0.19999999999999996
2021-01-02,West Brom,Arsenal,0,4,A,0,2,A,7,21,3,12,3,5,1,2,0,0,PL,22_21,2,7,0.6,2.4,1.2,1.0,-5,-0.6,1.4
2021-01-02,Villarreal,Levante,2,1,H,1,0,H,12,9,7,2,3,5,1,1,0,0,LL,20_21,6,10,1.0,1.0,2.0,1.2,-4,-1.0,-0.19999999999999996
2021-01-02,Betis,Sevilla,1,1,D,0,0,D,16,6,3,2,2,1,5,2,0,0,LL,20_21,7,10,1.4,1.4,1.0,0.4,-3,0.3999999999999999,0.9999999999999999
2021-01-02,Getafe,Valladolid,0,1,A,0,1,A,11,8,4,2,5,9,3,2,0,0,LL,20_21,4,5,0.6,1.2,0.8,1.6,-1,-0.20000000000000007,-0.40000000000000013
2021-01-02,Real Madrid,Celta,2,0,H,1,0,H,9,6,2,1,1,5,4,2,0,0,LL,20_21,13,13,2.2,0.6,2.2,0.4,0,0.0,0.19999999999999996
2021-01-03,Inter,Crotone,6,2,H,2,2,D,13,7,8,4,3,3,0,3,0,0,SA,20_21,15,7,2.2,0.8,1.4,1.8,8,0.8000000000000003,-1.0
2021-01-03,Newcastle,Leicester,1,2,A,0,0,D,8,9,2,3,3,6,0,2,0,0,PL,22_21,5,8,1.0,1.8,1.6,1.0,-3,-0.6000000000000001,0.8
2021-01-03,Chelsea,Man City,1,3,A,0,3,A,9,18,2,6,5,3,3,1,0,0,PL,22_21,4,11,1.2,1.4,1.2,0.2,-7,0.0,1.2
2021-01-03,Ath Bilbao,Elche,1,0,H,1,0,H,13,5,2,2,5,4,2,1,0,0,LL,20_21,5,3,1.2,1.4,0.8,1.4,2,0.3999999999999999,0.0
2021-01-03,Eibar,Granada,2,0,H,0,0,D,15,6,7,3,4,2,2,1,0,0,LL,20_21,3,10,0.8,1.4,1.6,1.2,-7,-0.8,0.19999999999999996
2021-01-03,Sociedad,Osasuna,1,1,D,0,1,A,8,6,2,2,7,2,1,1,0,0,LL,20_21,4,2,0.8,1.4,1.2,2.2,2,-0.3999999999999999,-0.8000000000000003
2021-01-03,Huesca,Barcelona,0,1,A,0,1,A,4,20,4,7,2,6,1,0,0,0,LL,20_21,5,11,1.2,1.6,1.8,0.8,-6,-0.6000000000000001,0.8
2021-01-03,Cagliari,Napoli,1,4,A,0,1,A,6,22,1,12,3,8,4,1,1,0,SA,20_21,3,7,1.0,1.6,1.4,1.0,-4,-0.3999999999999999,0.6000000000000001
2021-01-03,Fiorentina,Bologna,0,0,D,0,0,D,10,5,1,4,8,5,4,3,0,0,SA,20_21,6,3,1.2,1.2,1.4,2.6,3,-0.19999999999999996,-1.4000000000000001
2021-01-03,Genoa,Lazio,1,1,D,0,1,A,5,10,3,4,4,9,2,4,0,0,SA,20_21,5,7,1.2,1.8,1.6,1.4,-2,-0.40000000000000013,0.40000000000000013
2021-01-03,Parma,Torino,0,3,A,0,1,A,15,14,6,8,9,3,2,2,0,0,SA,20_21,3,2,0.6,1.6,1.2,2.0,1,-0.6,-0.3999999999999999
2021-01-03,Roma,Sampdoria,1,0,H,0,0,D,12,2,8,2,8,2,3,5,0,0,SA,20_21,10,6,2.4,1.6,1.8,1.8,4,0.5999999999999999,-0.19999999999999996
2021-01-03,Spezia,Verona,0,1,A,0,0,D,6,9,1,4,3,5,6,0,1,0,SA,20_21,1,5,1.2,2.4,1.2,1.4,-4,0.0,1.0
2021-01-03,Benevento,Milan,0,2,A,0,1,A,14,8,7,5,12,4,1,3,0,1,SA,20_21,8,11,1.0,0.4,2.2,1.6,-3,-1.2000000000000002,-1.2000000000000002
2021-01-03,Juventus,Udinese,4,1,H,1,0,H,13,8,10,7,7,1,3,0,0,0,SA,20_21,10,8,2.0,1.2,1.4,1.2,2,0.6000000000000001,0.0
2021-01-03,Alaves,Ath Madrid,1,2,A,0,1,A,4,8,1,4,1,5,0,2,1,0,LL,20_21,5,12,0.6,1.0,1.6,0.6,-7,-1.0,0.4
2021-01-03,Atalanta,Sassuolo,5,1,H,2,0,H,20,7,8,4,8,3,3,1,0,0,SA,20_21,8,8,2.0,1.2,1.2,1.0,0,0.8,0.19999999999999996
2021-01-04,Southampton,Liverpool,1,0,H,1,0,H,7,17,3,1,1,10,1,3,0,0,PL,22_21,6,9,0.8,0.4,2.2,0.6,-3,-1.4000000000000001,-0.19999999999999996
2021-01-04,Valencia,Cadiz,1,1,D,0,0,D,11,9,4,2,9,7,2,2,0,0,LL,20_21,3,4,1.0,1.4,0.4,1.6,-1,0.6,-0.20000000000000018
2021-01-06,Milan,Juventus,1,3,A,1,1,D,18,13,7,10,7,4,1,2,0,0,SA,20_21,11,10,2.2,1.4,2.4,1.2,1,-0.19999999999999973,0.19999999999999996
2021-01-06,Napoli,Spezia,1,2,A,0,0,D,27,8,11,4,10,2,2,5,0,1,SA,20_21,7,1,1.4,1.2,1.0,2.2,6,0.3999999999999999,-1.0000000000000002
2021-01-06,Torino,Verona,1,1,D,0,0,D,15,8,5,2,9,3,1,3,0,0,SA,20_21,5,7,1.6,1.6,1.2,1.2,-2,0.40000000000000013,0.40000000000000013
2021-01-06,Sassuolo,Genoa,2,1,H,0,0,D,13,7,6,3,8,2,3,3,0,0,SA,20_21,7,5,1.4,2.0,1.2,1.8,2,0.19999999999999996,0.19999999999999996
2021-01-06,Lazio,Fiorentina,2,1,H,1,0,H,11,9,6,8,2,9,3,1,0,0,SA,20_21,5,6,1.4,1.4,1.0,1.0,-1,0.3999999999999999,0.3999999999999999
2021-01-06,Crotone,Roma,1,3,A,0,3,A,12,10,5,5,3,4,2,3,0,0,SA,20_21,7,12,1.8,2.2,2.6,1.6,-5,-0.8,0.6000000000000001
2021-01-06,Bologna,Udinese,2,2,D,2,1,H,10,12,7,9,4,6,4,3,1,0,SA,20_21,4,5,1.2,2.0,1.0,1.8,-1,0.19999999999999996,0.19999999999999996
2021-01-06,Atalanta,Parma,3,0,H,1,0,H,17,3,6,1,12,3,1,1,0,0,SA,20_21,11,2,3.0,1.0,0.6,2.2,9,2.4,-1.2000000000000002
2021-01-06,Sampdoria,Inter,2,1,H,2,0,H,8,23,6,11,4,10,3,4,0,0,SA,20_21,6,15,1.6,1.6,2.8,1.0,-9,-1.1999999999999997,0.6000000000000001
2021-01-06,Ath Bilbao,Barcelona,2,3,A,1,2,A,8,13,3,9,3,4,2,1,0,0,LL,20_21,7,11,1.0,1.0,1.8,0.8,-4,-0.8,0.19999999999999996
2021-01-06,Cagliari,Benevento,1,2,A,1,2,A,10,9,5,3,7,6,4,3,1,0,SA,20_21,2,7,1.0,2.2,1.0,0.8,-5,0.0,1.4000000000000001
2021-01-08,Celta,Villarreal,0,4,A,0,4,A,8,15,3,6,3,4,1,0,0,0,LL,20_21,10,8,1.8,0.8,1.4,1.2,2,0.40000000000000013,-0.3999999999999999
2021-01-09,Osasuna,Real Madrid,0,0,D,0,0,D,8,9,2,1,2,4,0,0,0,0,LL,20_21,3,13,1.4,2.0,2.2,0.6,-10,-0.8000000000000003,1.4
2021-01-09,Granada,Barcelona,0,4,A,0,3,A,8,13,4,4,4,1,2,3,1,0,LL,20_21,9,11,1.0,1.0,2.0,1.0,-2,-1.0,0.0
2021-01-09,Sevilla,Sociedad,3,2,H,2,2,D,12,10,7,4,2,9,0,3,0,0,LL,20_21,11,4,1.2,0.4,0.8,1.4,7,0.3999999999999999,-0.9999999999999999
2021-01-09,Benevento,Atalanta,1,4,A,0,1,A,4,26,2,15,1,11,3,2,0,0,SA,20_21,10,11,1.4,0.8,3.0,1.0,-1,-1.6,-0.19999999999999996
2021-01-09,Genoa,Bologna,2,0,H,1,0,H,9,12,7,4,1,4,2,0,0,0,SA,20_21,5,5,1.2,1.6,1.4,1.4,0,-0.19999999999999996,0.20000000000000018
2021-01-09,Milan,Torino,2,0,H,2,0,H,8,8,4,4,7,5,6,2,0,0,SA,20_21,10,6,2.0,1.6,1.4,1.2,4,0.6000000000000001,0.40000000000000013
2021-01-10,Cadiz,Alaves,3,1,H,1,1,D,10,5,7,2,4,1,1,4,0,1,LL,20_21,2,4,0.2,1.6,0.8,1.4,-2,-0.6000000000000001,0.20000000000000018
2021-01-10,Verona,Crotone,2,1,H,2,0,H,11,7,7,3,6,4,3,3,0,0,SA,20_21,5,4,1.0,1.2,1.2,2.6,1,-0.19999999999999996,-1.4000000000000001
2021-01-10,Udinese,Napoli,1,2,A,1,1,D,17,15,8,6,2,7,3,1,0,0,SA,20_21,3,4,0.8,1.8,1.2,1.4,-1,-0.3999999999999999,0.40000000000000013
2021-01-10,Valladolid,Valencia,0,1,A,0,0,D,11,17,4,6,0,4,2,3,0,0,LL,20_21,8,3,1.0,1.2,1.2,1.6,5,-0.19999999999999996,-0.40000000000000013
2021-01-10,Fiorentina,Cagliari,1,0,H,0,0,D,12,9,5,3,9,5,1,3,0,0,SA,20_21,6,2,1.2,0.8,1.0,2.0,4,0.19999999999999996,-1.2
2021-01-10,Levante,Eibar,2,1,H,0,0,D,4,17,2,4,4,9,2,0,0,0,LL,20_21,7,5,1.6,1.6,1.2,1.4,2,0.40000000000000013,0.20000000000000018
2021-01-10,Roma,Inter,2,2,D,1,0,H,14,16,8,6,3,7,3,3,0,0,SA,20_21,12,12,2.2,1.6,2.4,1.2,0,-0.19999999999999973,0.40000000000000013
2021-01-10,Juventus,Sassuolo,3,1,H,0,0,D,20,10,10,2,6,3,4,1,0,1,SA,20_21,10,7,2.4,1.2,1.6,2.2,3,0.7999999999999998,-1.0000000000000002
2021-01-10,Parma,Lazio,0,2,A,0,0,D,9,21,3,5,5,6,4,1,0,0,SA,20_21,1,8,0.2,2.4,1.6,1.2,-7,-1.4000000000000001,1.2
2021-01-11,Huesca,Betis,0,2,A,0,0,D,10,15,3,5,3,6,2,2,0,1,LL,20_21,4,5,0.6,1.2,1.2,1.6,-1,-0.6,-0.40000000000000013
2021-01-11,Elche,Getafe,1,3,A,1,1,D,7,14,4,7,1,7,4,2,1,0,LL,20_21,2,4,0.8,1.6,0.6,0.8,-2,0.20000000000000007,0.8
2021-01-11,Spezia,Sampdoria,2,1,H,1,1,D,8,6,4,4,4,2,4,3,0,0,SA,20_21,4,9,1.2,1.6,1.8,1.4,-5,-0.6000000000000001,0.20000000000000018
2021-01-12,Wolves,Everton,1,2,A,1,1,D,12,5,3,3,6,5,2,2,0,0,PL,22_21,5,12,1.4,1.6,1.2,0.4,-7,0.19999999999999996,1.2000000000000002
2021-01-12,Burnley,Man United,0,1,A,0,0,D,11,13,0,7,3,4,1,2,0,0,PL,22_21,10,13,0.8,0.4,2.8,1.4,-3,-1.9999999999999998,-0.9999999999999999
2021-01-12,Sheffield United,Newcastle,1,0,H,0,0,D,17,7,4,3,5,2,2,3,0,1,PL,22_21,1,2,0.6,1.6,0.8,2.0,-1,-0.20000000000000007,-0.3999999999999999
2021-01-12,Ath Madrid,Sevilla,2,0,H,1,0,H,5,13,4,2,3,12,2,0,0,0,LL,20_21,12,11,1.6,0.8,1.6,0.8,1,0.0,0.0
2021-01-12,Granada,Osasuna,2,0,H,2,0,H,9,15,2,3,4,4,1,4,0,0,LL,20_21,6,4,0.8,1.8,1.0,1.4,2,-0.19999999999999996,0.40000000000000013
2021-01-13,Man City,Brighton,1,0,H,1,0,H,16,5,6,1,8,4,0,2,0,0,PL,22_21,11,4,1.4,0.4,1.2,1.4,7,0.19999999999999996,-0.9999999999999999
2021-01-13,Tottenham,Fulham,1,1,D,1,0,H,15,15,6,4,6,5,1,2,0,0,PL,22_21,5,4,1.2,1.2,0.4,0.8,1,0.7999999999999999,0.3999999999999999
2021-01-14,Arsenal,Crystal Palace,0,0,D,0,0,D,11,12,4,2,7,3,1,1,0,0,PL,22_21,10,5,2.0,0.8,0.8,2.4,5,1.2,-1.5999999999999999
2021-01-15,Lazio,Roma,3,0,H,2,0,H,9,5,9,2,1,7,5,4,0,0,SA,20_21,10,10,1.8,1.0,2.0,1.8,0,-0.19999999999999996,-0.8
2021-01-16,Torino,Spezia,0,0,D,0,0,D,8,6,2,3,6,2,3,3,0,1,SA,20_21,6,6,1.2,1.0,1.2,1.4,0,0.0,-0.3999999999999999
2021-01-16,Bologna,Verona,1,0,H,1,0,H,18,8,6,1,7,3,2,1,0,0,SA,20_21,4,8,1.0,1.4,1.2,1.0,-4,-0.19999999999999996,0.3999999999999999
2021-01-16,Leeds,Brighton,0,1,A,0,1,A,7,7,2,2,5,2,1,1,0,0,PL,22_21,9,3,2.6,2.2,1.2,1.6,6,1.4000000000000001,0.6000000000000001
2021-01-16,Wolves,West Brom,2,3,A,2,1,H,23,12,6,5,11,0,2,1,0,0,PL,22_21,2,2,1.2,1.8,0.4,2.8,0,0.7999999999999999,-0.9999999999999998
2021-01-16,Fulham,Chelsea,0,1,A,0,0,D,10,21,3,6,1,12,2,3,1,0,PL,22_21,5,4,0.6,0.6,1.4,1.8,1,-0.7999999999999999,-1.2000000000000002
2021-01-16,Leicester,Southampton,2,0,H,1,0,H,16,8,5,3,2,5,2,2,0,0,PL,22_21,8,6,1.4,1.2,0.4,0.4,2,0.9999999999999999,0.7999999999999999
2021-01-16,Sampdoria,Udinese,2,1,H,0,0,D,15,14,8,7,11,5,1,1,0,0,SA,20_21,6,2,1.6,1.6,1.0,2.2,4,0.6000000000000001,-0.6000000000000001
2021-01-16,West Ham,Burnley,1,0,H,1,0,H,15,10,4,2,7,4,2,1,0,0,PL,22_21,6,7,0.8,1.2,0.6,0.6,-1,0.20000000000000007,0.6
2021-01-17,Napoli,Fiorentina,6,0,H,4,0,H,10,10,7,3,1,4,1,0,0,0,SA,20_21,7,8,1.6,1.4,1.2,0.6,-1,0.40000000000000013,0.7999999999999999
2021-01-17,Sassuolo,Parma,1,1,D,0,1,A,15,11,6,2,5,2,3,2,0,0,SA,20_21,6,0,1.6,2.6,0.2,2.8,6,1.4000000000000001,-0.19999999999999973
2021-01-17,Atalanta,Genoa,0,0,D,0,0,D,15,6,4,3,9,1,1,2,0,0,SA,20_21,13,7,3.6,1.0,1.2,1.2,6,2.4000000000000004,-0.19999999999999996
2021-01-17,Inter,Juventus,2,0,H,1,0,H,16,8,6,4,3,4,2,2,0,0,SA,20_21,10,12,2.6,1.6,2.8,1.2,-2,-0.19999999999999973,0.40000000000000013
2021-01-17,Sheffield United,Tottenham,1,3,A,0,2,A,15,14,5,5,5,7,4,0,0,0,PL,22_21,4,5,0.4,1.0,1.2,1.2,-1,-0.7999999999999999,-0.19999999999999996
2021-01-17,Liverpool,Man United,0,0,D,0,0,D,17,8,3,4,7,3,2,1,0,0,PL,22_21,8,13,2.0,0.6,2.4,1.0,-5,-0.3999999999999999,-0.4
2021-01-17,Man City,Crystal Palace,4,0,H,1,0,H,13,2,6,0,11,1,0,0,0,0,PL,22_21,13,5,1.6,0.4,0.6,2.2,8,1.0,-1.8000000000000003
2021-01-17,Crotone,Benevento,4,1,H,2,0,H,6,14,3,6,4,13,1,3,0,1,SA,20_21,3,9,1.4,3.0,1.4,1.4,-6,0.0,1.6
2021-01-18,Cagliari,Milan,0,2,A,0,1,A,17,9,2,8,7,4,2,3,0,1,SA,20_21,1,12,1.0,2.2,2.0,1.2,-11,-1.0,1.0000000000000002
2021-01-18,Arsenal,Newcastle,3,0,H,0,0,D,20,4,6,1,7,2,0,0,0,0,PL,22_21,10,2,1.8,0.6,0.4,1.2,8,1.4,-0.6
2021-01-19,Alaves,Sevilla,1,2,A,1,2,A,12,7,3,3,3,2,3,3,0,0,LL,20_21,4,10,1.0,1.8,1.4,1.0,-6,-0.3999999999999999,0.8
2021-01-19,Cadiz,Levante,2,2,D,2,2,D,8,8,2,5,5,2,3,1,0,0,LL,20_21,5,10,0.8,1.0,2.0,1.6,-5,-1.2,-0.6000000000000001
2021-01-19,West Ham,West Brom,2,1,H,1,0,H,14,6,6,2,3,1,0,1,0,0,PL,22_21,8,4,0.8,1.0,0.8,3.0,4,0.0,-2.0
2021-01-19,Leicester,Chelsea,2,0,H,2,0,H,8,9,6,5,6,3,1,3,0,0,PL,22_21,11,7,1.8,0.8,1.4,1.4,4,0.40000000000000013,-0.5999999999999999
2021-01-19,Valladolid,Elche,2,2,D,0,2,A,13,9,2,3,4,5,1,3,1,0,LL,20_21,5,2,0.4,1.0,1.0,2.0,3,-0.6,-1.0
2021-01-20,Man City,Aston Villa,2,0,H,0,0,D,28,11,9,4,16,2,0,2,0,0,PL,22_21,15,8,2.2,0.2,1.6,0.6,7,0.6000000000000001,-0.39999999999999997
2021-01-20,Fulham,Man United,1,2,A,1,1,D,12,15,5,5,2,8,3,1,0,0,PL,22_21,4,11,0.4,0.6,1.2,0.6,-7,-0.7999999999999999,0.0
2021-01-20,Udinese,Atalanta,1,1,D,1,1,D,6,18,1,8,2,7,3,2,0,0,SA,20_21,1,11,1.0,2.4,2.8,0.8,-10,-1.7999999999999998,1.5999999999999999
2021-01-20,Villarreal,Granada,2,2,D,1,1,D,9,3,3,2,3,0,2,4,0,1,LL,20_21,10,6,2.0,1.0,0.8,1.8,4,1.2,-0.8
2021-01-20,Betis,Celta,2,1,H,2,1,H,12,10,4,3,5,6,2,3,0,0,LL,20_21,7,7,1.4,1.4,1.0,1.6,0,0.3999999999999999,-0.20000000000000018
2021-01-20,Getafe,Huesca,1,0,H,0,0,D,12,15,5,3,3,8,2,4,0,0,LL,20_21,7,1,1.2,0.8,0.4,1.6,6,0.7999999999999999,-0.8
2021-01-21,Eibar,Ath Madrid,1,2,A,1,1,D,12,9,2,4,3,3,2,2,0,0,LL,20_21,4,15,1.2,1.6,2.0,0.4,-11,-0.8,1.2000000000000002
2021-01-21,Liverpool,Burnley,0,1,A,0,0,D,27,6,6,4,12,0,2,1,0,0,PL,22_21,6,6,1.6,0.4,0.6,0.8,0,1.0,-0.4
2021-01-21,Valencia,Osasuna,1,1,D,0,1,A,10,14,3,5,9,4,1,3,0,0,LL,20_21,5,4,1.0,1.2,0.8,1.2,1,0.19999999999999996,0.0
2021-01-22,Levante,Valladolid,2,2,D,0,0,D,11,7,3,3,8,2,0,1,0,0,LL,20_21,8,5,2.0,1.8,0.6,1.2,3,1.4,0.6000000000000001
2021-01-22,Benevento,Torino,2,2,D,1,0,H,10,14,3,6,6,4,1,3,0,0,SA,20_21,6,6,1.2,2.2,1.0,0.8,0,0.19999999999999996,1.4000000000000001
2021-01-23,Fiorentina,Crotone,2,1,H,2,0,H,12,7,6,3,5,3,2,2,0,0,SA,20_21,7,6,1.0,1.6,2.0,2.6,1,-1.0,-1.0
2021-01-23,Udinese,Inter,0,0,D,0,0,D,6,10,1,4,3,4,3,2,0,0,SA,20_21,2,10,1.2,2.2,2.6,1.4,-8,-1.4000000000000001,0.8000000000000003
2021-01-23,Milan,Atalanta,0,3,A,0,1,A,10,19,3,10,5,7,2,1,0,0,SA,20_21,12,11,2.0,1.0,2.6,0.6,1,-0.6000000000000001,0.4
2021-01-23,Roma,Spezia,4,3,H,1,1,D,13,5,8,3,3,1,3,1,0,0,SA,20_21,10,7,1.8,1.6,1.0,1.0,3,0.8,0.6000000000000001
2021-01-23,Aston Villa,Newcastle,2,0,H,2,0,H,14,7,5,1,5,4,0,3,0,0,PL,22_21,7,1,1.6,1.0,0.2,1.6,6,1.4000000000000001,-0.6000000000000001
2021-01-23,Alaves,Real Madrid,1,4,A,0,3,A,14,10,4,7,4,4,5,3,0,0,LL,20_21,4,11,1.2,1.8,1.6,0.4,-7,-0.40000000000000013,1.4
2021-01-23,Sociedad,Betis,2,2,D,0,0,D,12,7,6,4,8,3,2,2,0,0,LL,20_21,4,10,1.0,1.6,1.8,1.2,-6,-0.8,0.40000000000000013
2021-01-23,Sevilla,Cadiz,3,0,H,2,0,H,15,9,7,3,7,6,1,3,0,0,LL,20_21,10,6,1.6,1.2,1.2,1.0,4,0.40000000000000013,0.19999999999999996
2021-01-23,Huesca,Villarreal,0,0,D,0,0,D,5,8,1,2,1,2,3,1,0,0,LL,20_21,1,8,0.4,1.4,1.8,1.2,-7,-1.4,0.19999999999999996
2021-01-24,Ath Madrid,Valencia,3,1,H,1,1,D,14,8,5,4,7,7,2,0,0,0,LL,20_21,15,5,1.8,0.4,0.8,1.0,10,1.0,-0.6
2021-01-24,Celta,Eibar,1,1,D,1,0,H,7,9,4,2,0,6,4,3,0,0,LL,20_21,4,4,0.8,2.0,1.2,1.4,0,-0.3999999999999999,0.6000000000000001
2021-01-24,Osasuna,Granada,3,1,H,2,0,H,7,12,4,1,1,5,5,4,1,0,LL,20_21,4,7,0.6,1.0,1.2,1.8,-3,-0.6,-0.8
2021-01-24,Elche,Barcelona,0,2,A,0,1,A,4,15,2,8,0,7,0,2,0,0,LL,20_21,3,13,1.2,1.8,2.4,0.6,-10,-1.2,1.2000000000000002
2021-01-24,Lazio,Sassuolo,2,1,H,1,1,D,18,5,8,1,9,6,2,3,0,0,SA,20_21,10,7,2.0,1.0,1.6,2.4,3,0.3999999999999999,-1.4
2021-01-24,Verona,Napoli,3,1,H,1,1,D,15,12,7,4,3,3,2,3,0,0,SA,20_21,7,10,1.0,1.0,2.8,1.0,-3,-1.7999999999999998,0.0
2021-01-24,Juventus,Bologna,2,0,H,1,0,H,22,12,12,3,7,6,3,2,0,0,SA,20_21,9,6,2.0,1.6,1.0,1.2,3,1.0,0.40000000000000013
2021-01-24,Parma,Sampdoria,0,2,A,0,2,A,11,11,7,4,5,5,1,1,0,0,SA,20_21,1,6,0.4,2.2,1.4,1.6,-5,-0.9999999999999999,0.6000000000000001
2021-01-24,Genoa,Cagliari,1,0,H,1,0,H,8,13,6,7,4,7,1,2,0,0,SA,20_21,8,0,1.2,0.8,0.8,2.4,8,0.3999999999999999,-1.5999999999999999
2021-01-25,Ath Bilbao,Getafe,5,1,H,1,1,D,11,6,8,2,4,4,4,4,0,0,LL,20_21,7,7,1.2,1.0,1.0,0.8,0,0.19999999999999996,0.19999999999999996
2021-01-26,West Brom,Man City,0,5,A,0,4,A,4,18,1,7,3,8,2,0,0,0,PL,22_21,4,15,1.0,2.8,2.4,0.2,-11,-1.4,2.5999999999999996
2021-01-26,Southampton,Arsenal,1,3,A,1,2,A,13,9,5,5,4,5,1,2,0,0,PL,22_21,5,13,0.2,0.6,2.2,0.2,-8,-2.0,0.39999999999999997
2021-01-26,Newcastle,Leeds,1,2,A,0,1,A,22,9,5,2,9,5,1,3,0,0,PL,22_21,1,6,0.2,1.6,1.6,2.0,-5,-1.4000000000000001,-0.3999999999999999
2021-01-26,Crystal Palace,West Ham,2,3,A,1,2,A,6,17,3,7,3,4,0,0,0,0,PL,22_21,5,11,0.6,1.6,1.2,0.6,-6,-0.6,1.0
2021-01-27,Chelsea,Wolves,0,0,D,0,0,D,14,4,5,0,13,1,1,1,0,0,PL,22_21,4,2,0.8,1.8,1.4,2.0,2,-0.5999999999999999,-0.19999999999999996
2021-01-27,Brighton,Fulham,0,0,D,0,0,D,16,10,5,3,10,0,2,1,0,0,PL,22_21,5,3,1.2,1.4,0.6,1.0,2,0.6,0.3999999999999999
2021-01-27,Everton,Leicester,1,1,D,1,0,H,8,19,2,6,5,11,1,1,0,0,PL,22_21,12,11,1.4,0.6,1.8,0.8,1,-0.40000000000000013,-0.20000000000000007
2021-01-27,Man United,Sheffield United,1,2,A,0,1,A,16,5,4,3,7,2,1,1,0,0,PL,22_21,13,3,1.2,0.4,0.4,1.4,10,0.7999999999999999,-0.9999999999999999
2021-01-27,Burnley,Aston Villa,3,2,H,0,1,A,10,18,5,10,2,4,1,0,0,0,PL,22_21,6,7,0.4,0.6,1.4,1.0,-1,-0.9999999999999999,-0.4
2021-01-28,Tottenham,Liverpool,1,3,A,0,1,A,3,14,2,7,1,2,1,2,0,0,PL,22_21,8,3,1.6,1.0,0.2,0.6,5,1.4000000000000001,0.4
2021-01-29,Valladolid,Huesca,1,3,A,0,1,A,14,11,4,5,6,7,2,2,0,0,LL,20_21,6,1,1.0,1.0,0.2,1.2,5,0.8,-0.19999999999999996
2021-01-29,Torino,Fiorentina,1,1,D,0,0,D,15,9,6,3,7,2,2,2,0,2,SA,20_21,6,7,1.2,1.0,0.8,1.8,-1,0.3999999999999999,-0.8
2021-01-30,Southampton,Aston Villa,0,1,A,0,1,A,20,8,5,4,7,1,1,0,0,0,PL,22_21,5,4,0.4,1.0,1.2,1.6,1,-0.7999999999999999,-0.6000000000000001
2021-01-30,Eibar,Sevilla,0,2,A,0,1,A,17,7,6,4,6,2,4,3,0,0,LL,20_21,5,10,1.2,1.2,1.8,1.2,-5,-0.6000000000000001,0.0
2021-01-30,Real Madrid,Levante,1,2,A,1,1,D,8,14,2,8,3,7,1,2,1,0,LL,20_21,11,8,1.8,0.4,2.2,2.0,3,-0.40000000000000013,-1.6
2021-01-30,Valencia,Elche,1,0,H,1,0,H,14,10,4,1,4,10,1,7,0,0,LL,20_21,5,2,1.0,1.4,0.8,1.8,3,0.19999999999999996,-0.40000000000000013
2021-01-30,Villarreal,Sociedad,1,1,D,1,0,H,4,12,2,3,1,7,1,3,0,0,LL,20_21,8,5,1.6,1.0,1.2,1.6,3,0.40000000000000013,-0.6000000000000001
2021-01-30,Sampdoria,Juventus,0,2,A,0,1,A,6,10,2,4,5,7,4,2,0,0,SA,20_21,9,12,1.4,1.0,2.4,1.0,-3,-1.0,0.0
2021-01-30,Bologna,Milan,1,2,A,0,1,A,10,17,5,13,6,4,2,1,0,0,SA,20_21,5,9,0.6,1.2,1.4,1.2,-4,-0.7999999999999999,0.0
2021-01-30,Inter,Benevento,4,0,H,1,0,H,13,0,8,0,7,3,0,2,0,0,SA,20_21,8,4,2.2,1.2,1.2,2.6,4,1.0000000000000002,-1.4000000000000001
2021-01-30,Arsenal,Man United,0,0,D,0,0,D,17,14,3,3,4,7,1,3,0,0,PL,22_21,13,10,2.2,0.2,1.2,0.8,3,1.0000000000000002,-0.6000000000000001
2021-01-30,West Brom,Fulham,2,2,D,0,1,A,5,12,3,7,2,3,1,0,0,0,PL,22_21,3,3,0.8,3.6,0.4,0.8,0,0.4,2.8
2021-01-30,Man City,Sheffield United,1,0,H,1,0,H,10,4,5,1,10,0,0,3,0,0,PL,22_21,15,6,3.0,0.2,0.8,1.4,9,2.2,-1.2
2021-01-30,Crystal Palace,Wolves,1,0,H,0,0,D,11,6,2,4,1,6,1,2,0,0,PL,22_21,5,2,1.0,1.6,1.2,1.8,3,-0.19999999999999996,-0.19999999999999996
2021-01-30,Everton,Newcastle,0,2,A,0,0,D,11,13,3,3,7,12,3,4,0,0,PL,22_21,10,0,1.2,0.8,0.4,2.0,10,0.7999999999999999,-1.2
2021-01-31,Crotone,Genoa,0,3,A,0,2,A,9,10,4,6,3,11,3,1,0,0,SA,20_21,3,8,1.8,2.8,1.0,0.6,-5,0.8,2.1999999999999997
2021-01-31,Cagliari,Sassuolo,1,1,D,0,0,D,9,14,6,5,3,14,2,3,0,0,SA,20_21,0,4,0.4,2.0,1.2,2.4,-4,-0.7999999999999999,-0.3999999999999999
2021-01-31,Cadiz,Ath Madrid,2,4,A,1,2,A,11,9,6,4,2,2,1,5,0,0,LL,20_21,6,15,1.2,1.4,2.0,0.6,-9,-0.8,0.7999999999999999
2021-01-31,Napoli,Parma,2,0,H,1,0,H,10,4,6,1,7,6,2,4,0,0,SA,20_21,9,1,2.8,1.4,0.2,2.2,8,2.5999999999999996,-0.8000000000000003
2021-01-31,Granada,Celta,0,0,D,0,0,D,10,7,5,1,6,5,2,4,0,0,LL,20_21,4,4,1.0,2.2,0.8,2.0,0,0.19999999999999996,0.20000000000000018
2021-01-31,Barcelona,Ath Bilbao,2,1,H,1,0,H,12,7,6,2,7,3,2,3,0,0,LL,20_21,13,7,2.2,0.6,1.8,1.2,6,0.40000000000000013,-0.6
2021-01-31,Spezia,Udinese,0,1,A,0,0,D,9,6,5,4,2,2,6,4,1,1,SA,20_21,7,3,1.4,1.4,1.0,1.4,4,0.3999999999999999,0.0
2021-01-31,Getafe,Alaves,0,0,D,0,0,D,5,5,1,1,5,2,3,3,0,0,LL,20_21,6,1,1.0,1.6,1.0,2.4,5,0.0,-0.7999999999999998
2021-01-31,Roma,Verona,3,1,H,3,0,H,15,6,6,2,4,5,2,1,0,0,SA,20_21,10,10,2.0,1.8,1.4,0.8,0,0.6000000000000001,1.0
2021-01-31,Atalanta,Lazio,1,3,A,0,1,A,8,15,4,7,2,2,0,2,0,0,SA,20_21,11,13,2.2,0.4,2.0,0.6,-2,0.20000000000000018,-0.19999999999999996
2021-01-31,Chelsea,Burnley,2,0,H,1,0,H,19,1,8,0,4,2,0,1,0,0,PL,22_21,5,9,0.6,1.2,1.0,0.8,-4,-0.4,0.3999999999999999
2021-01-31,Leicester,Leeds,1,3,A,1,1,D,18,8,8,7,6,4,0,3,0,0,PL,22_21,11,9,1.6,0.6,1.6,1.0,2,0.0,-0.4
2021-01-31,Brighton,Tottenham,1,0,H,1,0,H,16,8,5,4,9,2,2,1,0,0,PL,22_21,5,8,0.8,1.0,1.8,1.2,-3,-1.0,-0.19999999999999996
2021-01-31,West Ham,Liverpool,1,3,A,0,0,D,8,14,2,5,6,5,2,0,0,0,PL,22_21,13,5,1.4,0.6,0.6,0.6,8,0.7999999999999999,0.0
2021-02-01,Betis,Osasuna,1,0,H,0,0,D,8,15,4,5,3,4,1,1,0,0,LL,20_21,8,6,2.0,1.6,1.0,1.0,2,1.0,0.6000000000000001
2021-02-02,Man United,Southampton,9,0,H,4,0,H,24,3,14,1,5,3,2,3,0,2,PL,22_21,8,4,0.8,0.6,0.4,1.2,4,0.4,-0.6
2021-02-02,Newcastle,Crystal Palace,1,2,A,1,2,A,21,6,5,3,9,1,1,3,0,0,PL,22_21,3,7,0.6,1.6,1.0,1.4,-4,-0.4,0.20000000000000018
2021-02-02,Wolves,Arsenal,2,1,H,1,1,D,11,9,7,3,9,6,3,2,0,2,PL,22_21,2,11,1.2,1.8,2.0,0.2,-9,-0.8,1.6
2021-02-02,Sheffield United,West Brom,2,1,H,0,1,A,14,8,6,4,9,2,2,1,0,0,PL,22_21,6,4,0.8,1.4,1.2,3.0,2,-0.3999999999999999,-1.6
2021-02-03,Liverpool,Brighton,0,1,A,0,0,D,11,13,1,4,6,3,1,0,0,0,PL,22_21,7,8,1.2,0.8,1.0,0.8,-1,0.19999999999999996,0.0
2021-02-03,Aston Villa,West Ham,1,3,A,0,0,D,9,20,2,10,7,3,1,1,0,0,PL,22_21,6,12,1.2,1.4,1.6,1.2,-6,-0.40000000000000013,0.19999999999999996
2021-02-03,Leeds,Everton,1,2,A,0,2,A,16,10,7,6,7,1,2,3,0,0,PL,22_21,9,7,2.0,1.2,0.8,1.0,2,1.2,0.19999999999999996
2021-02-03,Fulham,Leicester,0,2,A,0,2,A,8,9,1,5,5,2,3,1,0,0,PL,22_21,3,10,0.8,1.2,1.6,1.0,-7,-0.8,0.19999999999999996
2021-02-03,Burnley,Man City,0,2,A,0,2,A,2,17,0,6,1,3,2,1,0,0,PL,22_21,6,15,0.8,1.2,2.6,0.0,-9,-1.8,1.2
2021-02-04,Tottenham,Chelsea,0,1,A,0,1,A,7,18,2,2,2,7,2,3,0,0,PL,22_21,7,7,1.6,1.2,0.8,1.0,0,0.8,0.19999999999999996
2021-02-05,Alaves,Valladolid,1,0,H,0,0,D,20,3,5,1,11,1,4,4,0,0,LL,20_21,1,5,0.8,2.2,1.2,1.6,-4,-0.3999999999999999,0.6000000000000001
2021-02-05,Fiorentina,Inter,0,2,A,0,1,A,15,14,3,7,7,7,3,1,0,0,SA,20_21,7,8,1.0,2.0,1.8,0.8,-1,-0.8,1.2
2021-02-06,Genoa,Napoli,2,1,H,2,0,H,4,24,2,11,1,6,2,3,0,0,SA,20_21,10,9,1.4,0.4,2.4,1.2,1,-1.0,-0.7999999999999999
2021-02-06,Sassuolo,Spezia,1,2,A,1,1,D,8,13,4,7,5,5,2,3,0,0,SA,20_21,5,7,1.2,1.6,1.4,1.4,-2,-0.19999999999999996,0.20000000000000018
2021-02-06,Levante,Granada,2,2,D,1,1,D,11,11,7,5,6,2,1,3,0,0,LL,20_21,8,5,1.8,1.6,1.0,1.8,3,0.8,-0.19999999999999996
2021-02-06,Atalanta,Torino,3,3,D,3,2,H,9,19,4,11,4,3,3,2,0,0,SA,20_21,8,4,1.8,1.0,0.8,1.2,4,1.0,-0.19999999999999996
2021-02-06,Elche,Villarreal,2,2,D,0,2,A,8,9,2,4,4,2,1,2,0,0,LL,20_21,1,9,0.6,1.8,1.8,0.8,-8,-1.2000000000000002,1.0
2021-02-06,Sevilla,Getafe,3,0,H,0,0,D,17,5,5,1,3,1,1,4,0,1,LL,20_21,12,7,2.0,1.0,1.0,1.4,5,1.0,-0.3999999999999999
2021-02-06,Juventus,Roma,2,0,H,1,0,H,3,14,3,3,2,9,2,2,0,0,SA,20_21,12,10,2.0,0.8,2.4,2.0,2,-0.3999999999999999,-1.2
2021-02-06,Huesca,Real Madrid,1,2,A,0,0,D,13,18,2,7,3,10,2,1,0,0,LL,20_21,4,8,0.6,1.0,1.6,0.8,-4,-1.0,0.19999999999999996
2021-02-06,Aston Villa,Arsenal,1,0,H,1,0,H,12,14,8,3,3,7,3,2,0,0,PL,22_21,6,8,1.2,1.6,1.4,0.6,-2,-0.19999999999999996,1.0
2021-02-06,Fulham,West Ham,0,0,D,0,0,D,20,8,2,1,7,3,1,2,0,1,PL,22_21,2,12,0.6,1.4,2.0,1.4,-10,-1.4,0.0
2021-02-06,Burnley,Brighton,1,1,D,0,1,A,20,10,7,2,8,7,2,0,0,0,PL,22_21,6,10,0.8,1.4,0.6,0.2,-4,0.20000000000000007,1.2
2021-02-06,Newcastle,Southampton,3,2,H,3,1,H,6,14,4,5,0,7,2,1,1,0,PL,22_21,3,3,0.8,1.8,0.4,3.0,0,0.4,-1.2
2021-02-06,Man United,Everton,3,3,D,2,0,H,14,6,5,3,5,1,2,1,0,0,PL,22_21,8,7,2.4,0.6,1.0,1.2,1,1.4,-0.6
2021-02-07,Osasuna,Eibar,2,1,H,1,1,D,12,12,4,3,2,1,0,0,0,0,LL,20_21,5,4,0.8,1.0,1.0,1.4,1,-0.19999999999999996,-0.3999999999999999
2021-02-07,Betis,Barcelona,2,3,A,1,0,H,8,12,5,4,3,5,1,3,0,0,LL,20_21,11,15,1.6,0.8,2.4,0.6,-4,-0.7999999999999998,0.20000000000000007
2021-02-07,Lazio,Cagliari,1,0,H,0,0,D,14,7,6,3,12,2,2,2,0,0,SA,20_21,15,1,2.4,0.6,0.4,1.4,14,2.0,-0.7999999999999999
2021-02-07,Tottenham,West Brom,2,0,H,0,0,D,13,4,6,1,8,0,1,2,0,0,PL,22_21,4,4,1.0,1.4,1.4,2.6,0,-0.3999999999999999,-1.2000000000000002
2021-02-07,Wolves,Leicester,0,0,D,0,0,D,13,13,1,3,8,2,1,3,0,0,PL,22_21,4,10,1.0,1.4,1.6,0.8,-6,-0.6000000000000001,0.5999999999999999
2021-02-07,Liverpool,Man City,1,4,A,0,0,D,8,8,3,5,6,1,2,1,0,0,PL,22_21,7,15,1.2,0.8,2.8,0.0,-8,-1.5999999999999999,0.8
2021-02-07,Sheffield United,Chelsea,1,2,A,0,1,A,8,9,3,3,1,8,1,0,0,0,PL,22_21,9,10,1.2,1.2,0.8,0.4,-1,0.3999999999999999,0.7999999999999999
2021-02-07,Benevento,Sampdoria,1,1,D,0,0,D,9,10,3,5,2,10,4,2,0,0,SA,20_21,4,9,1.2,3.0,1.4,1.2,-5,-0.19999999999999996,1.8
2021-02-07,Milan,Crotone,4,0,H,1,0,H,21,9,12,2,8,6,3,1,0,0,SA,20_21,9,3,1.4,1.4,1.4,2.2,6,0.0,-0.8000000000000003
2021-02-07,Udinese,Verona,2,0,H,0,0,D,14,5,8,1,10,8,2,4,0,0,SA,20_21,5,7,0.8,1.0,1.4,1.4,-2,-0.5999999999999999,-0.3999999999999999
2021-02-07,Parma,Bologna,0,3,A,0,2,A,16,15,8,7,5,1,2,1,0,0,SA,20_21,1,4,0.2,2.0,0.8,1.6,-3,-0.6000000000000001,0.3999999999999999
2021-02-07,Ath Bilbao,Valencia,1,1,D,1,0,H,11,15,2,2,6,6,2,1,0,0,LL,20_21,6,8,1.8,1.4,1.0,1.0,-2,0.8,0.3999999999999999
2021-02-07,Sociedad,Cadiz,4,1,H,2,0,H,17,2,6,1,5,1,0,2,0,1,LL,20_21,6,5,1.4,1.4,1.6,2.2,1,-0.20000000000000018,-0.8000000000000003
2021-02-08,Ath Madrid,Celta,2,2,D,1,1,D,9,7,2,2,1,4,2,2,0,0,LL,20_21,15,2,2.6,1.0,0.4,1.8,13,2.2,-0.8
2021-02-08,Leeds,Crystal Palace,2,0,H,1,0,H,17,8,7,3,5,3,0,2,0,0,PL,22_21,6,7,1.2,1.6,1.0,1.6,-1,0.19999999999999996,0.0
2021-02-09,Real Madrid,Getafe,2,0,H,0,0,D,14,1,4,0,8,1,1,1,0,0,LL,20_21,10,7,1.8,0.8,1.0,1.8,3,0.8,-1.0
2021-02-12,Celta,Elche,3,1,H,2,0,H,9,7,6,2,3,6,3,2,0,0,LL,20_21,3,2,0.8,1.8,1.0,2.0,1,-0.19999999999999996,-0.19999999999999996
2021-02-12,Bologna,Benevento,1,1,D,1,0,H,11,13,3,8,8,3,3,2,0,0,SA,20_21,6,2,1.0,1.2,1.0,3.0,4,0.0,-1.8
2021-02-13,Leicester,Liverpool,3,1,H,0,0,D,11,15,6,4,2,12,1,2,0,0,PL,22_21,8,6,1.2,0.8,1.4,1.6,2,-0.19999999999999996,-0.8
2021-02-13,Crystal Palace,Burnley,0,3,A,0,2,A,13,16,3,4,7,4,0,0,0,0,PL,22_21,6,7,1.0,2.0,1.0,1.4,-1,0.0,0.6000000000000001
2021-02-13,Man City,Tottenham,3,0,H,1,0,H,15,7,6,3,4,2,1,3,0,0,PL,22_21,15,6,2.8,0.2,1.2,1.2,9,1.5999999999999999,-1.0
2021-02-13,Brighton,Aston Villa,0,0,D,0,0,D,26,4,9,1,9,2,2,3,0,0,PL,22_21,11,9,0.8,0.2,1.4,1.2,2,-0.5999999999999999,-1.0
2021-02-13,Torino,Genoa,0,0,D,0,0,D,10,6,2,3,3,5,2,4,0,0,SA,20_21,4,13,1.2,1.6,1.6,0.2,-9,-0.40000000000000013,1.4000000000000001
2021-02-13,Sevilla,Huesca,1,0,H,0,0,D,14,9,4,5,6,6,3,4,0,0,LL,20_21,12,4,2.0,0.6,0.8,1.2,8,1.2,-0.6
2021-02-13,Spezia,Milan,2,0,H,0,0,D,15,7,5,0,5,2,3,1,0,0,SA,20_21,7,12,1.4,1.4,2.0,0.8,-5,-0.6000000000000001,0.5999999999999999
2021-02-13,Napoli,Juventus,1,0,H,1,0,H,10,22,3,6,3,9,2,3,0,0,SA,20_21,9,12,2.4,1.2,1.8,0.6,-3,0.5999999999999999,0.6
2021-02-13,Barcelona,Alaves,5,1,H,2,0,H,17,6,9,2,5,4,0,2,0,0,LL,20_21,15,4,2.8,1.0,0.8,1.8,11,1.9999999999999998,-0.8
2021-02-13,Eibar,Valladolid,1,1,D,1,1,D,14,5,2,1,7,3,2,3,0,0,LL,20_21,1,2,0.8,1.8,1.0,1.8,-1,-0.19999999999999996,0.0
2021-02-13,Granada,Ath Madrid,1,2,A,0,0,D,6,10,1,4,7,3,0,5,0,0,LL,20_21,6,13,1.4,1.4,2.6,1.2,-7,-1.2000000000000002,0.19999999999999996
2021-02-14,West Brom,Man United,1,1,D,1,1,D,7,10,3,7,4,5,5,0,0,0,PL,22_21,1,8,0.8,2.6,3.0,1.2,-7,-2.2,1.4000000000000001
2021-02-14,Southampton,Wolves,1,2,A,1,0,H,7,10,3,4,4,6,2,2,0,0,PL,22_21,0,5,0.6,3.6,0.8,1.0,-5,-0.20000000000000007,2.6
2021-02-14,Villarreal,Betis,1,2,A,0,1,A,9,15,5,4,7,3,3,2,0,0,LL,20_21,7,10,1.8,1.0,1.8,1.2,-3,0.0,-0.19999999999999996
2021-02-14,Levante,Osasuna,0,1,A,0,0,D,13,7,4,2,2,1,1,2,0,0,LL,20_21,9,7,2.0,1.6,1.2,1.2,2,0.8,0.40000000000000013
2021-02-14,Real Madrid,Valencia,2,0,H,2,0,H,16,4,7,1,6,1,0,3,0,0,LL,20_21,10,8,1.8,0.8,1.0,1.0,2,0.8,-0.19999999999999996
2021-02-14,Getafe,Sociedad,0,1,A,0,1,A,4,3,0,2,2,5,3,3,1,0,LL,20_21,4,6,0.4,2.0,2.0,1.6,-2,-1.6,0.3999999999999999
2021-02-14,Inter,Lazio,3,1,H,2,0,H,11,12,7,7,4,0,2,1,0,0,SA,20_21,11,15,2.0,0.4,2.2,0.4,-4,-0.20000000000000018,0.0
2021-02-14,Crotone,Sassuolo,1,2,A,1,1,D,9,21,6,4,7,8,1,1,0,0,SA,20_21,3,2,1.2,2.4,1.0,1.8,1,0.19999999999999996,0.5999999999999999
2021-02-14,Sampdoria,Fiorentina,2,1,H,1,1,D,7,15,3,7,6,7,1,3,0,0,SA,20_21,7,7,1.2,1.2,0.8,2.0,0,0.3999999999999999,-0.8
2021-02-14,Cagliari,Atalanta,0,1,A,0,0,D,4,10,1,5,6,6,3,3,0,0,SA,20_21,1,6,0.2,1.2,1.6,1.4,-5,-1.4000000000000001,-0.19999999999999996
2021-02-14,Roma,Udinese,3,0,H,2,0,H,12,6,8,1,7,2,2,0,0,0,SA,20_21,7,8,1.8,2.2,1.0,0.6,-1,0.8,1.6
2021-02-14,Arsenal,Leeds,4,2,H,3,0,H,13,9,5,5,4,5,0,2,0,0,PL,22_21,7,9,1.4,0.8,1.6,1.0,-2,-0.20000000000000018,-0.19999999999999996
2021-02-14,Everton,Fulham,0,2,A,0,0,D,7,12,2,3,5,4,1,1,0,0,PL,22_21,8,3,1.6,1.6,0.6,1.2,5,1.0,0.40000000000000013
2021-02-15,Chelsea,Newcastle,2,0,H,2,0,H,18,10,5,4,10,5,0,0,0,0,PL,22_21,10,6,1.0,0.6,1.4,1.6,4,-0.3999999999999999,-1.0
2021-02-15,Verona,Parma,2,1,H,1,1,D,11,13,5,4,4,4,4,2,0,0,SA,20_21,6,1,1.2,1.6,0.2,2.0,5,1.0,-0.3999999999999999
2021-02-15,Cadiz,Ath Bilbao,0,4,A,0,3,A,11,13,2,8,5,8,3,2,0,0,LL,20_21,4,7,1.6,2.8,2.0,1.4,-3,-0.3999999999999999,1.4
2021-02-15,West Ham,Sheffield United,3,0,H,1,0,H,13,8,9,5,7,7,0,2,0,0,PL,22_21,10,6,1.8,1.4,1.2,1.6,4,0.6000000000000001,-0.20000000000000018
2021-02-17,Burnley,Fulham,1,1,D,0,0,D,8,8,3,3,5,5,1,1,0,0,PL,22_21,7,6,1.4,1.4,0.8,0.8,1,0.5999999999999999,0.5999999999999999
2021-02-17,Everton,Man City,1,3,A,1,1,D,3,16,2,7,0,10,2,1,0,0,PL,22_21,5,15,1.2,1.8,3.0,0.2,-10,-1.8,1.6
2021-02-17,Levante,Ath Madrid,1,1,D,1,1,D,7,14,4,6,1,8,1,3,0,0,LL,20_21,6,13,1.6,1.6,2.6,1.4,-7,-1.0,0.20000000000000018
2021-02-19,Cagliari,Torino,0,1,A,0,0,D,18,10,3,6,8,3,3,2,0,0,SA,20_21,1,5,0.2,1.2,1.2,1.2,-4,-1.0,0.0
2021-02-19,Fiorentina,Spezia,3,0,H,0,0,D,10,11,5,3,0,6,4,0,0,0,SA,20_21,4,7,0.8,2.4,1.4,1.2,-3,-0.5999999999999999,1.2
2021-02-19,Wolves,Leeds,1,0,H,0,0,D,15,18,5,7,7,9,1,0,0,0,PL,22_21,8,9,0.8,0.6,2.0,1.6,-1,-1.2,-1.0
2021-02-19,Betis,Getafe,1,0,H,0,0,D,12,6,5,1,5,2,5,4,1,0,LL,20_21,10,1,1.8,1.4,0.2,2.2,9,1.6,-0.8000000000000003
2021-02-20,Liverpool,Everton,0,2,A,0,1,A,15,9,6,6,7,2,2,1,0,0,PL,22_21,6,4,1.6,2.0,1.2,2.2,2,0.40000000000000013,-0.20000000000000018
2021-02-20,Southampton,Chelsea,1,1,D,1,0,H,4,9,1,3,3,6,1,1,0,0,PL,22_21,0,13,0.8,3.6,1.4,0.2,-13,-0.5999999999999999,3.4
2021-02-20,Burnley,West Brom,0,0,D,0,0,D,6,10,1,3,5,5,3,0,0,1,PL,22_21,5,2,1.0,1.2,0.8,2.4,3,0.19999999999999996,-1.2
2021-02-20,Fulham,Sheffield United,1,0,H,0,0,D,15,4,7,2,6,4,1,2,0,0,PL,22_21,6,6,1.0,1.0,1.0,1.6,0,0.0,-0.6000000000000001
2021-02-20,Valladolid,Real Madrid,0,1,A,0,0,D,9,10,5,2,4,5,4,2,0,0,LL,20_21,3,12,1.2,1.8,2.2,0.8,-9,-1.0000000000000002,1.0
2021-02-20,Valencia,Celta,2,0,H,0,0,D,10,5,3,2,6,1,2,3,0,1,LL,20_21,5,6,0.8,1.4,1.4,1.2,-1,-0.5999999999999999,0.19999999999999996
2021-02-20,Elche,Eibar,1,0,H,1,0,H,6,13,2,3,1,4,2,1,0,0,LL,20_21,2,2,1.0,2.0,0.8,1.6,0,0.19999999999999996,0.3999999999999999
2021-02-20,Genoa,Verona,2,2,D,0,1,A,12,9,4,4,5,1,1,1,0,0,SA,20_21,11,6,1.2,0.2,1.2,1.6,5,0.0,-1.4000000000000001
2021-02-20,Lazio,Sampdoria,1,0,H,1,0,H,11,11,8,2,4,5,4,3,0,0,SA,20_21,12,10,2.0,1.0,1.4,1.0,2,0.6000000000000001,0.0
2021-02-20,Ath Madrid,Levante,0,2,A,0,1,A,28,6,11,1,12,2,2,3,0,0,LL,20_21,11,6,2.4,1.4,1.4,1.4,5,1.0,0.0
2021-02-20,Sassuolo,Bologna,1,1,D,0,1,A,32,4,11,2,10,6,1,0,0,1,SA,20_21,5,7,1.2,1.4,1.2,1.0,-2,0.0,0.3999999999999999
2021-02-21,Parma,Udinese,2,2,D,2,0,H,15,12,6,3,3,2,7,4,0,0,SA,20_21,1,8,0.4,2.0,0.8,0.8,-7,-0.4,1.2
2021-02-21,Milan,Inter,0,3,A,0,1,A,16,16,10,8,7,7,2,1,0,0,SA,20_21,9,13,1.6,1.2,2.2,0.2,-4,-0.6000000000000001,1.0
2021-02-21,Benevento,Roma,0,0,D,0,0,D,6,14,3,8,1,9,4,1,1,0,SA,20_21,3,9,1.0,2.4,2.0,1.8,-6,-1.0,0.5999999999999999
2021-02-21,Man United,Newcastle,3,1,H,1,1,D,15,10,7,6,6,4,1,2,0,0,PL,22_21,6,6,2.8,1.2,1.4,1.6,0,1.4,-0.40000000000000013
2021-02-21,Arsenal,Man City,0,1,A,0,1,A,7,15,1,3,1,3,2,2,0,0,PL,22_21,7,15,1.6,1.2,2.6,0.4,-8,-1.0,0.7999999999999999
2021-02-21,West Ham,Tottenham,2,1,H,1,0,H,4,20,4,4,5,7,4,3,0,0,PL,22_21,10,3,2.0,1.2,0.6,1.6,7,1.4,-0.40000000000000013
2021-02-21,Atalanta,Napoli,4,2,H,0,0,D,15,5,7,4,6,2,2,1,0,0,SA,20_21,8,9,1.8,1.4,2.2,1.0,-1,-0.40000000000000013,0.3999999999999999
2021-02-21,Aston Villa,Leicester,1,2,A,0,2,A,11,16,2,7,7,8,2,1,0,0,PL,22_21,7,8,1.0,1.2,1.4,1.0,-1,-0.3999999999999999,0.19999999999999996
2021-02-21,Sociedad,Alaves,4,0,H,1,0,H,8,7,4,2,4,3,3,2,0,0,LL,20_21,8,4,2.0,1.4,0.8,2.2,4,1.2,-0.8000000000000003
2021-02-21,Huesca,Granada,3,2,H,3,1,H,15,8,6,5,5,2,3,3,0,1,LL,20_21,4,3,0.8,1.0,1.2,1.8,1,-0.3999999999999999,-0.8
2021-02-21,Ath Bilbao,Villarreal,1,1,D,1,1,D,18,3,8,2,6,0,2,2,0,0,LL,20_21,7,4,2.6,1.4,1.2,1.4,3,1.4000000000000001,0.0
2021-02-21,Barcelona,Cadiz,1,1,D,1,0,H,20,3,4,1,8,0,0,2,0,0,LL,20_21,15,1,3.2,0.8,1.0,3.4,14,2.2,-2.5999999999999996
2021-02-22,Brighton,Crystal Palace,1,2,A,0,1,A,25,3,5,2,13,0,2,0,0,0,PL,22_21,9,6,0.6,0.2,1.0,1.8,3,-0.4,-1.6
2021-02-22,Osasuna,Sevilla,0,2,A,0,1,A,6,10,0,5,3,5,2,2,0,0,LL,20_21,10,15,1.4,0.8,2.2,0.2,-5,-0.8000000000000003,0.6000000000000001
2021-02-22,Juventus,Crotone,3,0,H,2,0,H,26,16,9,3,7,3,3,1,0,0,SA,20_21,9,3,1.2,0.6,1.2,2.4,6,0.0,-1.7999999999999998
2021-02-23,Leeds,Southampton,3,0,H,0,0,D,11,13,7,5,2,4,1,2,0,0,PL,22_21,6,1,1.6,1.6,0.8,3.2,5,0.8,-1.6
2021-02-24,Barcelona,Elche,3,0,H,0,0,D,9,6,5,1,6,3,0,0,0,0,LL,20_21,13,4,2.6,1.0,0.8,1.6,9,1.8,-0.6000000000000001
2021-02-26,Levante,Ath Bilbao,1,1,D,1,0,H,10,11,4,5,2,10,3,1,0,1,LL,20_21,8,8,1.4,1.0,2.4,1.0,0,-1.0,0.0
2021-02-27,Bologna,Lazio,2,0,H,1,0,H,14,19,8,7,4,7,1,2,0,0,SA,20_21,5,12,1.2,1.2,1.6,1.0,-7,-0.40000000000000013,0.19999999999999996
2021-02-27,Verona,Juventus,1,1,D,0,0,D,13,15,6,6,8,5,2,2,0,0,SA,20_21,7,12,1.6,1.8,1.8,0.2,-5,-0.19999999999999996,1.6
2021-02-27,Eibar,Huesca,1,1,D,0,0,D,17,4,3,1,6,2,2,2,0,0,LL,20_21,2,7,0.6,1.4,1.4,1.2,-5,-0.7999999999999999,0.19999999999999996
2021-02-27,Sevilla,Barcelona,0,2,A,0,1,A,4,9,2,5,3,3,5,2,0,0,LL,20_21,15,13,2.2,0.0,2.8,1.0,2,-0.5999999999999996,-1.0
2021-02-27,Alaves,Osasuna,0,1,A,0,0,D,4,6,1,3,5,2,3,4,0,0,LL,20_21,4,9,0.6,2.6,1.2,1.0,-5,-0.6,1.6
2021-02-27,Getafe,Valencia,3,0,H,1,0,H,15,5,4,0,3,6,5,2,0,1,LL,20_21,1,7,0.0,1.4,1.0,1.2,-6,-1.0,0.19999999999999996
2021-02-27,Newcastle,Wolves,1,1,D,0,0,D,19,14,7,4,3,5,2,0,0,0,PL,22_21,6,10,1.4,1.8,1.0,0.6,-4,0.3999999999999999,1.2000000000000002
2021-02-27,West Brom,Brighton,1,0,H,1,0,H,6,15,2,6,7,4,0,0,0,0,PL,22_21,3,8,0.8,1.4,0.8,0.6,-5,0.0,0.7999999999999999
2021-02-27,Man City,West Ham,2,1,H,1,1,D,10,9,3,3,4,2,1,1,0,0,PL,22_21,15,10,2.6,0.4,1.8,1.0,5,0.8,-0.6
2021-02-27,Spezia,Parma,2,2,D,0,2,A,13,10,7,5,8,2,3,4,0,0,SA,20_21,6,1,1.4,1.8,0.6,2.2,5,0.7999999999999999,-0.40000000000000013
2021-02-27,Leeds,Aston Villa,0,1,A,0,1,A,13,9,3,4,7,5,3,2,0,0,PL,22_21,6,7,1.6,1.4,0.8,1.0,-1,0.8,0.3999999999999999
2021-02-28,Leicester,Arsenal,1,3,A,1,2,A,8,12,3,4,2,7,2,1,0,0,PL,22_21,10,4,1.6,1.0,1.0,1.2,6,0.6000000000000001,-0.19999999999999996
2021-02-28,Tottenham,Burnley,4,0,H,3,0,H,16,10,7,3,3,4,0,0,0,0,PL,22_21,3,6,0.6,1.4,1.0,0.8,-3,-0.4,0.5999999999999999
2021-02-28,Crystal Palace,Fulham,0,0,D,0,0,D,3,16,0,4,1,3,1,1,0,0,PL,22_21,9,8,1.0,1.4,0.8,0.6,1,0.19999999999999996,0.7999999999999999
2021-02-28,Celta,Valladolid,1,1,D,0,0,D,11,7,2,3,3,5,3,5,0,0,LL,20_21,6,2,1.2,1.2,0.8,1.6,4,0.3999999999999999,-0.40000000000000013
2021-02-28,Cadiz,Betis,0,1,A,0,0,D,5,9,3,4,3,7,1,2,0,0,LL,20_21,1,10,0.8,3.2,1.6,1.2,-9,-0.8,2.0
2021-02-28,Granada,Elche,2,1,H,1,1,D,13,12,4,4,5,5,3,2,0,0,LL,20_21,2,4,1.2,2.0,0.8,1.8,-2,0.3999999999999999,0.19999999999999996
2021-02-28,Chelsea,Man United,0,0,D,0,0,D,18,11,6,4,3,4,1,2,0,0,PL,22_21,13,9,1.6,0.4,3.2,1.0,4,-1.6,-0.6
2021-02-28,Sheffield United,Liverpool,0,2,A,0,0,D,8,16,2,8,4,3,0,0,0,0,PL,22_21,3,3,0.6,1.6,1.0,2.2,0,-0.4,-0.6000000000000001
2021-02-28,Villarreal,Ath Madrid,0,2,A,0,1,A,19,6,6,5,10,2,2,3,0,0,LL,20_21,4,8,1.0,1.2,1.8,1.6,-4,-0.8,-0.40000000000000013
2021-02-28,Roma,Milan,1,2,A,0,1,A,17,20,10,14,5,8,3,3,0,0,SA,20_21,10,6,2.0,1.2,1.2,1.8,4,0.8,-0.6000000000000001
2021-02-28,Sampdoria,Atalanta,0,2,A,0,1,A,7,20,3,11,5,6,1,3,0,0,SA,20_21,7,10,1.0,1.0,2.4,1.6,-3,-1.4,-0.6000000000000001
2021-02-28,Crotone,Cagliari,0,2,A,0,0,D,11,9,4,4,7,4,2,4,0,1,SA,20_21,0,1,0.4,2.8,0.2,1.0,-1,0.2,1.7999999999999998
2021-02-28,Inter,Genoa,3,0,H,1,0,H,23,3,14,2,9,1,0,2,0,0,SA,20_21,13,11,2.4,0.2,1.6,0.6,2,0.7999999999999998,-0.39999999999999997
2021-02-28,Udinese,Fiorentina,1,0,H,0,0,D,9,8,3,2,3,9,1,2,0,0,SA,20_21,8,7,1.0,1.0,1.4,1.2,1,-0.3999999999999999,-0.19999999999999996
2021-02-28,Napoli,Benevento,2,0,H,1,0,H,20,4,8,4,8,2,3,2,1,0,SA,20_21,6,4,1.4,1.8,0.8,1.6,2,0.5999999999999999,0.19999999999999996
2021-03-01,Real Madrid,Sociedad,1,1,D,0,0,D,21,6,2,2,13,4,0,1,0,0,LL,20_21,12,11,1.6,0.6,2.4,0.8,1,-0.7999999999999998,-0.20000000000000007
2021-03-01,Everton,Southampton,1,0,H,1,0,H,7,9,1,1,4,10,0,2,0,0,PL,22_21,7,1,1.6,1.8,0.8,3.6,6,0.8,-1.8
2021-03-02,Man City,Wolves,4,1,H,1,0,H,22,6,10,1,10,2,0,1,0,0,PL,22_21,15,11,2.6,0.6,1.2,0.6,4,1.4000000000000001,0.0
2021-03-02,Juventus,Spezia,3,0,H,0,0,D,20,10,9,2,5,10,2,0,0,0,SA,20_21,10,7,1.6,0.4,1.2,1.4,3,0.40000000000000013,-0.9999999999999999
2021-03-03,Milan,Udinese,1,1,D,0,0,D,11,6,7,2,7,2,4,1,0,0,SA,20_21,9,10,1.6,1.4,1.2,1.0,-1,0.40000000000000013,0.3999999999999999
2021-03-03,Genoa,Sampdoria,1,1,D,0,0,D,8,10,2,6,2,4,1,0,0,0,SA,20_21,8,4,1.4,1.2,0.6,1.4,4,0.7999999999999999,-0.19999999999999996
2021-03-03,Fiorentina,Roma,1,2,A,0,0,D,6,12,2,6,2,3,1,2,0,0,SA,20_21,4,7,1.0,1.2,1.4,1.0,-3,-0.3999999999999999,0.19999999999999996
2021-03-03,Cagliari,Bologna,1,0,H,1,0,H,8,11,5,6,10,4,2,2,0,0,SA,20_21,4,8,0.6,0.8,1.6,0.8,-4,-1.0,0.0
2021-03-03,Atalanta,Crotone,5,1,H,1,1,D,21,4,11,2,4,3,0,2,0,0,SA,20_21,10,0,2.2,1.6,0.2,2.8,10,2.0,-1.1999999999999997
2021-03-03,Sassuolo,Napoli,3,3,D,2,1,H,15,15,8,8,6,4,2,2,0,0,SA,20_21,5,9,1.2,1.4,1.6,1.2,-4,-0.40000000000000013,0.19999999999999996
2021-03-03,Benevento,Verona,0,3,A,0,2,A,7,11,2,6,2,7,0,1,0,0,SA,20_21,3,5,0.4,1.6,1.2,1.8,-2,-0.7999999999999999,-0.19999999999999996
2021-03-03,Sheffield United,Aston Villa,1,0,H,1,0,H,9,16,2,4,2,7,1,0,1,0,PL,22_21,3,7,0.6,1.8,0.8,1.0,-4,-0.20000000000000007,0.8
2021-03-03,Crystal Palace,Man United,0,0,D,0,0,D,8,11,2,1,4,6,1,0,0,0,PL,22_21,7,9,0.8,1.4,3.2,1.0,-2,-2.4000000000000004,0.3999999999999999
2021-03-03,Burnley,Leicester,1,1,D,1,1,D,12,15,7,4,5,8,0,2,0,0,PL,22_21,6,10,1.0,1.2,1.6,1.0,-4,-0.6000000000000001,0.19999999999999996
2021-03-04,Liverpool,Chelsea,0,1,A,0,1,A,7,11,1,5,5,2,0,0,0,0,PL,22_21,3,11,0.8,2.0,1.2,0.4,-8,-0.3999999999999999,1.6
2021-03-04,West Brom,Everton,0,1,A,0,0,D,11,11,3,3,3,3,3,1,0,0,PL,22_21,5,7,0.6,1.0,1.4,1.6,-2,-0.7999999999999999,-0.6000000000000001
2021-03-04,Fulham,Tottenham,0,1,A,0,1,A,11,9,3,2,4,1,2,1,0,0,PL,22_21,9,6,0.8,0.2,1.4,1.2,3,-0.5999999999999999,-1.0
2021-03-04,Parma,Inter,1,2,A,0,0,D,11,12,3,8,2,2,0,1,0,0,SA,20_21,2,15,1.0,2.2,3.0,0.2,-13,-2.0,2.0
2021-03-05,Valencia,Villarreal,2,1,H,0,1,A,25,10,4,5,5,3,4,3,0,0,LL,20_21,7,3,0.8,1.2,1.0,1.6,4,-0.19999999999999996,-0.40000000000000013
2021-03-06,Valladolid,Getafe,2,1,H,2,1,H,4,9,3,2,1,6,2,2,0,1,LL,20_21,2,3,0.6,1.4,0.6,1.4,-1,0.0,0.0
2021-03-06,Elche,Sevilla,2,1,H,0,0,D,6,11,3,3,6,3,4,0,0,0,LL,20_21,4,12,1.0,2.0,1.6,0.4,-8,-0.6000000000000001,1.6
2021-03-06,Cadiz,Eibar,1,0,H,1,0,H,6,16,2,1,0,12,2,2,0,0,LL,20_21,1,2,0.8,2.8,0.6,1.4,-1,0.20000000000000007,1.4
2021-03-06,Osasuna,Barcelona,0,2,A,0,1,A,10,13,3,6,3,4,0,2,0,0,LL,20_21,9,13,0.8,0.8,2.8,0.8,-4,-1.9999999999999998,0.0
2021-03-06,Aston Villa,Wolves,0,0,D,0,0,D,9,10,1,2,5,3,1,0,0,0,PL,22_21,7,8,0.6,0.6,1.0,1.2,-1,-0.4,-0.6
2021-03-06,Juventus,Lazio,3,1,H,1,1,D,8,13,5,5,4,4,0,1,0,0,SA,20_21,10,9,1.8,0.4,1.2,1.2,1,0.6000000000000001,-0.7999999999999999
2021-03-06,Udinese,Sassuolo,2,0,H,1,0,H,12,8,8,2,5,6,1,0,0,0,SA,20_21,8,6,1.2,1.2,1.6,1.6,2,-0.40000000000000013,-0.40000000000000013
2021-03-06,Spezia,Benevento,1,1,D,0,1,A,14,5,7,2,3,1,2,4,0,0,SA,20_21,7,3,1.2,1.8,0.4,1.4,4,0.7999999999999999,0.40000000000000013
2021-03-06,Burnley,Arsenal,1,1,D,1,1,D,9,15,5,3,2,4,1,1,0,0,PL,22_21,6,6,1.0,1.2,1.6,1.4,0,-0.6000000000000001,-0.19999999999999996
2021-03-06,Sheffield United,Southampton,0,2,A,0,1,A,8,15,2,5,7,3,4,3,0,0,PL,22_21,3,1,0.4,1.6,0.8,2.0,2,-0.4,-0.3999999999999999
2021-03-06,Brighton,Leicester,1,2,A,1,0,H,7,8,2,4,6,6,0,1,0,0,PL,22_21,5,8,0.6,0.8,1.4,1.2,-3,-0.7999999999999999,-0.3999999999999999
2021-03-07,Crotone,Torino,4,2,H,1,1,D,19,17,10,6,8,8,4,2,0,1,SA,20_21,0,7,0.4,3.2,1.4,1.2,-7,-0.9999999999999999,2.0
2021-03-07,Fiorentina,Parma,3,3,D,2,1,H,6,11,5,6,3,3,0,3,0,0,SA,20_21,3,2,1.0,1.4,1.2,2.2,1,-0.19999999999999996,-0.8000000000000003
2021-03-07,Verona,Milan,0,2,A,0,1,A,8,12,1,4,8,1,2,0,0,0,SA,20_21,8,7,1.6,1.2,1.4,1.4,1,0.20000000000000018,-0.19999999999999996
2021-03-07,Sampdoria,Cagliari,2,2,D,0,1,A,11,10,5,5,3,5,4,3,0,0,SA,20_21,5,6,0.8,1.2,0.6,0.6,-1,0.20000000000000007,0.6
2021-03-07,Napoli,Bologna,3,1,H,1,0,H,15,17,8,7,6,3,2,0,0,0,SA,20_21,7,8,1.8,1.8,1.4,0.6,-1,0.40000000000000013,1.2000000000000002
2021-03-07,Roma,Genoa,1,0,H,1,0,H,18,7,4,2,7,1,1,4,0,0,SA,20_21,7,6,1.2,1.0,1.0,1.4,1,0.19999999999999996,-0.3999999999999999
2021-03-07,Ath Madrid,Real Madrid,1,1,D,1,0,H,11,18,5,8,1,6,5,1,0,0,LL,20_21,8,13,1.4,1.2,1.6,0.4,-5,-0.20000000000000018,0.7999999999999999
2021-03-07,Sociedad,Levante,1,0,H,1,0,H,25,6,8,1,7,5,0,2,0,0,LL,20_21,11,6,2.2,0.6,1.2,1.0,5,1.0000000000000002,-0.4
2021-03-07,Ath Bilbao,Granada,2,1,H,1,0,H,7,13,5,3,6,9,2,2,0,0,LL,20_21,6,5,1.6,1.0,1.4,1.6,1,0.20000000000000018,-0.6000000000000001
2021-03-07,Huesca,Celta,3,4,A,2,2,D,19,10,7,7,6,3,0,2,0,0,LL,20_21,7,6,1.6,1.4,1.2,1.2,1,0.40000000000000013,0.19999999999999996
2021-03-07,Tottenham,Crystal Palace,4,1,H,1,1,D,12,5,5,1,1,5,2,3,0,0,PL,22_21,9,5,1.6,1.0,0.4,1.2,4,1.2000000000000002,-0.19999999999999996
2021-03-07,Man City,Man United,0,2,A,0,1,A,23,8,6,6,6,2,0,3,0,0,PL,22_21,15,7,2.6,0.6,1.4,1.0,8,1.2000000000000002,-0.4
2021-03-07,Liverpool,Fulham,0,1,A,0,1,A,16,10,3,3,9,4,2,3,0,0,PL,22_21,3,8,0.8,2.0,0.8,0.4,-5,0.0,1.6
2021-03-07,West Brom,Newcastle,0,0,D,0,0,D,13,9,3,5,9,7,0,0,0,0,PL,22_21,5,4,0.4,0.8,1.2,2.0,1,-0.7999999999999999,-1.2
2021-03-08,Inter,Atalanta,1,0,H,0,0,D,5,10,1,3,7,7,0,1,0,0,SA,20_21,15,13,2.6,0.4,3.0,1.2,2,-0.3999999999999999,-0.7999999999999999
2021-03-08,Betis,Alaves,3,2,H,0,2,A,23,4,8,3,12,1,0,3,0,0,LL,20_21,12,4,1.4,0.8,0.4,2.0,8,0.9999999999999999,-1.2
2021-03-08,West Ham,Leeds,2,0,H,2,0,H,16,17,5,2,6,6,1,1,0,0,PL,22_21,10,6,1.8,0.8,1.4,1.2,4,0.40000000000000013,-0.3999999999999999
2021-03-08,Chelsea,Everton,2,0,H,1,0,H,19,7,9,1,7,3,0,3,0,0,PL,22_21,11,9,1.2,0.4,1.0,1.0,2,0.19999999999999996,-0.6
2021-03-10,Ath Madrid,Ath Bilbao,2,1,H,1,1,D,11,4,5,2,5,4,2,2,0,0,LL,20_21,8,9,1.2,1.0,1.8,0.8,-1,-0.6000000000000001,0.19999999999999996
2021-03-10,Man City,Southampton,5,2,H,3,1,H,17,11,10,6,5,5,1,0,0,0,PL,22_21,12,4,2.0,1.0,0.8,1.4,8,1.2,-0.3999999999999999
2021-03-12,Atalanta,Spezia,3,1,H,0,0,D,14,6,9,3,3,5,2,0,0,0,SA,20_21,12,5,2.4,0.8,1.0,1.8,7,1.4,-1.0
2021-03-12,Lazio,Crotone,3,2,H,2,1,H,23,6,9,3,5,1,0,3,0,0,SA,20_21,6,3,0.8,1.6,1.2,2.8,3,-0.3999999999999999,-1.1999999999999997
2021-03-12,Newcastle,Aston Villa,1,1,D,0,0,D,12,15,3,6,2,2,2,3,0,0,PL,22_21,5,5,1.0,1.6,0.4,0.6,0,0.6,1.0
2021-03-12,Levante,Valencia,1,0,H,1,0,H,11,11,3,2,3,3,3,4,0,0,LL,20_21,5,7,0.8,0.8,1.0,1.4,-2,-0.19999999999999996,-0.5999999999999999
2021-03-13,Crystal Palace,West Brom,1,0,H,1,0,H,6,12,4,1,3,2,3,1,0,0,PL,22_21,5,6,0.6,1.6,0.4,0.4,-1,0.19999999999999996,1.2000000000000002
2021-03-13,Sassuolo,Verona,3,2,H,1,1,D,14,12,8,7,6,5,3,2,0,0,SA,20_21,5,8,1.4,1.8,1.6,1.2,-3,-0.20000000000000018,0.6000000000000001
2021-03-13,Benevento,Fiorentina,1,4,A,0,3,A,16,11,6,7,8,3,3,1,0,0,SA,20_21,3,4,0.4,1.4,1.6,1.6,-1,-1.2000000000000002,-0.20000000000000018
2021-03-13,Getafe,Ath Madrid,0,0,D,0,0,D,11,15,2,7,3,11,1,4,1,0,LL,20_21,3,8,0.8,1.2,1.2,1.0,-5,-0.3999999999999999,0.19999999999999996
2021-03-13,Osasuna,Valladolid,0,0,D,0,0,D,14,12,2,2,7,3,2,3,0,0,LL,20_21,9,5,0.8,1.0,0.8,1.0,4,0.0,0.0
2021-03-13,Real Madrid,Elche,2,1,H,0,0,D,17,3,4,2,6,1,1,1,0,0,LL,20_21,11,6,1.4,0.4,1.0,1.8,5,0.3999999999999999,-1.4
2021-03-13,Leeds,Chelsea,0,0,D,0,0,D,7,15,4,8,8,5,3,0,0,0,PL,22_21,3,11,1.0,1.6,1.2,0.2,-8,-0.19999999999999996,1.4000000000000001
2021-03-13,Alaves,Cadiz,1,1,D,1,0,H,9,9,3,1,2,5,3,3,1,0,LL,20_21,3,4,0.8,2.6,0.6,2.0,-1,0.20000000000000007,0.6000000000000001
2021-03-13,Everton,Burnley,1,2,A,1,2,A,14,14,4,5,7,4,0,4,0,0,PL,22_21,9,4,1.0,1.0,0.6,1.4,5,0.4,-0.3999999999999999
2021-03-13,Fulham,Man City,0,3,A,0,0,D,3,8,0,7,4,2,0,0,0,0,PL,22_21,8,12,0.6,0.4,2.4,1.2,-4,-1.7999999999999998,-0.7999999999999999
2021-03-13,Genoa,Udinese,1,1,D,1,1,D,10,9,3,3,6,3,3,1,0,0,SA,20_21,3,8,0.6,1.4,1.2,1.2,-5,-0.6,0.19999999999999996
2021-03-14,Torino,Inter,1,2,A,0,0,D,6,13,4,4,1,8,0,1,0,0,SA,20_21,6,15,1.4,1.6,2.4,0.4,-9,-1.0,1.2000000000000002
2021-03-14,Sevilla,Betis,1,0,H,1,0,H,9,13,3,3,3,6,3,5,0,0,LL,20_21,9,12,1.4,0.8,1.8,1.2,-3,-0.40000000000000013,-0.3999999999999999
2021-03-14,Bologna,Sampdoria,3,1,H,2,1,H,10,20,7,9,2,6,2,2,0,0,SA,20_21,5,5,1.0,1.2,1.0,1.4,0,0.0,-0.19999999999999996
2021-03-14,Cagliari,Juventus,1,3,A,0,3,A,15,9,7,7,8,5,0,2,0,0,SA,20_21,7,10,1.0,0.8,2.0,0.6,-3,-1.0,0.20000000000000007
2021-03-14,Parma,Roma,2,0,H,1,0,H,5,20,4,6,0,12,3,3,0,0,SA,20_21,3,10,1.8,2.2,1.4,0.6,-7,0.40000000000000013,1.6
2021-03-14,Milan,Napoli,0,1,A,0,0,D,12,14,4,5,5,4,1,3,1,0,SA,20_21,7,10,1.0,1.4,2.2,1.6,-3,-1.2000000000000002,-0.20000000000000018
2021-03-14,Man United,West Ham,1,0,H,0,0,D,15,7,4,0,6,3,4,0,0,0,PL,22_21,9,10,1.2,0.4,1.6,0.6,-1,-0.40000000000000013,-0.19999999999999996
2021-03-14,Arsenal,Tottenham,2,1,H,1,1,D,13,6,3,3,6,3,1,2,0,1,PL,22_21,7,9,1.6,1.2,2.0,1.2,-2,-0.3999999999999999,0.0
2021-03-14,Leicester,Sheffield United,5,0,H,1,0,H,19,1,10,0,9,1,0,2,0,0,PL,22_21,10,3,1.8,1.4,0.2,1.6,7,1.6,-0.20000000000000018
2021-03-14,Southampton,Brighton,1,2,A,1,1,D,9,8,4,6,4,5,0,0,0,0,PL,22_21,4,2,1.0,2.0,0.6,1.2,2,0.4,0.8
2021-03-14,Celta,Ath Bilbao,0,0,D,0,0,D,13,6,3,1,1,3,3,1,0,0,LL,20_21,8,8,2.0,1.8,1.8,1.0,0,0.19999999999999996,0.8
2021-03-14,Granada,Sociedad,1,0,H,0,0,D,7,7,2,1,4,6,2,3,0,0,LL,20_21,4,13,1.6,2.0,2.2,0.4,-9,-0.6000000000000001,1.6
2021-03-14,Eibar,Villarreal,1,3,A,0,2,A,16,13,7,8,7,2,2,2,0,1,LL,20_21,2,2,0.6,1.2,1.0,1.8,0,-0.4,-0.6000000000000001
2021-03-15,Wolves,Liverpool,0,1,A,0,1,A,10,12,5,4,3,2,2,1,0,0,PL,22_21,8,3,1.0,1.2,0.6,1.4,5,0.4,-0.19999999999999996
2021-03-15,Barcelona,Huesca,4,1,H,2,1,H,12,8,5,4,7,3,0,2,0,0,LL,20_21,13,4,2.6,0.4,1.6,2.0,9,1.0,-1.6
2021-03-17,Torino,Sassuolo,3,2,H,0,2,A,23,12,15,5,6,3,1,2,0,0,SA,20_21,5,8,1.4,1.8,1.8,1.8,-3,-0.40000000000000013,0.0
2021-03-17,Sevilla,Elche,2,0,H,1,0,H,13,11,8,5,4,1,2,1,0,0,LL,20_21,9,6,1.0,0.8,1.0,1.6,3,0.0,-0.8
2021-03-19,Parma,Genoa,1,2,A,1,0,H,12,7,9,3,1,3,5,2,0,0,SA,20_21,6,3,2.0,1.8,0.8,1.6,3,1.2,0.19999999999999996
2021-03-19,Betis,Levante,2,0,H,0,0,D,15,7,6,1,4,1,2,0,0,0,LL,20_21,12,8,1.4,0.8,1.0,0.6,4,0.3999999999999999,0.20000000000000007
2021-03-19,Fulham,Leeds,1,2,A,1,1,D,13,13,6,4,13,7,2,2,0,0,PL,22_21,7,4,0.4,0.8,0.6,0.8,3,-0.19999999999999996,0.0
2021-03-20,Valladolid,Sevilla,1,1,D,1,0,H,3,12,2,4,2,8,3,1,0,0,LL,20_21,6,9,0.8,0.8,1.2,0.8,-3,-0.3999999999999999,0.0
2021-03-20,Huesca,Osasuna,0,0,D,0,0,D,15,7,3,2,5,1,1,2,0,0,LL,20_21,4,7,1.6,2.4,0.4,0.8,-3,1.2000000000000002,1.5999999999999999
2021-03-20,Celta,Real Madrid,1,3,A,1,2,A,8,16,3,4,1,7,3,4,0,0,LL,20_21,8,11,1.6,1.4,1.4,0.6,-3,0.20000000000000018,0.7999999999999999
2021-03-20,Ath Bilbao,Eibar,1,1,D,1,1,D,18,4,4,2,10,1,1,1,0,0,LL,20_21,6,2,1.0,1.0,0.6,1.4,4,0.4,-0.3999999999999999
2021-03-20,Spezia,Cagliari,2,1,H,0,0,D,12,11,6,7,4,4,1,2,0,0,SA,20_21,2,7,0.8,2.4,1.2,1.2,-5,-0.3999999999999999,1.2
2021-03-20,Crotone,Bologna,2,3,A,2,0,H,15,19,7,10,10,3,4,7,0,0,SA,20_21,3,7,1.4,3.0,1.4,1.2,-4,0.0,1.8
2021-03-20,Brighton,Newcastle,3,0,H,1,0,H,11,3,6,1,3,1,0,1,0,0,PL,22_21,4,3,0.8,1.2,0.6,1.4,1,0.20000000000000007,-0.19999999999999996
2021-03-21,Roma,Napoli,0,2,A,0,2,A,7,10,5,5,6,4,5,3,0,0,SA,20_21,7,10,0.8,1.0,2.2,1.6,-3,-1.4000000000000001,-0.6000000000000001
2021-03-21,Fiorentina,Milan,2,3,A,1,1,D,9,14,4,6,8,8,1,3,0,0,SA,20_21,7,7,2.2,1.4,1.0,1.2,0,1.2000000000000002,0.19999999999999996
2021-03-21,Udinese,Lazio,0,1,A,0,1,A,14,16,6,8,6,11,1,3,0,0,SA,20_21,9,6,1.4,0.8,1.2,2.0,3,0.19999999999999996,-1.2
2021-03-21,Sampdoria,Torino,1,0,H,1,0,H,7,9,5,1,1,7,0,1,0,0,SA,20_21,2,7,0.8,1.8,1.4,1.6,-5,-0.5999999999999999,0.19999999999999996
2021-03-21,Juventus,Benevento,0,1,A,0,0,D,23,7,9,1,9,1,2,4,0,0,SA,20_21,13,2,2.6,0.6,0.4,2.0,11,2.2,-1.4
2021-03-21,Verona,Atalanta,0,2,A,0,2,A,3,14,1,8,4,7,3,2,0,0,SA,20_21,5,12,1.6,1.6,2.8,1.0,-7,-1.1999999999999997,0.6000000000000001
2021-03-21,West Ham,Arsenal,3,3,D,3,1,H,15,16,5,7,3,5,3,1,0,0,PL,22_21,9,10,1.6,0.8,2.0,1.2,-1,-0.3999999999999999,-0.3999999999999999
2021-03-21,Aston Villa,Tottenham,0,2,A,0,1,A,8,9,1,3,5,8,3,2,0,0,PL,22_21,5,9,0.6,0.8,2.2,1.0,-4,-1.6,-0.19999999999999996
2021-03-21,Sociedad,Barcelona,1,6,A,0,2,A,10,14,5,10,1,1,3,2,0,0,LL,20_21,10,13,1.4,0.4,2.4,0.4,-3,-1.0,0.0
2021-03-21,Ath Madrid,Alaves,1,0,H,0,0,D,8,9,4,3,5,5,3,3,0,0,LL,20_21,8,1,1.0,0.8,0.8,2.8,7,0.19999999999999996,-1.9999999999999998
2021-03-21,Villarreal,Cadiz,2,1,H,1,0,H,13,9,4,3,5,6,3,3,0,0,LL,20_21,4,5,1.2,1.6,0.6,1.4,-1,0.6,0.20000000000000018
2021-03-21,Valencia,Granada,2,1,H,1,0,H,18,15,9,3,3,4,0,3,0,0,LL,20_21,6,6,0.8,1.4,1.4,1.6,0,-0.5999999999999999,-0.20000000000000018
2021-03-21,Getafe,Elche,1,1,D,0,1,A,12,6,5,2,4,8,3,7,0,0,LL,20_21,4,3,0.8,0.8,0.8,2.0,1,0.0,-1.2
2021-04-02,Levante,Huesca,0,2,A,0,1,A,13,6,3,2,8,2,2,2,0,0,LL,20_21,7,5,0.8,0.8,1.6,2.2,2,-0.8,-1.4000000000000001
2021-04-03,Leeds,Sheffield United,2,1,H,1,1,D,23,9,8,1,5,7,1,2,0,0,PL,22_21,7,3,1.0,0.8,0.2,2.0,4,0.8,-1.2
2021-04-03,Leicester,Man City,0,2,A,0,0,D,5,11,2,4,1,1,2,3,0,0,PL,22_21,10,12,2.2,1.2,2.8,1.2,-2,-0.5999999999999996,0.0
2021-04-03,Arsenal,Liverpool,0,3,A,0,0,D,3,16,2,7,1,2,1,1,0,0,PL,22_21,8,6,1.8,1.4,0.6,0.8,2,1.2000000000000002,0.5999999999999999
2021-04-03,Milan,Sampdoria,1,1,D,0,0,D,14,5,5,4,5,5,2,5,0,1,SA,20_21,10,5,1.6,1.0,1.0,1.6,5,0.6000000000000001,-0.6000000000000001
2021-04-03,Chelsea,West Brom,2,5,A,1,2,A,18,14,8,7,10,3,1,1,1,0,PL,22_21,9,5,0.8,0.2,0.2,0.4,4,0.6000000000000001,-0.2
2021-04-03,Atalanta,Udinese,3,2,H,2,1,H,22,8,11,4,4,1,0,2,0,0,SA,20_21,12,8,2.4,0.6,1.0,0.6,4,1.4,0.0
2021-04-03,Cagliari,Verona,0,2,A,0,0,D,15,9,4,5,6,5,1,3,0,0,SA,20_21,7,4,1.4,1.4,1.2,1.6,3,0.19999999999999996,-0.20000000000000018
2021-04-03,Granada,Villarreal,0,3,A,0,2,A,6,15,2,6,3,5,2,2,0,0,LL,20_21,6,7,1.4,1.6,1.4,1.4,-1,0.0,0.20000000000000018
2021-04-03,Real Madrid,Eibar,2,0,H,1,0,H,21,10,8,4,6,9,0,2,0,0,LL,20_21,11,2,1.6,0.8,0.6,1.4,9,1.0,-0.5999999999999999
2021-04-03,Osasuna,Getafe,0,0,D,0,0,D,4,6,1,2,2,4,2,3,0,0,LL,20_21,5,5,0.2,0.8,1.0,0.8,0,-0.8,0.0
2021-04-03,Benevento,Parma,2,2,D,1,0,H,4,15,4,7,3,3,2,1,0,0,SA,20_21,4,5,0.6,2.0,1.8,1.8,-1,-1.2000000000000002,0.19999999999999996
2021-04-03,Genoa,Fiorentina,1,1,D,1,1,D,8,11,2,3,4,2,2,1,0,1,SA,20_21,5,4,0.8,1.4,2.0,2.0,1,-1.2,-0.6000000000000001
2021-04-03,Torino,Juventus,2,2,D,1,1,D,10,18,7,9,5,6,3,2,0,0,SA,20_21,6,10,1.4,1.8,2.0,0.8,-4,-0.6000000000000001,1.0
2021-04-03,Sassuolo,Roma,2,2,D,0,1,A,12,12,6,9,3,4,4,3,0,0,SA,20_21,5,6,1.8,2.2,0.8,1.4,-1,1.0,0.8000000000000003
2021-04-03,Napoli,Crotone,4,3,H,3,1,H,28,8,11,4,4,6,0,4,0,0,SA,20_21,13,3,2.2,0.8,1.8,3.0,10,0.40000000000000013,-2.2
2021-04-03,Bologna,Inter,0,1,A,0,1,A,12,12,3,5,4,4,4,4,0,0,SA,20_21,9,15,1.8,1.4,2.2,0.4,-6,-0.40000000000000013,0.9999999999999999
2021-04-03,Lazio,Spezia,2,1,H,0,0,D,11,7,5,3,3,4,3,3,2,0,SA,20_21,9,5,1.2,1.4,1.2,2.0,4,0.0,-0.6000000000000001
2021-04-04,Newcastle,Tottenham,2,2,D,1,2,A,22,11,6,5,7,3,3,2,0,0,PL,22_21,3,12,0.6,1.6,2.4,0.6,-9,-1.7999999999999998,1.0
2021-04-04,Southampton,Burnley,3,2,H,2,2,D,24,7,9,5,6,7,0,0,0,0,PL,22_21,3,6,1.0,2.2,0.8,1.4,-3,0.19999999999999996,0.8000000000000003
2021-04-04,Man United,Brighton,2,1,H,0,1,A,15,5,7,3,5,6,2,2,0,0,PL,22_21,11,6,1.2,0.2,1.4,1.2,5,-0.19999999999999996,-1.0
2021-04-04,Sevilla,Ath Madrid,1,0,H,0,0,D,18,9,5,4,3,2,2,4,0,0,LL,20_21,7,11,1.0,1.0,1.2,0.4,-4,-0.19999999999999996,0.6
2021-04-04,Cadiz,Valencia,2,1,H,1,1,D,6,12,2,6,4,13,2,2,0,0,LL,20_21,5,9,0.8,1.0,1.2,1.2,-4,-0.3999999999999999,-0.19999999999999996
2021-04-04,Elche,Betis,1,1,D,1,1,D,7,13,3,3,7,2,1,4,0,0,LL,20_21,4,12,1.0,1.6,1.4,0.6,-8,-0.3999999999999999,1.0
2021-04-04,Alaves,Celta,1,3,A,0,3,A,17,8,7,6,6,2,4,5,0,1,LL,20_21,1,5,0.6,2.0,1.2,1.8,-4,-0.6,0.19999999999999996
2021-04-04,Aston Villa,Fulham,3,1,H,0,0,D,14,15,4,7,4,4,1,2,0,0,PL,22_21,5,4,0.4,0.8,0.4,1.2,1,0.0,-0.3999999999999999
2021-04-05,Everton,Crystal Palace,1,1,D,0,0,D,15,13,7,6,3,4,2,0,0,0,PL,22_21,9,8,1.0,0.8,0.8,1.0,1,0.19999999999999996,-0.19999999999999996
2021-04-05,Barcelona,Valladolid,1,0,H,0,0,D,25,7,10,2,4,1,3,3,0,1,LL,20_21,15,6,3.4,0.4,0.8,0.8,9,2.5999999999999996,-0.4
2021-04-05,Wolves,West Ham,2,3,A,1,3,A,20,9,5,6,4,2,1,4,0,0,PL,22_21,5,7,0.6,1.2,1.6,1.4,-2,-1.0,-0.19999999999999996
2021-04-07,Sociedad,Ath Bilbao,1,1,D,0,0,D,12,11,2,2,3,6,3,1,0,0,LL,20_21,7,6,1.4,1.6,1.0,1.0,1,0.3999999999999999,0.6000000000000001
2021-04-07,Inter,Sassuolo,2,1,H,1,0,H,8,14,5,5,1,8,2,3,0,0,SA,20_21,15,5,1.8,0.4,2.0,2.4,10,-0.19999999999999996,-2.0
2021-04-07,Juventus,Napoli,2,1,H,1,0,H,12,15,3,5,2,6,1,2,0,0,SA,20_21,10,13,2.2,1.0,2.6,1.4,-3,-0.3999999999999999,-0.3999999999999999
2021-04-09,Fulham,Wolves,0,1,A,0,0,D,14,7,3,3,3,4,0,0,0,0,PL,22_21,3,2,0.6,1.8,0.8,1.8,1,-0.20000000000000007,0.0
2021-04-09,Huesca,Elche,3,1,H,2,1,H,8,8,5,2,6,6,2,2,0,0,LL,20_21,5,5,1.4,1.8,1.0,1.4,0,0.3999999999999999,0.40000000000000013
2021-04-10,Ath Bilbao,Alaves,0,0,D,0,0,D,11,9,4,0,6,6,2,2,0,0,LL,20_21,6,1,1.0,1.0,0.8,1.8,5,0.19999999999999996,-0.8
2021-04-10,Spezia,Crotone,3,2,H,0,1,A,9,9,7,6,3,4,1,1,0,0,SA,20_21,4,3,1.0,2.0,2.4,3.4,1,-1.4,-1.4
2021-04-10,Man City,Leeds,1,2,A,0,1,A,29,2,7,2,9,3,3,1,0,1,PL,22_21,12,7,2.8,1.0,0.8,1.0,5,1.9999999999999998,0.0
2021-04-10,Liverpool,Aston Villa,2,1,H,0,1,A,23,9,10,5,7,0,2,4,0,0,PL,22_21,9,5,1.2,0.4,0.8,1.0,4,0.3999999999999999,-0.6
2021-04-10,Crystal Palace,Chelsea,1,4,A,0,3,A,1,23,1,10,0,8,1,0,0,0,PL,22_21,6,8,0.6,1.0,1.0,1.0,-2,-0.4,0.0
2021-04-10,Getafe,Cadiz,0,1,A,0,0,D,19,8,4,3,10,4,3,2,0,0,LL,20_21,6,7,1.0,0.6,1.0,1.0,-1,0.0,-0.4
2021-04-10,Udinese,Torino,0,1,A,0,0,D,12,9,5,2,5,4,0,3,0,0,SA,20_21,5,4,1.2,1.2,1.6,2.2,1,-0.40000000000000013,-1.0000000000000002
2021-04-10,Eibar,Levante,0,1,A,0,1,A,10,6,4,1,6,3,3,2,0,0,LL,20_21,2,4,0.6,1.6,0.4,1.2,-2,0.19999999999999996,0.40000000000000013
2021-04-10,Real Madrid,Barcelona,2,1,H,2,0,H,14,18,3,4,5,6,3,4,1,0,LL,20_21,11,15,1.8,0.8,3.0,0.4,-4,-1.2,0.4
2021-04-10,Parma,Milan,1,3,A,0,2,A,15,11,5,7,7,3,4,4,0,1,SA,20_21,5,8,1.8,1.8,1.4,1.0,-3,0.40000000000000013,0.8
2021-04-11,Villarreal,Osasuna,1,2,A,0,0,D,15,12,6,4,6,5,0,0,0,0,LL,20_21,9,6,1.8,1.2,0.2,0.4,3,1.6,0.7999999999999999
2021-04-11,Inter,Cagliari,1,0,H,0,0,D,15,8,8,2,5,0,1,1,0,0,SA,20_21,15,4,1.6,0.6,1.0,1.8,11,0.6000000000000001,-1.2000000000000002
2021-04-11,Juventus,Genoa,3,1,H,2,0,H,23,11,14,3,8,6,3,3,0,0,SA,20_21,10,6,2.0,1.2,1.0,1.0,4,1.0,0.19999999999999996
2021-04-11,Sampdoria,Napoli,0,2,A,0,1,A,11,20,5,9,8,7,0,3,0,0,SA,20_21,6,12,1.2,1.4,2.2,1.2,-6,-1.0000000000000002,0.19999999999999996
2021-04-11,Valencia,Sociedad,2,2,D,0,2,A,9,16,2,5,4,5,6,4,1,0,LL,20_21,6,5,1.0,1.6,0.8,1.8,1,0.19999999999999996,-0.19999999999999996
2021-04-11,Fiorentina,Atalanta,2,3,A,0,2,A,8,14,2,9,0,6,3,1,0,0,SA,20_21,5,12,2.2,2.0,2.6,1.0,-7,-0.3999999999999999,1.0
2021-04-11,Roma,Bologna,1,0,H,1,0,H,14,11,7,5,4,6,3,2,0,0,SA,20_21,7,6,1.0,1.4,1.4,1.6,1,-0.3999999999999999,-0.20000000000000018
2021-04-11,Tottenham,Man United,1,3,A,1,0,H,12,12,3,7,7,5,1,5,0,0,PL,22_21,10,11,2.0,1.0,1.0,0.2,-1,1.0,0.8
2021-04-11,West Ham,Leicester,3,2,H,2,0,H,4,15,4,5,1,9,3,3,0,0,PL,22_21,7,7,1.8,1.6,1.8,1.4,0,0.0,0.20000000000000018
2021-04-11,Burnley,Newcastle,1,2,A,1,0,H,24,10,4,5,13,3,1,0,0,0,PL,22_21,5,4,1.2,2.0,0.8,1.4,1,0.3999999999999999,0.6000000000000001
2021-04-11,Betis,Ath Madrid,1,1,D,1,1,D,8,10,4,4,5,5,0,0,0,0,LL,20_21,10,8,1.4,0.8,0.8,0.6,2,0.5999999999999999,0.20000000000000007
2021-04-11,Valladolid,Granada,1,2,A,1,0,H,7,12,3,6,2,4,4,2,0,0,LL,20_21,6,6,0.8,0.8,1.0,1.6,0,-0.19999999999999996,-0.8
2021-04-11,Verona,Lazio,0,1,A,0,0,D,4,14,1,5,5,4,0,2,0,0,SA,20_21,6,9,1.4,1.4,1.4,1.6,-3,0.0,-0.20000000000000018
2021-04-11,Sheffield United,Arsenal,0,3,A,0,1,A,7,14,2,5,2,4,1,1,0,0,PL,22_21,3,8,0.4,2.2,1.8,1.8,-5,-1.4,0.40000000000000013
2021-04-12,Benevento,Sassuolo,0,1,A,0,1,A,9,14,5,4,3,8,3,2,0,0,SA,20_21,5,4,1.0,2.0,1.6,2.2,1,-0.6000000000000001,-0.20000000000000018
2021-04-12,West Brom,Southampton,3,0,H,2,0,H,15,14,6,4,5,10,0,1,0,0,PL,22_21,7,6,1.2,0.8,1.6,2.0,1,-0.40000000000000013,-1.2
2021-04-12,Brighton,Everton,0,0,D,0,0,D,23,8,3,1,10,3,1,2,0,0,PL,22_21,6,7,1.4,1.2,0.8,1.0,-1,0.5999999999999999,0.19999999999999996
2021-04-12,Celta,Sevilla,3,4,A,3,2,H,12,13,5,6,5,2,3,2,0,0,LL,20_21,8,10,1.8,1.6,1.2,0.6,-2,0.6000000000000001,1.0
2021-04-16,Everton,Tottenham,2,2,D,1,1,D,18,12,7,3,6,3,1,1,0,0,PL,22_21,5,7,0.6,1.0,2.0,1.6,-2,-1.4,-0.6000000000000001
2021-04-17,Newcastle,West Ham,3,2,H,2,0,H,16,16,8,6,3,8,2,0,0,1,PL,22_21,6,10,1.0,1.4,2.2,1.6,-4,-1.2000000000000002,-0.20000000000000018
2021-04-17,Wolves,Sheffield United,1,0,H,0,0,D,10,8,5,2,3,3,1,2,0,0,PL,22_21,4,3,0.8,1.6,0.4,2.4,1,0.4,-0.7999999999999998
2021-04-17,Sampdoria,Verona,3,1,H,0,1,A,12,18,5,8,5,7,3,3,0,0,SA,20_21,5,3,1.0,1.6,0.8,1.6,2,0.19999999999999996,0.0
2021-04-17,Cagliari,Parma,4,3,H,1,2,A,23,11,9,6,0,4,4,2,0,0,SA,20_21,1,5,0.8,2.0,1.8,2.0,-4,-1.0,0.0
2021-04-17,Sassuolo,Fiorentina,3,1,H,0,1,A,11,7,6,6,3,4,3,5,0,0,SA,20_21,7,5,1.8,1.8,2.4,2.2,2,-0.5999999999999999,-0.40000000000000013
2021-04-17,Crotone,Udinese,1,2,A,0,1,A,7,14,3,7,5,7,0,2,0,1,SA,20_21,3,4,2.6,3.0,1.0,1.2,-1,1.6,1.8
2021-04-18,Milan,Genoa,2,1,H,1,1,D,18,11,5,6,5,4,0,1,0,0,SA,20_21,10,5,1.8,1.0,1.0,1.4,5,0.8,-0.3999999999999999
2021-04-18,Arsenal,Fulham,1,1,D,0,0,D,18,3,5,1,11,1,0,3,0,0,PL,22_21,8,3,1.8,1.6,0.6,1.8,5,1.2000000000000002,-0.19999999999999996
2021-04-18,Osasuna,Elche,2,0,H,1,0,H,9,8,3,2,4,5,2,1,0,0,LL,20_21,6,2,0.4,0.6,0.8,1.8,4,-0.4,-1.2000000000000002
2021-04-18,Sociedad,Sevilla,1,2,A,1,2,A,5,15,2,7,7,3,3,2,0,0,LL,20_21,5,13,1.0,2.0,1.8,0.8,-8,-0.8,1.2
2021-04-18,Alaves,Huesca,1,0,H,0,0,D,10,9,2,1,7,3,1,2,0,0,LL,20_21,2,7,0.8,1.6,1.8,1.8,-5,-1.0,-0.19999999999999996
2021-04-18,Ath Madrid,Eibar,5,0,H,2,0,H,10,0,7,0,8,3,0,1,0,0,LL,20_21,8,1,0.8,0.6,0.4,1.6,7,0.4,-1.0
2021-04-18,Betis,Valencia,2,2,D,2,1,H,9,9,5,3,6,3,3,1,0,0,LL,20_21,8,7,1.4,1.0,1.4,1.4,1,0.0,-0.3999999999999999
2021-04-18,Cadiz,Celta,0,0,D,0,0,D,5,11,2,4,4,7,0,1,0,0,LL,20_21,10,7,1.2,0.8,2.2,2.2,3,-1.0000000000000002,-1.4000000000000001
2021-04-18,Getafe,Real Madrid,0,0,D,0,0,D,19,10,6,2,6,6,3,1,0,0,LL,20_21,3,13,0.4,0.8,2.0,0.8,-10,-1.6,0.0
2021-04-18,Levante,Villarreal,1,5,A,1,2,A,12,14,3,7,4,5,2,1,0,0,LL,20_21,6,9,0.4,1.0,2.0,1.2,-3,-1.6,-0.19999999999999996
2021-04-18,Atalanta,Juventus,1,0,H,0,0,D,12,12,2,3,3,8,3,2,0,0,SA,20_21,12,10,2.2,1.2,2.0,1.2,2,0.20000000000000018,0.0
2021-04-18,Man United,Burnley,3,1,H,0,0,D,17,10,9,3,8,3,1,2,0,0,PL,22_21,13,5,1.6,0.4,1.4,1.6,8,0.20000000000000018,-1.2000000000000002
2021-04-18,Bologna,Spezia,4,1,H,2,1,H,10,9,7,5,4,8,1,1,0,0,SA,20_21,6,7,1.4,1.6,1.6,1.8,-1,-0.20000000000000018,-0.19999999999999996
2021-04-18,Napoli,Inter,1,1,D,1,0,H,12,10,3,5,3,3,5,2,0,0,SA,20_21,12,15,2.0,1.0,1.4,0.4,-3,0.6000000000000001,0.6
2021-04-18,Torino,Roma,3,1,H,0,1,A,23,9,11,4,11,3,2,2,0,1,SA,20_21,7,7,1.4,1.4,0.8,1.2,0,0.5999999999999999,0.19999999999999996
2021-04-18,Lazio,Benevento,5,3,H,3,1,H,12,16,8,8,5,4,2,3,0,0,SA,20_21,12,5,1.6,1.2,1.0,1.6,7,0.6000000000000001,-0.40000000000000013
2021-04-19,Leeds,Liverpool,1,1,D,0,1,A,12,17,5,7,10,8,2,1,0,0,PL,22_21,10,9,1.2,1.0,1.2,0.6,1,0.0,0.4
2021-04-20,Chelsea,Brighton,0,0,D,0,0,D,7,11,4,2,0,3,2,0,0,1,PL,22_21,10,7,1.8,1.2,1.4,1.0,3,0.40000000000000013,0.19999999999999996
2021-04-20,Verona,Fiorentina,1,2,A,0,1,A,11,7,7,5,5,3,2,3,0,0,SA,20_21,3,4,1.0,1.8,2.0,2.2,-1,-1.0,-0.40000000000000013
2021-04-21,Bologna,Torino,1,1,D,1,0,H,9,18,2,5,3,7,4,2,0,0,SA,20_21,9,10,2.0,1.2,1.8,1.2,-1,0.19999999999999996,0.0
2021-04-21,Crotone,Sampdoria,0,1,A,0,0,D,7,11,4,5,2,6,1,1,0,0,SA,20_21,0,7,2.0,3.0,1.2,1.4,-7,0.8,1.6
2021-04-21,Milan,Sassuolo,1,2,A,1,0,H,18,15,7,7,3,7,0,1,0,0,SA,20_21,10,7,1.8,1.2,1.8,1.6,3,0.0,-0.40000000000000013
2021-04-21,Tottenham,Southampton,2,1,H,0,1,A,12,10,3,5,5,5,2,1,0,0,PL,22_21,5,6,1.6,1.8,1.6,2.4,-1,0.0,-0.5999999999999999
2021-04-21,Levante,Sevilla,0,1,A,0,0,D,6,10,1,3,2,3,4,1,0,0,LL,20_21,6,13,0.6,1.8,2.0,1.0,-7,-1.4,0.8
2021-04-21,Betis,Ath Bilbao,0,0,D,0,0,D,6,16,2,4,5,4,3,2,1,0,LL,20_21,6,4,1.2,1.0,0.6,0.8,2,0.6,0.19999999999999996
2021-04-21,Alaves,Villarreal,2,1,H,1,0,H,9,10,4,5,3,8,2,1,0,0,LL,20_21,5,12,0.6,1.0,2.8,1.0,-7,-2.1999999999999997,0.0
2021-04-21,Elche,Valladolid,1,1,D,1,0,H,9,12,3,4,4,6,5,3,0,0,LL,20_21,2,5,0.6,1.8,0.8,1.0,-3,-0.20000000000000007,0.8
2021-04-21,Cadiz,Real Madrid,0,3,A,0,3,A,14,14,3,4,7,3,4,3,0,0,LL,20_21,8,13,1.0,0.8,1.8,0.6,-5,-0.8,0.20000000000000007
2021-04-21,Genoa,Benevento,2,2,D,2,2,D,10,8,5,2,3,0,2,0,0,0,SA,20_21,5,4,1.2,1.6,1.4,2.4,1,-0.19999999999999996,-0.7999999999999998
2021-04-21,Juventus,Parma,3,1,H,1,1,D,14,10,8,4,6,6,2,2,0,0,SA,20_21,7,4,1.4,1.2,1.8,2.2,3,-0.40000000000000013,-1.0000000000000002
2021-04-21,Spezia,Inter,1,1,D,1,1,D,1,15,1,6,0,8,2,0,0,0,SA,20_21,6,13,1.6,2.4,1.4,0.6,-7,0.20000000000000018,1.7999999999999998
2021-04-21,Udinese,Cagliari,0,1,A,0,0,D,14,13,4,5,2,5,0,2,0,0,SA,20_21,4,3,1.0,1.4,1.2,2.2,1,-0.19999999999999996,-0.8000000000000003
2021-04-21,Osasuna,Valencia,3,1,H,2,1,H,18,10,9,5,5,6,1,2,0,0,LL,20_21,9,5,0.8,0.2,1.4,1.6,4,-0.5999999999999999,-1.4000000000000001
2021-04-21,Aston Villa,Man City,1,2,A,1,2,A,8,13,3,3,1,11,0,1,1,1,PL,22_21,5,9,1.0,1.2,2.2,1.2,-4,-1.2000000000000002,0.0
2021-04-22,Leicester,West Brom,3,0,H,3,0,H,17,4,7,1,7,3,0,2,0,0,PL,22_21,7,7,2.0,1.4,1.6,0.8,0,0.3999999999999999,0.5999999999999999
2021-04-22,Roma,Atalanta,1,1,D,0,1,A,14,22,3,9,4,8,4,2,1,1,SA,20_21,4,15,0.8,1.8,2.4,1.0,-11,-1.5999999999999999,0.8
2021-04-22,Ath Madrid,Huesca,2,0,H,1,0,H,18,5,12,2,8,1,2,0,0,0,LL,20_21,8,7,1.4,0.4,1.2,1.2,1,0.19999999999999996,-0.7999999999999999
2021-04-22,Granada,Eibar,4,1,H,2,0,H,8,16,4,3,4,7,1,1,0,0,LL,20_21,6,1,1.0,1.6,0.4,2.4,5,0.6,-0.7999999999999998
2021-04-22,Sociedad,Celta,2,1,H,2,1,H,7,10,3,3,2,4,4,5,0,0,LL,20_21,2,5,1.0,2.4,1.4,1.6,-3,-0.3999999999999999,0.7999999999999998
2021-04-22,Barcelona,Getafe,5,2,H,3,1,H,9,5,6,1,3,1,2,0,0,0,LL,20_21,12,4,2.8,0.8,0.2,0.4,8,2.5999999999999996,0.4
2021-04-22,Napoli,Lazio,5,2,H,2,0,H,10,14,8,4,2,3,4,4,0,0,SA,20_21,10,15,2.0,1.2,2.4,1.2,-5,-0.3999999999999999,0.0
2021-04-23,Arsenal,Everton,0,1,A,0,0,D,14,8,3,1,7,3,1,3,0,0,PL,22_21,8,3,1.8,1.6,0.8,1.4,5,1.0,0.20000000000000018
2021-04-24,Parma,Crotone,3,4,A,1,3,A,15,13,4,5,7,5,3,2,0,0,SA,20_21,1,0,1.6,2.8,1.6,2.6,1,0.0,0.19999999999999973
2021-04-24,Sassuolo,Sampdoria,1,0,H,0,0,D,14,9,8,3,8,3,0,0,0,0,SA,20_21,10,10,1.8,1.2,1.2,0.8,0,0.6000000000000001,0.3999999999999999
2021-04-24,Valencia,Alaves,1,1,D,0,0,D,9,6,2,2,7,2,4,0,0,1,LL,20_21,5,7,1.6,2.0,0.8,1.0,-2,0.8,1.0
2021-04-24,Real Madrid,Betis,0,0,D,0,0,D,17,6,5,2,8,2,1,2,0,0,LL,20_21,13,7,2.0,0.4,1.2,0.8,6,0.8,-0.4
2021-04-24,Valladolid,Cadiz,1,1,D,1,0,H,13,6,6,2,5,7,1,3,0,0,LL,20_21,3,7,0.6,1.0,0.8,1.2,-4,-0.20000000000000007,-0.19999999999999996
2021-04-24,Liverpool,Newcastle,1,1,D,1,0,H,22,7,9,4,6,3,2,1,0,0,PL,22_21,10,8,1.4,0.6,1.6,1.8,2,-0.20000000000000018,-1.2000000000000002
2021-04-24,West Ham,Chelsea,0,1,A,0,1,A,9,17,2,6,4,2,0,4,1,0,PL,22_21,7,8,2.2,2.2,1.6,1.2,-1,0.6000000000000001,1.0000000000000002
2021-04-24,Sheffield United,Brighton,1,0,H,1,0,H,7,17,3,4,2,12,3,0,0,0,PL,22_21,0,8,0.2,2.6,1.2,0.6,-8,-1.0,2.0
2021-04-24,Genoa,Spezia,2,0,H,0,0,D,11,7,6,1,0,3,2,2,0,0,SA,20_21,5,7,1.4,1.8,1.6,2.0,-2,-0.20000000000000018,-0.19999999999999996
2021-04-24,Elche,Levante,1,0,H,1,0,H,8,6,3,1,4,2,3,4,0,0,LL,20_21,3,3,0.8,1.6,0.4,2.0,0,0.4,-0.3999999999999999
2021-04-25,Celta,Osasuna,2,1,H,1,0,H,7,12,2,3,2,8,1,4,0,0,LL,20_21,4,11,1.6,2.0,1.4,0.4,-7,0.20000000000000018,1.6
2021-04-25,Benevento,Udinese,2,4,A,1,2,A,22,10,9,7,11,2,2,2,0,0,SA,20_21,5,3,1.6,2.0,0.8,1.4,2,0.8,0.6000000000000001
2021-04-25,Fiorentina,Juventus,1,1,D,1,0,H,11,7,6,1,7,2,3,1,0,0,SA,20_21,4,10,1.6,2.2,2.0,1.2,-6,-0.3999999999999999,1.0000000000000002
2021-04-25,Inter,Verona,1,0,H,0,0,D,10,12,4,1,3,8,0,3,0,0,SA,20_21,11,3,1.2,0.6,0.8,1.6,8,0.3999999999999999,-1.0
2021-04-25,Cagliari,Roma,3,2,H,1,1,D,10,12,6,7,4,10,3,1,0,0,SA,20_21,6,5,1.2,1.6,1.0,1.6,1,0.19999999999999996,0.0
2021-04-25,Huesca,Getafe,0,2,A,0,1,A,8,6,1,4,1,0,2,4,0,0,LL,20_21,7,3,1.0,0.8,0.6,1.4,4,0.4,-0.5999999999999999
2021-04-25,Villarreal,Barcelona,1,2,A,1,2,A,10,15,4,5,6,1,2,3,1,0,LL,20_21,9,12,2.4,1.2,3.4,1.2,-3,-1.0,0.0
2021-04-25,Atalanta,Bologna,5,0,H,2,0,H,26,9,12,3,8,3,0,1,0,1,SA,20_21,13,7,2.0,1.0,1.6,1.2,6,0.3999999999999999,-0.19999999999999996
2021-04-25,Wolves,Burnley,0,4,A,0,3,A,12,14,2,7,8,5,1,2,0,0,PL,22_21,7,4,0.8,0.8,1.4,2.0,3,-0.5999999999999999,-1.2
2021-04-25,Aston Villa,West Brom,2,2,D,1,1,D,24,10,11,4,11,4,0,2,0,0,PL,22_21,4,7,1.2,1.6,1.6,1.2,-3,-0.40000000000000013,0.40000000000000013
2021-04-25,Leeds,Man United,0,0,D,0,0,D,6,16,3,4,2,6,4,1,0,0,PL,22_21,11,15,1.4,0.8,2.2,0.6,-4,-0.8000000000000003,0.20000000000000007
2021-04-25,Sevilla,Granada,2,1,H,1,0,H,10,4,4,2,5,5,2,3,0,0,LL,20_21,13,9,1.8,1.0,1.6,1.4,4,0.19999999999999996,-0.3999999999999999
2021-04-25,Ath Bilbao,Ath Madrid,2,1,H,1,0,H,11,14,3,3,4,11,4,2,0,0,LL,20_21,5,10,0.4,0.4,1.8,0.4,-5,-1.4,0.0
2021-04-26,Leicester,Crystal Palace,2,1,H,0,1,A,13,4,5,2,7,2,0,1,0,0,PL,22_21,9,5,2.4,1.2,0.8,1.8,4,1.5999999999999999,-0.6000000000000001
2021-04-26,Eibar,Sociedad,0,1,A,0,1,A,14,5,5,2,2,3,5,1,0,0,LL,20_21,1,5,0.4,2.6,1.4,2.4,-4,-0.9999999999999999,0.20000000000000018
2021-04-26,Torino,Napoli,0,2,A,0,2,A,15,25,6,10,8,11,3,1,1,0,SA,20_21,8,10,1.4,1.0,2.6,1.6,-2,-1.2000000000000002,-0.6000000000000001
2021-04-26,Lazio,Milan,3,0,H,1,0,H,14,15,6,6,1,9,2,0,0,0,SA,20_21,12,10,2.2,1.8,2.0,1.4,2,0.20000000000000018,0.40000000000000013
2021-04-28,Ath Bilbao,Valladolid,2,2,D,1,0,H,13,14,7,4,5,7,1,1,0,0,LL,20_21,7,3,0.8,0.6,0.8,1.2,4,0.0,-0.6
2021-04-29,Barcelona,Granada,1,2,A,1,0,H,16,6,4,2,6,1,0,4,0,0,LL,20_21,12,6,3.0,1.2,1.6,1.8,6,1.4,-0.6000000000000001
2021-04-30,Southampton,Leicester,1,1,D,0,0,D,5,23,3,9,0,10,1,0,1,0,PL,22_21,3,9,1.4,2.8,2.4,1.2,-6,-1.0,1.5999999999999999
2021-04-30,Celta,Levante,2,0,H,0,0,D,8,10,5,2,1,5,2,2,0,0,LL,20_21,7,3,1.8,1.6,0.4,1.8,4,1.4,-0.19999999999999996
2021-05-01,Verona,Spezia,1,1,D,0,0,D,7,12,6,2,5,5,6,2,0,0,SA,20_21,3,4,0.8,1.4,1.2,2.2,-1,-0.3999999999999999,-0.8000000000000003
2021-05-01,Crystal Palace,Man City,0,2,A,0,0,D,9,20,4,3,2,6,2,0,0,0,PL,22_21,4,12,1.0,2.2,2.6,1.0,-8,-1.6,1.2000000000000002
2021-05-01,Brighton,Leeds,2,0,H,1,0,H,17,11,5,2,2,9,1,1,0,0,PL,22_21,5,11,0.8,0.6,1.4,0.8,-6,-0.5999999999999999,-0.20000000000000007
2021-05-01,Real Madrid,Osasuna,2,0,H,0,0,D,22,3,6,2,7,0,0,2,0,0,LL,20_21,11,10,1.4,0.2,1.6,0.8,1,-0.20000000000000018,-0.6000000000000001
2021-05-01,Crotone,Inter,0,2,A,0,0,D,6,23,1,10,4,11,1,2,0,0,SA,20_21,3,11,2.0,2.6,1.2,0.6,-8,0.8,2.0
2021-05-01,Huesca,Sociedad,1,0,H,0,0,D,10,7,3,3,2,7,2,2,0,0,LL,20_21,6,8,1.0,1.2,1.4,1.2,-2,-0.3999999999999999,0.0
2021-05-01,Eibar,Alaves,3,0,H,1,0,H,15,6,4,2,10,5,0,2,0,0,LL,20_21,0,8,0.2,2.6,1.0,1.0,-8,-0.8,1.6
2021-05-01,Everton,Aston Villa,1,2,A,1,1,D,16,13,3,5,3,6,0,2,0,0,PL,22_21,6,4,1.0,1.0,1.4,1.8,2,-0.3999999999999999,-0.8
2021-05-01,Chelsea,Fulham,2,0,H,1,0,H,9,10,5,3,1,8,1,1,0,0,PL,22_21,8,1,1.4,1.2,0.6,2.0,7,0.7999999999999999,-0.8
2021-05-01,Milan,Benevento,2,0,H,1,0,H,20,14,11,2,6,7,2,0,0,0,SA,20_21,7,2,1.4,1.6,1.8,2.8,5,-0.40000000000000013,-1.1999999999999997
2021-05-01,Elche,Ath Madrid,0,1,A,0,1,A,6,11,1,4,3,2,3,3,0,0,LL,20_21,5,7,0.8,1.4,1.8,0.8,-2,-1.0,0.5999999999999999
2021-05-02,Newcastle,Arsenal,0,2,A,0,1,A,5,19,1,5,3,7,2,1,1,0,PL,22_21,8,5,1.6,1.8,1.4,1.6,3,0.20000000000000018,0.19999999999999996
2021-05-02,Tottenham,Sheffield United,4,0,H,1,0,H,20,8,11,1,6,6,1,1,0,0,PL,22_21,8,3,1.8,1.6,0.4,2.2,5,1.4,-0.6000000000000001
2021-05-02,Sassuolo,Atalanta,1,1,D,0,1,A,12,10,7,9,4,4,6,1,1,1,SA,20_21,12,13,1.6,0.8,2.6,1.0,-1,-1.0,-0.19999999999999996
2021-05-02,Granada,Cadiz,0,1,A,0,1,A,9,8,2,4,6,5,7,2,1,0,LL,20_21,9,8,1.8,1.6,0.8,1.0,1,1.0,0.6000000000000001
2021-05-02,Bologna,Fiorentina,3,3,D,1,1,D,11,9,6,4,3,5,2,2,0,0,SA,20_21,4,5,1.0,1.8,1.4,1.8,-1,-0.3999999999999999,0.0
2021-05-02,Napoli,Cagliari,1,1,D,1,0,H,18,12,6,7,3,1,1,3,0,0,SA,20_21,10,9,2.2,1.0,1.6,1.6,1,0.6000000000000001,-0.6000000000000001
2021-05-02,Lazio,Genoa,4,3,H,2,0,H,18,10,12,5,7,4,3,4,0,0,SA,20_21,12,5,2.6,1.8,1.4,1.6,7,1.2000000000000002,0.19999999999999996
2021-05-02,Valladolid,Betis,1,1,D,0,0,D,10,11,2,4,3,2,2,5,0,0,LL,20_21,3,5,1.0,1.4,0.8,0.8,-2,0.19999999999999996,0.5999999999999999
2021-05-02,Udinese,Juventus,1,2,A,1,0,H,7,13,2,4,2,6,3,0,0,0,SA,20_21,6,10,1.6,1.6,1.8,1.0,-4,-0.19999999999999996,0.6000000000000001
2021-05-02,Sampdoria,Roma,2,0,H,1,0,H,12,10,9,5,8,8,0,3,0,0,SA,20_21,7,5,1.0,1.0,1.4,1.8,2,-0.3999999999999999,-0.8
2021-05-02,Valencia,Barcelona,2,3,A,0,0,D,9,14,4,7,2,1,2,1,0,0,LL,20_21,3,9,1.4,2.0,2.0,1.4,-6,-0.6000000000000001,0.6000000000000001
2021-05-02,Villarreal,Getafe,1,0,H,0,0,D,4,15,3,3,4,4,1,2,0,0,LL,20_21,6,5,2.2,1.4,0.8,1.2,1,1.4000000000000001,0.19999999999999996
2021-05-03,Torino,Parma,1,0,H,0,0,D,13,8,5,1,5,2,0,3,0,0,SA,20_21,8,1,1.4,1.2,2.0,3.2,7,-0.6000000000000001,-2.0
2021-05-03,Sevilla,Ath Bilbao,0,1,A,0,0,D,18,8,3,2,6,2,1,0,0,0,LL,20_21,15,7,2.0,1.0,1.0,0.8,8,1.0,0.19999999999999996
2021-05-03,West Brom,Wolves,1,1,D,0,1,A,10,20,4,10,5,6,2,0,0,0,PL,22_21,7,6,2.0,1.6,0.8,1.6,1,1.2,0.0
2021-05-03,Burnley,West Ham,1,2,A,1,2,A,8,22,3,4,5,4,2,1,0,0,PL,22_21,6,7,2.0,1.8,2.2,2.2,-1,-0.20000000000000018,-0.40000000000000013
2021-05-07,Leicester,Newcastle,2,4,A,0,2,A,25,14,9,6,9,6,1,1,0,0,PL,22_21,7,8,1.6,1.4,1.6,1.6,-1,0.0,-0.20000000000000018
2021-05-07,Sociedad,Elche,2,0,H,0,0,D,16,1,3,0,7,0,1,3,0,1,LL,20_21,7,4,1.2,1.2,0.6,1.4,3,0.6,-0.19999999999999996
2021-05-08,Alaves,Levante,2,2,D,1,2,A,15,6,5,3,8,3,2,1,0,0,LL,20_21,8,3,0.8,1.0,0.4,1.8,5,0.4,-0.8
2021-05-08,Barcelona,Ath Madrid,0,0,D,0,0,D,12,11,7,6,5,7,3,3,0,0,LL,20_21,9,10,2.4,1.8,2.0,0.6,-1,0.3999999999999999,1.2000000000000002
2021-05-08,Cadiz,Huesca,2,1,H,2,1,H,11,13,1,5,3,3,4,0,0,0,LL,20_21,8,6,0.6,0.8,0.8,1.2,2,-0.20000000000000007,-0.3999999999999999
2021-05-08,Ath Bilbao,Osasuna,2,2,D,1,1,D,13,13,3,4,10,4,1,2,0,0,LL,20_21,9,9,1.0,0.6,1.6,1.2,0,-0.6000000000000001,-0.6
2021-05-08,Liverpool,Southampton,2,0,H,1,0,H,14,12,6,6,8,4,0,1,0,0,PL,22_21,11,4,1.6,0.6,1.2,2.0,7,0.40000000000000013,-1.4
2021-05-08,Man City,Chelsea,1,2,A,1,0,H,16,12,4,5,6,2,2,0,0,0,PL,22_21,12,10,2.0,0.6,1.8,1.2,2,0.19999999999999996,-0.6
2021-05-08,Sheffield United,Crystal Palace,0,2,A,0,1,A,7,21,0,8,5,11,1,1,0,0,PL,22_21,3,4,0.4,2.0,0.8,1.8,-1,-0.4,0.19999999999999996
2021-05-08,Spezia,Napoli,1,4,A,0,3,A,6,13,3,7,1,2,3,2,0,0,SA,20_21,5,11,1.2,2.0,2.2,0.8,-6,-1.0000000000000002,1.2
2021-05-08,Udinese,Bologna,1,1,D,1,0,H,9,16,5,4,5,10,1,1,0,0,SA,20_21,6,5,1.4,1.4,1.6,2.2,1,-0.20000000000000018,-0.8000000000000003
2021-05-08,Inter,Sampdoria,5,1,H,3,1,H,12,13,7,4,2,8,0,2,0,0,SA,20_21,11,9,1.2,0.4,1.2,0.8,2,0.0,-0.4
2021-05-08,Fiorentina,Lazio,2,0,H,1,0,H,9,8,5,3,5,7,4,8,0,1,SA,20_21,5,12,1.8,2.2,3.0,2.2,-7,-1.2,0.0
2021-05-08,Leeds,Tottenham,3,1,H,2,1,H,16,11,7,3,8,6,1,2,0,0,PL,22_21,8,8,1.0,1.0,2.2,1.6,0,-1.2000000000000002,-0.6000000000000001
2021-05-09,Real Madrid,Sevilla,2,2,D,0,1,A,16,7,6,3,7,3,1,2,0,0,LL,20_21,11,12,1.4,0.2,1.8,1.2,-1,-0.40000000000000013,-1.0
2021-05-09,Getafe,Eibar,0,1,A,0,0,D,10,7,2,3,4,2,1,2,0,0,LL,20_21,4,3,0.8,1.4,0.8,2.2,1,0.0,-0.8000000000000003
2021-05-09,Aston Villa,Man United,1,3,A,1,0,H,11,18,5,7,5,6,1,1,1,0,PL,22_21,7,13,1.8,1.6,1.8,0.6,-6,0.0,1.0
2021-05-09,West Ham,Everton,0,1,A,0,1,A,11,9,0,3,5,6,2,1,0,0,PL,22_21,9,6,2.0,1.8,1.0,1.0,3,1.0,0.8
2021-05-09,Arsenal,West Brom,3,1,H,2,0,H,15,12,7,1,6,6,1,2,0,0,PL,22_21,7,8,1.2,1.0,2.2,1.6,-1,-1.0000000000000002,-0.6000000000000001
2021-05-09,Juventus,Milan,0,3,A,0,1,A,16,11,4,6,8,2,2,2,0,0,SA,20_21,10,9,1.8,1.0,1.6,1.4,1,0.19999999999999996,-0.3999999999999999
2021-05-09,Valencia,Valladolid,3,0,H,1,0,H,6,19,3,2,1,9,0,0,0,0,LL,20_21,3,4,1.6,2.2,1.2,1.4,-1,0.40000000000000013,0.8000000000000003
2021-05-09,Roma,Crotone,5,0,H,0,0,D,20,7,13,2,8,4,2,0,0,0,SA,20_21,4,3,1.0,1.8,1.4,2.2,1,-0.3999999999999999,-0.40000000000000013
2021-05-09,Verona,Torino,1,1,D,0,0,D,19,6,7,4,9,3,3,3,0,0,SA,20_21,1,10,0.6,1.6,1.2,0.8,-9,-0.6,0.8
2021-05-09,Parma,Atalanta,2,5,A,0,1,A,5,18,2,13,1,3,1,1,0,0,SA,20_21,0,11,1.6,3.0,2.2,0.8,-11,-0.6000000000000001,2.2
2021-05-09,Benevento,Cagliari,1,3,A,1,1,D,7,7,7,4,4,5,2,2,0,0,SA,20_21,1,10,1.4,2.8,1.8,1.4,-9,-0.40000000000000013,1.4
2021-05-09,Genoa,Sassuolo,1,2,A,0,1,A,13,13,5,7,8,2,2,0,0,0,SA,20_21,4,13,1.8,2.2,1.6,0.6,-9,0.19999999999999996,1.6
2021-05-09,Wolves,Brighton,2,1,H,0,1,A,16,5,6,3,10,5,2,2,0,2,PL,22_21,7,5,1.0,1.6,0.6,0.6,2,0.4,1.0
2021-05-09,Villarreal,Celta,2,4,A,1,3,A,16,11,7,6,5,3,3,3,2,1,LL,20_21,6,7,1.8,1.4,1.6,1.4,-1,0.19999999999999996,0.0
2021-05-10,Fulham,Burnley,0,2,A,0,2,A,21,14,3,5,8,4,2,0,0,0,PL,22_21,1,3,0.6,1.8,1.8,2.0,-2,-1.2000000000000002,-0.19999999999999996
2021-05-10,Betis,Granada,2,1,H,1,0,H,14,11,6,5,9,2,2,4,0,0,LL,20_21,5,9,0.8,0.8,1.8,1.2,-4,-1.0,-0.3999999999999999
2021-05-11,Southampton,Crystal Palace,3,1,H,1,1,D,13,11,6,4,12,8,2,3,0,0,PL,22_21,4,4,1.0,2.0,1.0,1.8,0,0.0,0.19999999999999996
2021-05-11,Man United,Leicester,1,2,A,1,1,D,4,12,1,3,3,4,0,0,0,0,PL,22_21,13,7,2.2,0.8,2.0,1.8,6,0.20000000000000018,-1.0
2021-05-11,Elche,Alaves,0,2,A,0,1,A,11,9,4,2,7,5,2,4,0,0,LL,20_21,4,8,0.4,1.2,1.2,1.4,-4,-0.7999999999999999,-0.19999999999999996
2021-05-11,Osasuna,Cadiz,3,2,H,1,0,H,14,10,4,4,3,5,2,2,0,0,LL,20_21,7,8,1.6,1.4,0.8,1.0,-1,0.8,0.3999999999999999
2021-05-11,Levante,Barcelona,3,3,D,0,2,A,16,17,6,5,8,6,2,2,0,0,LL,20_21,1,10,0.6,2.2,2.2,1.4,-9,-1.6,0.8000000000000003
2021-05-11,Napoli,Udinese,5,1,H,2,1,H,21,5,12,2,8,3,0,1,0,0,SA,20_21,11,7,2.6,1.0,1.6,1.4,4,1.0,-0.3999999999999999
2021-05-12,Torino,Milan,0,7,A,0,2,A,14,14,1,11,2,3,2,1,0,0,SA,20_21,8,9,1.2,1.0,1.6,1.2,-1,-0.40000000000000013,-0.19999999999999996
2021-05-12,Sassuolo,Juventus,1,3,A,0,2,A,17,14,3,8,3,5,1,2,0,0,SA,20_21,13,7,1.8,0.8,1.2,1.4,6,0.6000000000000001,-0.5999999999999999
2021-05-12,Sampdoria,Spezia,2,2,D,1,1,D,14,12,6,7,5,5,2,2,0,0,SA,20_21,9,2,1.4,1.4,0.8,2.4,7,0.5999999999999999,-1.0
2021-05-12,Lazio,Parma,1,0,H,0,0,D,14,11,6,5,7,2,1,3,0,0,SA,20_21,9,0,2.8,2.6,1.8,3.4,9,0.9999999999999998,-0.7999999999999998
2021-05-12,Sevilla,Valencia,1,0,H,0,0,D,10,6,4,2,3,5,2,2,0,0,LL,20_21,10,5,1.4,1.0,1.8,1.8,5,-0.40000000000000013,-0.8
2021-05-12,Celta,Getafe,1,0,H,1,0,H,4,13,1,4,1,5,1,3,0,0,LL,20_21,10,4,1.8,1.0,0.8,1.4,6,1.0,-0.3999999999999999
2021-05-12,Huesca,Ath Bilbao,1,0,H,0,0,D,18,4,6,3,5,0,0,1,0,0,LL,20_21,3,9,0.4,1.4,1.4,1.0,-6,-0.9999999999999999,0.3999999999999999
2021-05-12,Ath Madrid,Sociedad,2,1,H,2,0,H,12,14,4,7,1,7,0,0,0,0,LL,20_21,10,9,1.8,0.4,1.2,0.8,1,0.6000000000000001,-0.4
2021-05-12,Inter,Roma,3,1,H,2,1,H,13,17,5,6,5,8,0,4,0,0,SA,20_21,11,4,2.0,0.6,1.8,1.8,7,0.19999999999999996,-1.2000000000000002
2021-05-12,Bologna,Genoa,0,2,A,0,1,A,17,12,8,9,12,4,1,3,0,0,SA,20_21,6,4,1.8,2.2,1.8,2.0,2,0.0,0.20000000000000018
2021-05-12,Atalanta,Benevento,2,0,H,1,0,H,14,3,4,1,7,5,2,5,0,1,SA,20_21,11,1,2.6,0.8,1.6,3.2,10,1.0,-2.4000000000000004
2021-05-12,Cagliari,Fiorentina,0,0,D,0,0,D,7,2,1,0,3,1,1,2,0,0,SA,20_21,13,8,2.4,1.4,1.8,1.6,5,0.5999999999999999,-0.20000000000000018
2021-05-12,Chelsea,Arsenal,0,1,A,0,1,A,19,5,5,2,9,1,0,1,0,0,PL,22_21,13,10,1.8,0.4,1.8,0.6,3,0.0,-0.19999999999999996
2021-05-13,Aston Villa,Everton,0,0,D,0,0,D,13,15,2,5,9,1,2,0,0,0,PL,22_21,4,8,1.4,2.0,1.0,0.8,-4,0.3999999999999999,1.2
2021-05-13,Man United,Liverpool,2,4,A,1,2,A,18,17,3,8,6,4,3,0,0,0,PL,22_21,10,11,2.0,1.0,1.8,0.6,-1,0.19999999999999996,0.4
2021-05-13,Granada,Real Madrid,1,4,A,0,2,A,10,16,5,7,2,3,3,3,0,0,LL,20_21,6,9,1.6,1.4,1.4,0.4,-3,0.20000000000000018,0.9999999999999999
2021-05-13,Eibar,Betis,1,1,D,0,1,A,14,9,4,4,5,4,3,1,0,0,LL,20_21,6,7,1.0,2.0,1.0,0.8,-1,0.0,1.2
2021-05-13,Valladolid,Villarreal,0,2,A,0,0,D,11,9,2,3,3,6,3,1,0,0,LL,20_21,4,6,1.0,1.6,2.0,1.8,-2,-1.0,-0.19999999999999996
2021-05-13,Crotone,Verona,2,1,H,1,0,H,9,11,4,2,0,9,3,1,0,0,SA,20_21,3,2,1.0,2.6,0.8,1.6,1,0.19999999999999996,1.0
2021-05-14,Newcastle,Man City,3,4,A,2,2,D,11,15,5,6,4,5,2,2,0,0,PL,22_21,10,9,2.0,1.6,1.6,1.0,1,0.3999999999999999,0.6000000000000001
2021-05-15,Burnley,Leeds,0,4,A,0,1,A,16,16,4,6,6,8,1,1,0,0,PL,22_21,6,8,1.8,1.4,1.2,1.0,-2,0.6000000000000001,0.3999999999999999
2021-05-15,Southampton,Fulham,3,1,H,1,0,H,11,10,7,3,6,5,0,1,0,0,PL,22_21,4,1,1.0,1.8,0.4,1.8,3,0.6,0.0
2021-05-15,Brighton,West Ham,1,1,D,0,0,D,10,15,2,3,3,3,1,1,0,0,PL,22_21,5,6,0.6,0.6,1.4,1.6,-1,-0.7999999999999999,-1.0
2021-05-15,Juventus,Inter,3,2,H,2,1,H,13,7,7,3,4,3,5,5,1,1,SA,20_21,10,13,1.8,1.4,2.4,0.6,-3,-0.5999999999999999,0.7999999999999999
2021-05-15,Spezia,Torino,4,1,H,2,0,H,14,6,11,3,3,6,3,5,0,0,SA,20_21,3,5,1.0,2.0,0.6,2.2,-2,0.4,-0.20000000000000018
2021-05-15,Genoa,Atalanta,3,4,A,0,3,A,10,14,7,7,2,4,1,2,0,0,SA,20_21,7,11,2.0,1.6,2.8,0.8,-4,-0.7999999999999998,0.8
2021-05-15,Roma,Lazio,2,0,H,1,0,H,13,10,2,5,4,4,2,2,0,1,SA,20_21,4,9,1.8,1.8,2.0,2.0,-5,-0.19999999999999996,-0.19999999999999996
2021-05-16,Everton,Sheffield United,0,1,A,0,1,A,16,10,6,3,11,4,1,3,0,0,PL,22_21,8,3,1.0,0.8,0.2,2.0,5,0.8,-1.2
2021-05-16,West Brom,Liverpool,1,2,A,1,1,D,10,26,3,6,9,13,0,0,0,0,PL,22_21,5,11,1.4,1.8,2.0,1.0,-6,-0.6000000000000001,0.8
2021-05-16,Ath Bilbao,Real Madrid,0,1,A,0,0,D,8,11,1,2,4,11,3,2,1,0,LL,20_21,8,11,1.4,1.2,2.2,0.6,-3,-0.8000000000000003,0.6
2021-05-16,Fiorentina,Napoli,0,2,A,0,0,D,7,18,3,8,3,6,5,1,1,0,SA,20_21,9,13,1.6,1.0,3.4,1.0,-4,-1.7999999999999998,0.0
2021-05-16,Milan,Cagliari,0,0,D,0,0,D,20,6,4,2,9,7,2,2,0,0,SA,20_21,9,11,2.6,1.0,1.6,0.8,-2,1.0,0.19999999999999996
2021-05-16,Alaves,Granada,4,2,H,2,1,H,14,5,9,2,6,1,2,4,0,0,LL,20_21,8,3,1.4,1.4,1.0,2.0,5,0.3999999999999999,-0.6000000000000001
2021-05-16,Parma,Sassuolo,1,3,A,1,1,D,16,15,8,12,2,12,1,0,0,0,SA,20_21,0,10,1.2,2.8,1.4,1.2,-10,-0.19999999999999996,1.5999999999999999
2021-05-16,Ath Madrid,Osasuna,2,1,H,0,0,D,26,5,9,2,8,0,1,2,0,0,LL,20_21,10,7,1.2,0.6,1.8,1.8,3,-0.6000000000000001,-1.2000000000000002
2021-05-16,Barcelona,Celta,1,2,A,1,1,D,20,4,4,4,7,1,3,2,1,0,LL,20_21,8,12,1.8,1.6,2.0,1.0,-4,-0.19999999999999996,0.6000000000000001
2021-05-16,Tottenham,Wolves,2,0,H,1,0,H,24,15,13,3,10,3,1,0,0,0,PL,22_21,7,10,2.0,1.8,1.0,1.2,-3,1.0,0.6000000000000001
2021-05-16,Betis,Huesca,1,0,H,0,0,D,10,7,2,0,2,5,1,5,0,1,LL,20_21,7,6,0.8,0.6,0.6,1.2,1,0.20000000000000007,-0.6
2021-05-16,Getafe,Levante,2,1,H,1,1,D,9,5,3,1,3,4,5,0,1,0,LL,20_21,3,2,0.8,1.6,1.0,1.8,1,-0.19999999999999996,-0.19999999999999996
2021-05-16,Sociedad,Valladolid,4,1,H,4,0,H,13,19,8,5,2,4,2,4,0,1,LL,20_21,9,3,1.2,0.8,0.8,1.8,6,0.3999999999999999,-1.0
2021-05-16,Valencia,Eibar,4,1,H,3,1,H,9,20,5,8,2,10,0,0,0,0,LL,20_21,4,7,1.4,1.6,1.2,1.2,-3,0.19999999999999996,0.40000000000000013
2021-05-16,Villarreal,Sevilla,4,0,H,1,0,H,12,17,5,5,3,6,0,3,0,1,LL,20_21,6,10,1.4,1.6,1.2,0.8,-4,0.19999999999999996,0.8
2021-05-16,Udinese,Sampdoria,0,1,A,0,0,D,9,15,2,6,6,3,3,1,0,0,SA,20_21,4,7,1.4,2.2,1.2,1.6,-3,0.19999999999999996,0.6000000000000001
2021-05-16,Benevento,Crotone,1,1,D,1,0,H,19,6,11,2,8,4,2,2,0,1,SA,20_21,1,6,1.0,2.6,1.2,2.4,-5,-0.19999999999999996,0.20000000000000018
2021-05-16,Cadiz,Elche,1,3,A,1,0,H,7,20,3,5,1,8,3,4,0,0,LL,20_21,7,4,1.2,1.6,0.4,1.2,3,0.7999999999999999,0.40000000000000013
2021-05-16,Crystal Palace,Aston Villa,3,2,H,1,2,A,23,19,8,5,7,7,3,2,0,0,PL,22_21,3,5,1.0,2.2,1.2,1.6,-2,-0.19999999999999996,0.6000000000000001
2021-05-17,Verona,Bologna,2,2,D,1,1,D,11,13,5,5,4,4,3,3,0,0,SA,20_21,2,3,0.8,1.4,1.0,2.4,-1,-0.19999999999999996,-1.0
2021-05-18,Lazio,Torino,0,0,D,0,0,D,21,6,11,4,4,0,4,0,0,0,SA,20_21,9,4,1.6,1.4,0.6,2.8,5,1.0,-1.4
2021-05-18,Brighton,Man City,3,2,H,0,1,A,19,8,6,4,5,3,3,3,0,1,PL,22_21,5,9,0.8,0.8,2.0,1.6,-4,-1.2,-0.8
2021-05-18,Southampton,Leeds,0,2,A,0,0,D,18,15,3,7,4,5,0,3,0,0,PL,22_21,7,8,1.6,1.4,1.6,0.8,-1,0.0,0.5999999999999999
2021-05-18,Chelsea,Leicester,2,1,H,0,0,D,17,7,6,3,6,5,2,4,0,0,PL,22_21,10,10,1.0,0.4,2.0,1.4,0,-1.0,-0.9999999999999999
2021-05-18,Man United,Fulham,1,1,D,1,0,H,13,8,6,5,6,1,2,3,0,0,PL,22_21,7,1,1.8,1.6,0.4,1.8,6,1.4,-0.19999999999999996
2021-05-19,Everton,Wolves,1,0,H,0,0,D,14,9,4,3,7,12,0,2,0,0,PL,22_21,7,7,0.6,0.6,0.8,1.6,0,-0.20000000000000007,-1.0
2021-05-19,Newcastle,Sheffield United,1,0,H,1,0,H,16,11,5,1,5,2,0,2,0,0,PL,22_21,7,6,2.2,2.2,0.4,1.4,1,1.8000000000000003,0.8000000000000003
2021-05-19,Tottenham,Aston Villa,1,2,A,1,2,A,10,20,4,4,4,5,1,1,0,0,PL,22_21,10,5,2.2,1.2,1.4,1.8,5,0.8000000000000003,-0.6000000000000001
2021-05-19,Crystal Palace,Arsenal,1,3,A,0,1,A,12,6,6,3,6,7,2,1,0,0,PL,22_21,6,10,1.4,1.8,1.4,0.6,-4,0.0,1.2000000000000002
2021-05-19,Burnley,Liverpool,0,3,A,0,1,A,10,20,4,3,6,7,0,0,0,0,PL,22_21,6,11,1.6,1.8,2.0,1.0,-5,-0.3999999999999999,0.8
2021-05-19,West Brom,West Ham,1,3,A,1,1,D,14,21,4,9,6,8,2,2,0,0,PL,22_21,2,4,1.0,2.2,1.0,1.4,-2,0.0,0.8000000000000003
2021-05-21,Levante,Cadiz,2,2,D,1,2,A,17,6,4,2,7,0,0,2,0,0,LL,20_21,2,7,1.2,2.0,1.4,1.6,-5,-0.19999999999999996,0.3999999999999999
2021-05-22,Huesca,Valencia,0,0,D,0,0,D,23,11,8,4,9,3,2,1,0,0,LL,20_21,6,7,0.6,1.0,2.0,1.2,-1,-1.4,-0.19999999999999996
2021-05-22,Crotone,Fiorentina,0,0,D,0,0,D,12,11,4,3,6,5,2,2,0,0,SA,20_21,7,6,1.4,2.4,1.2,1.2,1,0.19999999999999996,1.2
2021-05-22,Cagliari,Genoa,0,1,A,0,1,A,16,11,7,5,8,4,1,4,0,1,SA,20_21,9,6,1.4,0.8,2.2,2.0,3,-0.8000000000000003,-1.2
2021-05-22,Celta,Betis,2,3,A,1,0,H,11,11,4,5,8,4,6,7,0,1,LL,20_21,15,9,2.2,0.8,1.0,0.6,6,1.2000000000000002,0.20000000000000007
2021-05-22,Eibar,Barcelona,0,1,A,0,0,D,17,7,3,3,6,3,0,3,0,0,LL,20_21,7,5,1.2,1.2,1.6,1.8,2,-0.40000000000000013,-0.6000000000000001
2021-05-22,Elche,Ath Bilbao,2,0,H,1,0,H,8,8,3,2,3,1,3,0,0,0,LL,20_21,6,5,0.8,1.2,1.0,1.2,1,-0.19999999999999996,0.0
2021-05-22,Sampdoria,Parma,3,0,H,2,0,H,12,11,4,1,2,4,1,1,0,0,SA,20_21,7,0,1.2,1.6,1.2,2.8,7,0.0,-1.1999999999999997
2021-05-22,Osasuna,Sociedad,0,1,A,0,0,D,7,11,1,1,3,3,1,0,0,0,LL,20_21,4,9,1.4,2.0,1.6,0.8,-5,-0.20000000000000018,1.2
2021-05-22,Valladolid,Ath Madrid,1,2,A,1,0,H,10,14,4,3,4,6,4,6,0,0,LL,20_21,2,10,0.8,2.4,1.2,0.8,-8,-0.3999999999999999,1.5999999999999999
2021-05-22,Real Madrid,Villarreal,2,1,H,0,1,A,14,6,4,2,6,1,0,0,0,0,LL,20_21,11,9,1.8,0.6,2.0,1.2,2,-0.19999999999999996,-0.6
2021-05-23,Sassuolo,Lazio,2,0,H,1,0,H,10,9,5,2,3,3,2,1,1,0,SA,20_21,10,7,1.6,1.2,1.0,1.4,3,0.6000000000000001,-0.19999999999999996
2021-05-23,Napoli,Verona,1,1,D,0,0,D,16,7,3,4,5,3,3,4,0,0,SA,20_21,13,3,2.8,0.6,1.0,1.4,10,1.7999999999999998,-0.7999999999999999
2021-05-23,Atalanta,Milan,0,2,A,0,1,A,11,7,1,3,3,0,3,3,1,0,SA,20_21,13,10,3.4,1.2,2.4,0.6,3,1.0,0.6
2021-05-23,Inter,Udinese,5,1,H,2,0,H,14,8,9,2,3,2,1,0,0,0,SA,20_21,12,4,2.6,1.0,1.4,2.2,8,1.2000000000000002,-1.2000000000000002
2021-05-23,Spezia,Roma,2,2,D,2,0,H,18,14,9,10,5,2,0,1,0,0,SA,20_21,5,6,1.6,2.0,2.0,1.6,-1,-0.3999999999999999,0.3999999999999999
2021-05-23,Arsenal,Brighton,2,0,H,0,0,D,16,5,5,1,11,3,0,0,0,0,PL,22_21,12,7,1.8,0.6,1.4,1.2,5,0.40000000000000013,-0.6
2021-05-23,Aston Villa,Chelsea,2,1,H,1,0,H,6,23,3,7,2,9,3,3,0,1,PL,22_21,7,12,1.4,1.6,1.4,0.6,-5,0.0,1.0
2021-05-23,Wolves,Man United,1,2,A,1,2,A,14,9,4,4,6,2,4,1,0,0,PL,22_21,4,5,0.6,1.8,1.4,1.6,-1,-0.7999999999999999,0.19999999999999996
2021-05-23,Sheffield United,Burnley,1,0,H,1,0,H,12,10,3,3,8,9,3,1,0,0,PL,22_21,6,6,0.4,1.4,1.4,1.8,0,-0.9999999999999999,-0.40000000000000013
2021-05-23,Man City,Everton,5,0,H,2,0,H,21,8,11,3,7,5,2,2,0,0,PL,22_21,9,7,2.2,1.8,0.6,0.6,2,1.6,1.2000000000000002
2021-05-23,Fulham,Newcastle,0,2,A,0,1,A,14,10,0,4,5,4,1,0,0,0,PL,22_21,2,7,0.6,1.8,1.8,1.8,-5,-1.2000000000000002,0.0
2021-05-23,Leeds,West Brom,3,1,H,2,0,H,17,14,9,5,8,3,2,1,0,0,PL,22_21,10,2,1.8,0.6,1.2,2.2,8,0.6000000000000001,-1.6
2021-05-23,Leicester,Tottenham,2,4,A,1,1,D,10,11,6,4,8,7,0,2,0,0,PL,22_21,7,9,1.6,1.8,2.0,1.2,-2,-0.3999999999999999,0.6000000000000001
2021-05-23,Liverpool,Crystal Palace,2,0,H,1,0,H,19,5,5,4,14,1,2,2,0,0,PL,22_21,13,6,2.4,0.8,1.4,2.0,7,1.0,-1.2
2021-05-23,West Ham,Southampton,3,0,H,2,0,H,14,17,7,5,2,3,0,3,0,0,PL,22_21,7,7,1.2,1.0,1.4,1.4,0,-0.19999999999999996,-0.3999999999999999
2021-05-23,Torino,Benevento,1,1,D,1,0,H,12,9,7,3,8,3,0,2,0,0,SA,20_21,5,1,0.6,2.4,0.8,2.4,4,-0.20000000000000007,0.0
2021-05-23,Bologna,Juventus,1,4,A,0,3,A,18,19,5,11,3,0,1,2,0,0,SA,20_21,3,10,1.2,2.6,1.8,1.6,-7,-0.6000000000000001,1.0
2021-05-23,Sevilla,Alaves,1,0,H,0,0,D,11,11,2,2,6,4,1,0,0,0,LL,20_21,7,8,1.0,1.6,1.8,1.6,-1,-0.8,0.0
2021-05-23,Granada,Getafe,0,0,D,0,0,D,9,11,3,2,6,3,4,2,0,0,LL,20_21,3,6,1.2,2.4,0.8,0.8,-3,0.3999999999999999,1.5999999999999999
2021-08-13,Brentford,Arsenal,2,0,H,1,0,H,8,22,3,4,2,5,0,0,0,0,PL,23_22,0,15,0.0,0.0,2.2,0.4,-15,-2.2,-0.4
2021-08-13,Valencia,Getafe,1,0,H,1,0,H,4,22,2,4,1,9,6,3,1,1,LL,21_22,7,4,1.8,1.0,0.4,0.8,3,1.4,0.19999999999999996
2021-08-14,Leicester,Wolves,1,0,H,1,0,H,9,17,5,3,5,4,1,2,0,0,PL,23_22,4,4,1.6,2.4,0.8,1.4,0,0.8,1.0
2021-08-14,Everton,Southampton,3,1,H,0,1,A,14,6,6,3,6,8,2,0,0,0,PL,23_22,7,6,0.4,1.2,1.2,1.8,1,-0.7999999999999999,-0.6000000000000001
2021-08-14,Chelsea,Crystal Palace,3,0,H,2,0,H,13,4,6,1,5,2,0,0,0,0,PL,23_22,9,6,1.4,1.0,1.4,2.0,3,0.0,-1.0
2021-08-14,Man United,Leeds,5,1,H,1,0,H,16,10,8,3,5,4,1,2,0,0,PL,23_22,7,12,1.8,1.8,2.4,0.8,-5,-0.5999999999999999,1.0
2021-08-14,Burnley,Brighton,1,2,A,1,0,H,14,14,3,8,7,6,2,1,0,0,PL,23_22,3,7,0.6,2.0,1.4,1.4,-4,-0.7999999999999999,0.6000000000000001
2021-08-14,Cadiz,Levante,1,1,D,0,1,A,7,12,2,3,2,4,1,5,0,0,LL,21_22,7,3,1.6,1.8,1.6,2.2,4,0.0,-0.40000000000000013
2021-08-14,Mallorca,Betis,1,1,D,1,0,H,6,10,2,1,4,3,1,3,0,0,LL,21_22,0,11,0.0,0.0,1.6,1.0,-11,-1.6,-1.0
2021-08-14,Alaves,Real Madrid,1,4,A,0,0,D,11,19,4,7,0,4,1,2,0,0,LL,21_22,7,13,1.6,1.6,2.2,0.8,-6,-0.6000000000000001,0.8
2021-08-14,Osasuna,Espanol,0,0,D,0,0,D,14,10,1,3,4,6,3,3,0,0,LL,21_22,4,0,1.2,1.8,0.0,0.0,4,1.2,1.8
2021-08-14,Watford,Aston Villa,3,2,H,2,0,H,13,11,7,2,2,4,3,1,0,0,PL,23_22,0,7,0.0,0.0,1.4,1.6,-7,-1.4,-1.6
2021-08-14,Norwich,Liverpool,0,3,A,0,1,A,14,19,3,8,3,11,1,1,0,0,PL,23_22,0,15,0.0,0.0,2.6,0.6,-15,-2.6,-0.6
2021-08-15,Celta,Ath Madrid,1,2,A,0,1,A,10,13,2,4,2,5,4,5,1,1,LL,21_22,12,13,2.2,1.2,1.4,0.6,-1,0.8000000000000003,0.6
2021-08-15,Barcelona,Sociedad,4,2,H,2,0,H,13,11,8,3,5,3,2,4,0,0,LL,21_22,8,9,1.6,1.4,1.6,0.8,-1,0.0,0.5999999999999999
2021-08-15,Sevilla,Vallecano,3,0,H,1,0,H,21,4,8,3,4,0,1,0,0,1,LL,21_22,7,0,0.8,1.4,0.0,0.0,7,0.8,1.4
2021-08-15,Tottenham,Man City,1,0,H,0,0,D,13,18,3,4,3,11,2,1,0,0,PL,23_22,9,9,2.4,1.4,2.8,1.6,0,-0.3999999999999999,-0.20000000000000018
2021-08-15,Newcastle,West Ham,2,4,A,2,1,H,17,8,3,9,7,6,1,0,0,0,PL,23_22,9,10,2.0,1.6,1.8,0.8,-1,0.19999999999999996,0.8
2021-08-16,Elche,Ath Bilbao,0,0,D,0,0,D,8,9,2,3,6,8,2,2,0,0,LL,21_22,6,4,1.0,1.2,0.6,1.2,2,0.4,0.0
2021-08-16,Villarreal,Granada,0,0,D,0,0,D,14,6,4,1,6,2,5,1,1,0,LL,21_22,9,1,2.0,1.2,0.8,2.2,8,1.2,-1.0000000000000002
2021-08-20,Betis,Cadiz,1,1,D,1,1,D,16,8,7,3,4,5,4,0,0,0,LL,21_22,11,5,1.6,1.0,1.6,2.0,6,0.0,-1.0
2021-08-21,Ath Bilbao,Barcelona,1,1,D,0,0,D,16,9,7,3,13,2,1,2,0,1,LL,21_22,2,8,0.4,1.2,1.8,1.4,-6,-1.4,-0.19999999999999996
2021-08-21,Granada,Valencia,1,1,D,1,0,H,9,18,2,7,2,6,4,2,0,0,LL,21_22,2,10,0.8,2.0,1.6,0.4,-8,-0.8,1.6
2021-08-21,Espanol,Villarreal,0,0,D,0,0,D,14,12,3,2,9,7,3,4,0,0,LL,21_22,1,7,0.0,0.0,1.8,1.2,-6,-1.8,-1.2
2021-08-21,Alaves,Mallorca,0,1,A,0,0,D,9,12,4,2,1,8,3,3,1,0,LL,21_22,7,1,1.8,1.8,1.0,1.0,6,0.8,0.8
2021-08-21,Empoli,Lazio,1,3,A,1,3,A,16,8,5,5,5,3,2,1,0,0,SA,21_22,0,4,0.0,0.0,0.2,1.2,-4,-0.2,-1.2
2021-08-21,Torino,Atalanta,1,2,A,0,1,A,19,6,8,2,5,1,2,2,0,0,SA,21_22,3,10,0.6,2.6,2.4,1.6,-7,-1.7999999999999998,1.0
2021-08-21,Inter,Genoa,4,0,H,2,0,H,17,11,8,5,8,2,1,2,0,0,SA,21_22,12,6,3.4,1.2,2.0,2.0,6,1.4,-0.8
2021-08-21,Brighton,Watford,2,0,H,2,0,H,13,10,3,1,7,2,4,0,0,0,PL,23_22,7,3,1.4,1.6,3.0,2.0,4,-1.6,-0.3999999999999999
2021-08-21,Man City,Norwich,5,0,H,2,0,H,16,1,4,0,6,1,1,0,0,0,PL,23_22,6,0,2.4,1.8,0.0,3.0,6,2.4,-1.2
2021-08-21,Leeds,Everton,2,2,D,1,1,D,17,17,4,8,8,5,2,4,0,0,PL,23_22,12,7,2.6,1.4,0.8,1.4,5,1.8,0.0
2021-08-21,Crystal Palace,Brentford,0,0,D,0,0,D,7,14,2,3,3,5,3,1,0,0,PL,23_22,3,3,1.0,2.6,2.0,0.0,0,-1.0,2.6
2021-08-21,Aston Villa,Newcastle,2,0,H,1,0,H,10,9,2,1,3,4,3,4,0,0,PL,23_22,7,9,1.6,1.6,2.4,2.0,-2,-0.7999999999999998,-0.3999999999999999
2021-08-21,Liverpool,Burnley,2,0,H,1,0,H,27,9,9,3,8,4,0,0,0,0,PL,23_22,15,3,2.8,0.6,0.6,2.0,12,2.1999999999999997,-1.4
2021-08-21,Verona,Sassuolo,2,3,A,0,1,A,12,15,4,8,7,4,3,2,1,0,SA,21_22,4,10,1.2,1.4,1.8,1.2,-6,-0.6000000000000001,0.19999999999999996
2021-08-22,Southampton,Man United,1,1,D,1,0,H,8,15,3,4,7,7,2,3,0,0,PL,23_22,6,7,1.4,2.0,2.2,1.8,-1,-0.8000000000000003,0.19999999999999996
2021-08-22,Wolves,Tottenham,0,1,A,0,1,A,25,8,6,6,5,4,1,4,0,0,PL,23_22,3,9,0.6,1.4,1.8,1.4,-6,-1.2000000000000002,0.0
2021-08-22,Arsenal,Chelsea,0,2,A,0,2,A,6,22,3,5,9,8,3,0,0,0,PL,23_22,12,9,1.8,0.8,1.6,1.0,3,0.19999999999999996,-0.19999999999999996
2021-08-22,Roma,Fiorentina,3,1,H,1,0,H,11,11,6,8,4,4,3,2,1,1,SA,21_22,7,6,2.0,1.4,1.0,1.0,1,1.0,0.3999999999999999
2021-08-22,Ath Madrid,Elche,1,0,H,1,0,H,8,4,4,2,2,1,2,2,0,0,LL,21_22,13,7,1.6,0.8,1.0,1.0,6,0.6000000000000001,-0.19999999999999996
2021-08-22,Sociedad,Vallecano,1,0,H,0,0,D,13,9,8,1,5,4,3,4,0,0,LL,21_22,9,0,2.0,1.4,0.0,3.0,9,2.0,-1.6
2021-08-22,Levante,Real Madrid,3,3,D,0,1,A,8,19,4,5,4,6,3,2,1,0,LL,21_22,4,13,1.8,2.0,2.6,1.0,-9,-0.8,1.0
2021-08-22,Napoli,Venezia,2,0,H,0,0,D,13,8,4,4,2,2,1,7,1,0,SA,21_22,11,0,2.6,0.8,0.0,0.0,11,2.6,0.8
2021-08-22,Bologna,Salernitana,3,2,H,0,0,D,18,8,7,4,9,4,6,3,2,1,SA,21_22,3,0,1.4,2.4,0.0,0.0,3,1.4,2.4
2021-08-22,Udinese,Juventus,2,2,D,0,2,A,11,11,6,4,3,3,1,3,0,0,SA,21_22,1,12,0.8,2.8,2.4,1.6,-11,-1.5999999999999999,1.1999999999999997
2021-08-23,Osasuna,Celta,0,0,D,0,0,D,15,4,7,0,1,2,4,3,0,0,LL,21_22,5,9,1.2,1.4,2.0,1.6,-4,-0.8,-0.20000000000000018
2021-08-23,Sampdoria,Milan,0,1,A,0,1,A,11,10,3,4,8,3,3,1,0,0,SA,21_22,10,13,1.8,1.4,2.8,0.0,-3,-0.9999999999999998,1.4
2021-08-23,Cagliari,Spezia,2,2,D,0,1,A,16,13,10,6,11,4,2,3,0,0,SA,21_22,6,6,0.8,0.6,2.0,2.0,0,-1.2,-1.4
2021-08-23,West Ham,Leicester,4,1,H,1,0,H,13,5,7,1,10,0,0,1,0,1,PL,23_22,10,6,2.2,1.0,1.6,2.2,4,0.6000000000000001,-1.2000000000000002
2021-08-23,Getafe,Sevilla,0,1,A,0,0,D,12,9,0,3,5,4,2,2,0,0,LL,21_22,4,10,0.4,0.8,1.4,1.2,-6,-0.9999999999999999,-0.3999999999999999
2021-08-27,Valencia,Alaves,3,0,H,2,0,H,9,10,4,3,4,4,1,4,0,0,LL,21_22,8,6,1.2,0.6,1.4,1.6,2,-0.19999999999999996,-1.0
2021-08-27,Mallorca,Espanol,1,0,H,1,0,H,12,8,6,3,3,2,4,3,0,1,LL,21_22,4,2,1.0,0.5,0.0,0.0,2,1.0,0.5
2021-08-27,Udinese,Venezia,3,0,H,1,0,H,18,8,10,3,7,2,2,3,0,0,SA,21_22,2,0,1.0,2.8,0.0,2.0,2,1.0,0.7999999999999998
2021-08-27,Verona,Inter,1,3,A,1,0,H,4,15,1,8,6,4,2,2,0,0,SA,21_22,3,12,1.4,1.8,3.8,1.2,-9,-2.4,0.6000000000000001
2021-08-28,Newcastle,Southampton,2,2,D,0,0,D,10,22,5,6,4,4,3,3,0,0,PL,23_22,6,4,1.6,2.0,1.0,2.0,2,0.6000000000000001,0.0
2021-08-28,Brighton,Everton,0,2,A,0,1,A,14,14,3,5,4,5,1,2,0,0,PL,23_22,10,7,1.6,1.2,1.2,1.8,3,0.40000000000000013,-0.6000000000000001
2021-08-28,Aston Villa,Brentford,1,1,D,1,1,D,7,9,5,2,3,2,3,3,0,0,PL,23_22,9,4,2.0,1.6,1.0,0.0,5,1.0,1.6
2021-08-28,Man City,Arsenal,5,0,H,3,0,H,25,1,10,0,14,0,1,2,0,1,PL,23_22,9,9,3.2,1.4,1.2,1.0,0,2.0,0.3999999999999999
2021-08-28,Fiorentina,Torino,2,1,H,1,0,H,10,4,7,1,3,3,4,5,0,0,SA,21_22,5,2,0.6,1.0,0.6,2.8,3,0.0,-1.7999999999999998
2021-08-28,West Ham,Crystal Palace,2,2,D,1,0,H,14,9,4,2,5,3,1,0,0,0,PL,23_22,13,4,3.0,1.0,0.8,2.0,9,2.2,-1.0
2021-08-28,Liverpool,Chelsea,1,1,D,1,1,D,24,6,7,3,12,3,0,2,0,1,PL,23_22,15,9,2.4,0.2,1.6,0.8,6,0.7999999999999998,-0.6000000000000001
2021-08-28,Atalanta,Bologna,0,0,D,0,0,D,21,3,3,1,5,5,2,5,0,0,SA,21_22,12,5,2.6,1.6,1.4,2.2,7,1.2000000000000002,-0.6000000000000001
2021-08-28,Lazio,Spezia,6,1,H,3,1,H,18,5,10,2,4,2,0,2,0,1,SA,21_22,7,6,0.8,1.0,2.2,2.2,1,-1.4000000000000001,-1.2000000000000002
2021-08-28,Norwich,Leicester,1,2,A,1,1,D,14,9,4,3,9,9,2,1,0,0,PL,23_22,0,6,0.0,4.0,1.4,2.2,-6,-1.4,1.7999999999999998
2021-08-28,Juventus,Empoli,0,1,A,0,1,A,20,9,6,3,8,9,2,3,0,0,SA,21_22,10,0,2.4,1.8,1.0,3.0,10,1.4,-1.2
2021-08-28,Celta,Ath Bilbao,0,1,A,0,1,A,13,6,0,2,5,4,2,1,0,0,LL,21_22,7,2,1.2,1.2,0.2,1.0,5,1.0,0.19999999999999996
2021-08-28,Sociedad,Levante,1,0,H,1,0,H,7,6,2,0,2,2,1,1,0,0,LL,21_22,9,4,1.8,1.4,2.0,2.2,5,-0.19999999999999996,-0.8000000000000003
2021-08-28,Betis,Real Madrid,0,1,A,0,0,D,11,13,6,3,3,7,5,3,0,0,LL,21_22,9,13,1.4,1.0,2.8,1.2,-4,-1.4,-0.19999999999999996
2021-08-28,Elche,Sevilla,1,1,D,1,1,D,7,18,4,5,5,3,2,0,0,0,LL,21_22,7,12,1.0,0.8,1.2,0.8,-5,-0.19999999999999996,0.0
2021-08-29,Barcelona,Getafe,2,1,H,2,1,H,7,8,3,3,3,2,3,1,0,0,LL,21_22,8,4,2.0,1.6,0.4,0.8,4,1.6,0.8
2021-08-29,Cadiz,Osasuna,2,3,A,1,0,H,7,14,3,4,4,11,4,0,0,0,LL,21_22,3,5,1.4,2.0,0.8,1.0,-2,0.5999999999999999,1.0
2021-08-29,Vallecano,Granada,4,0,H,3,0,H,19,9,6,3,5,6,1,4,0,0,LL,21_22,0,3,0.0,2.0,0.8,1.8,-3,-0.8,0.19999999999999996
2021-08-29,Burnley,Leeds,1,1,D,0,0,D,12,12,3,2,5,5,4,3,0,0,PL,23_22,0,10,0.2,2.4,2.4,1.6,-10,-2.1999999999999997,0.7999999999999998
2021-08-29,Tottenham,Watford,1,0,H,1,0,H,15,9,8,2,10,3,3,3,0,0,PL,23_22,12,3,1.8,0.8,1.5,2.0,9,0.30000000000000004,-1.2
2021-08-29,Wolves,Man United,0,1,A,0,0,D,15,10,6,3,5,7,3,4,0,0,PL,23_22,0,8,0.2,1.4,2.2,1.6,-8,-2.0,-0.20000000000000018
2021-08-29,Ath Madrid,Villarreal,2,2,D,0,0,D,24,2,5,2,16,0,4,2,0,0,LL,21_22,15,8,1.8,0.8,1.4,0.4,7,0.40000000000000013,0.4
2021-08-29,Genoa,Napoli,1,2,A,0,1,A,7,12,3,8,4,5,2,3,0,0,SA,21_22,6,13,1.4,2.0,2.8,0.6,-7,-1.4,1.4
2021-08-29,Sassuolo,Sampdoria,0,0,D,0,0,D,19,13,6,3,8,6,2,2,0,0,SA,21_22,12,7,2.2,1.4,1.4,1.6,5,0.8000000000000003,-0.20000000000000018
2021-08-29,Milan,Cagliari,4,1,H,4,1,H,17,6,5,2,8,3,1,5,0,0,SA,21_22,13,6,2.6,0.0,1.0,0.8,7,1.6,-0.8
2021-08-29,Salernitana,Roma,0,4,A,0,0,D,4,21,0,10,1,10,2,2,0,0,SA,21_22,0,10,2.0,3.0,2.6,1.2,-10,-0.6000000000000001,1.8
2021-09-11,Southampton,West Ham,0,0,D,0,0,D,11,13,3,3,5,4,3,1,0,1,PL,23_22,2,13,0.8,2.2,3.2,1.2,-11,-2.4000000000000004,1.0000000000000002
2021-09-11,Chelsea,Aston Villa,3,0,H,1,0,H,12,18,4,6,4,11,1,4,0,0,PL,23_22,10,10,1.8,0.8,1.8,1.2,0,0.0,-0.3999999999999999
2021-09-11,Atalanta,Fiorentina,1,2,A,0,1,A,10,7,5,2,10,3,5,4,0,0,SA,21_22,10,5,1.6,1.2,0.6,1.2,5,1.0,0.0
2021-09-11,Napoli,Juventus,2,1,H,0,1,A,24,7,7,4,13,1,2,1,0,0,SA,21_22,13,10,2.4,0.6,2.4,1.4,3,0.0,-0.7999999999999999
2021-09-11,Empoli,Venezia,1,2,A,0,1,A,17,10,6,3,8,2,2,5,0,0,SA,21_22,3,0,1.0,1.5,0.0,2.5,3,1.0,-1.0
2021-09-11,Ath Bilbao,Mallorca,2,0,H,0,0,D,19,7,5,1,7,2,1,2,0,0,LL,21_22,5,7,0.4,0.8,1.0,0.33,-2,-0.6,0.47000000000000003
2021-09-11,Watford,Wolves,0,2,A,0,0,D,6,14,2,5,6,8,3,3,0,0,PL,23_22,3,0,1.0,1.67,0.2,1.2,3,0.8,0.47
2021-09-11,Crystal Palace,Tottenham,3,0,H,0,0,D,18,2,4,1,8,2,2,1,0,1,PL,23_22,2,12,0.6,2.0,1.6,0.8,-10,-1.0,1.2
2021-09-11,Arsenal,Norwich,1,0,H,0,0,D,30,10,7,1,8,4,1,2,0,0,PL,23_22,6,0,1.0,2.0,0.33,3.33,6,0.6699999999999999,-1.33
2021-09-11,Leicester,Man City,0,1,A,0,0,D,6,25,1,8,5,8,1,2,0,0,PL,23_22,6,9,1.4,2.2,3.4,0.8,-3,-2.0,1.4000000000000001
2021-09-11,Man United,Newcastle,4,1,H,1,0,H,21,12,7,3,7,3,1,0,0,0,PL,23_22,11,7,2.0,0.8,1.4,1.6,4,0.6000000000000001,-0.8
2021-09-11,Levante,Vallecano,1,1,D,1,0,H,7,22,2,6,2,5,3,4,0,0,LL,21_22,3,3,1.4,1.8,1.33,1.33,0,0.06999999999999984,0.47
2021-09-11,Brentford,Brighton,0,1,A,0,0,D,7,4,1,2,1,6,3,2,0,0,PL,23_22,5,9,1.0,0.33,1.4,1.4,-4,-0.3999999999999999,-1.0699999999999998
2021-09-12,Leeds,Liverpool,0,3,A,0,1,A,9,30,4,9,2,11,2,1,1,0,PL,23_22,8,13,1.8,1.8,2.2,0.2,-5,-0.40000000000000013,1.6
2021-09-12,Torino,Salernitana,4,0,H,1,0,H,15,7,7,2,7,4,0,2,0,0,SA,21_22,2,0,0.8,1.8,1.0,3.5,2,-0.19999999999999996,-1.7
2021-09-12,Espanol,Ath Madrid,1,2,A,1,0,H,9,13,3,3,6,3,1,4,0,0,LL,21_22,2,13,0.0,0.33,1.8,1.0,-11,-1.8,-0.6699999999999999
2021-09-12,Osasuna,Valencia,1,4,A,1,1,D,11,10,2,4,4,4,4,2,0,0,LL,21_22,5,11,0.8,1.0,1.8,0.4,-6,-1.0,0.6
2021-09-12,Cadiz,Sociedad,0,2,A,0,0,D,6,16,1,4,2,8,4,0,1,0,LL,21_22,3,12,1.4,2.0,1.8,1.0,-9,-0.40000000000000013,1.0
2021-09-12,Real Madrid,Celta,5,2,H,1,2,A,15,11,11,4,7,3,2,3,0,0,LL,21_22,13,4,2.2,1.0,1.0,1.4,9,1.2000000000000002,-0.3999999999999999
2021-09-12,Cagliari,Genoa,2,3,A,1,0,H,8,9,3,3,2,6,2,3,0,0,SA,21_22,3,6,0.6,1.4,1.4,2.0,-3,-0.7999999999999999,-0.6000000000000001
2021-09-12,Sampdoria,Inter,2,2,D,1,2,A,12,8,3,3,4,4,4,4,0,0,SA,21_22,8,12,1.2,0.6,3.4,1.2,-4,-2.2,-0.6
2021-09-12,Milan,Lazio,2,0,H,1,0,H,17,7,3,5,5,1,1,4,0,0,SA,21_22,13,7,2.8,0.2,1.8,1.2,6,0.9999999999999998,-1.0
2021-09-12,Spezia,Udinese,0,1,A,0,0,D,20,8,5,4,4,5,1,2,0,0,SA,21_22,6,4,2.2,2.6,1.4,2.6,2,0.8000000000000003,0.0
2021-09-12,Roma,Sassuolo,2,1,H,1,0,H,19,13,9,7,4,6,2,1,0,0,SA,21_22,10,10,2.4,1.2,1.8,1.2,0,0.5999999999999999,0.0
2021-09-13,Bologna,Verona,1,0,H,0,0,D,13,5,4,1,6,2,1,3,0,0,SA,21_22,5,2,1.2,2.0,1.4,2.2,3,-0.19999999999999996,-0.20000000000000018
2021-09-13,Getafe,Elche,0,1,A,0,0,D,10,8,1,3,8,2,2,3,0,0,LL,21_22,4,8,0.6,1.0,1.2,0.6,-4,-0.6,0.4
2021-09-13,Granada,Betis,1,2,A,0,1,A,11,19,2,9,6,8,1,2,0,0,LL,21_22,3,8,0.6,1.8,1.2,1.0,-5,-0.6,0.8
2021-09-13,Everton,Burnley,3,1,H,0,0,D,14,11,6,6,4,6,1,1,0,0,PL,23_22,10,1,1.6,1.6,0.4,1.8,9,1.2000000000000002,-0.19999999999999996
2021-09-17,Celta,Cadiz,1,2,A,0,2,A,14,7,4,3,7,1,3,3,0,0,LL,21_22,1,3,1.0,2.2,1.2,1.8,-2,-0.19999999999999996,0.40000000000000013
2021-09-17,Newcastle,Leeds,1,1,D,1,1,D,17,22,7,9,4,5,2,2,0,0,PL,23_22,4,5,1.4,2.4,1.4,2.4,-1,0.0,0.0
2021-09-17,Sassuolo,Torino,0,1,A,0,0,D,9,18,1,6,6,3,0,4,0,0,SA,21_22,10,5,1.8,1.0,1.4,1.0,5,0.40000000000000013,0.0
2021-09-18,Liverpool,Crystal Palace,3,0,H,1,0,H,25,13,10,2,10,5,3,1,0,0,PL,23_22,13,5,2.2,0.2,1.0,1.4,8,1.2000000000000002,-1.2
2021-09-18,Elche,Levante,1,1,D,1,0,H,9,11,2,6,4,7,2,2,0,0,LL,21_22,8,4,0.8,0.4,1.4,1.6,4,-0.5999999999999999,-1.2000000000000002
2021-09-18,Alaves,Osasuna,0,2,A,0,2,A,8,13,3,5,2,8,4,3,0,0,LL,21_22,3,5,1.0,2.2,0.8,1.4,-2,0.19999999999999996,0.8000000000000003
2021-09-18,Vallecano,Getafe,3,0,H,1,0,H,11,13,5,3,5,3,6,7,0,0,LL,21_22,4,1,1.25,1.25,0.2,1.0,3,1.05,0.25
2021-09-18,Wolves,Brentford,0,2,A,0,2,A,11,9,0,3,4,2,4,2,0,1,PL,23_22,3,5,0.6,1.0,0.75,0.5,-2,-0.15000000000000002,0.5
2021-09-18,Burnley,Arsenal,0,1,A,0,1,A,18,13,3,3,8,3,2,1,0,0,PL,23_22,1,6,0.6,1.8,0.6,1.8,-5,0.0,0.0
2021-09-18,Salernitana,Atalanta,0,1,A,0,0,D,11,10,1,3,6,4,4,4,0,0,SA,21_22,0,7,0.67,3.67,1.4,1.6,-7,-0.7299999999999999,2.07
2021-09-18,Man City,Southampton,0,0,D,0,0,D,18,10,1,2,8,5,0,2,0,0,PL,23_22,12,3,3.2,0.2,0.8,1.8,9,2.4000000000000004,-1.6
2021-09-18,Norwich,Watford,1,3,A,1,1,D,12,12,5,8,4,8,1,1,0,0,PL,23_22,0,3,0.25,2.75,0.75,1.75,-3,-0.5,1.0
2021-09-18,Aston Villa,Everton,3,0,H,0,0,D,15,11,3,1,5,4,1,1,0,0,PL,23_22,7,10,1.4,1.6,2.0,1.8,-3,-0.6000000000000001,-0.19999999999999996
2021-09-18,Ath Madrid,Ath Bilbao,0,0,D,0,0,D,14,6,2,0,5,5,6,2,1,0,LL,21_22,13,8,1.8,1.0,0.8,0.6,5,1.0,0.4
2021-09-18,Genoa,Fiorentina,1,2,A,0,0,D,9,16,3,5,1,11,4,4,0,0,SA,21_22,6,7,1.6,2.4,1.0,1.4,-1,0.6000000000000001,1.0
2021-09-18,Inter,Bologna,6,1,H,3,0,H,19,7,11,2,5,1,0,3,0,0,SA,21_22,10,8,3.2,1.4,1.4,1.6,2,1.8000000000000003,-0.20000000000000018
2021-09-19,Juventus,Milan,1,1,D,1,0,H,9,13,4,3,4,4,1,1,0,0,SA,21_22,7,13,2.0,1.6,1.8,0.2,-6,0.19999999999999996,1.4000000000000001
2021-09-19,Lazio,Cagliari,2,2,D,1,0,H,28,10,10,3,10,1,1,3,0,1,SA,21_22,7,2,1.8,1.2,1.0,2.0,5,0.8,-0.8
2021-09-19,Verona,Roma,3,2,H,0,1,A,10,15,6,2,3,8,4,2,0,0,SA,21_22,2,13,1.2,2.0,2.6,0.8,-11,-1.4000000000000001,1.2
2021-09-19,Brighton,Leicester,2,1,H,1,0,H,12,14,5,3,4,9,2,1,0,0,PL,23_22,9,6,1.0,1.0,1.2,2.0,3,-0.19999999999999996,-1.0
2021-09-19,Empoli,Sampdoria,0,3,A,0,1,A,15,14,4,7,8,8,2,2,0,0,SA,21_22,3,8,1.0,1.67,1.2,0.6,-5,-0.19999999999999996,1.0699999999999998
2021-09-19,Tottenham,Chelsea,0,3,A,0,0,D,8,20,2,10,5,11,0,1,0,0,PL,23_22,12,10,1.4,1.0,2.0,0.6,2,-0.6000000000000001,0.4
2021-09-19,West Ham,Man United,1,2,A,1,1,D,13,17,4,10,2,11,0,0,0,0,PL,23_22,11,13,2.6,1.0,2.6,0.8,-2,0.0,0.19999999999999996
2021-09-19,Valencia,Real Madrid,1,2,A,0,0,D,12,18,4,10,2,5,1,5,0,0,LL,21_22,11,13,1.8,0.4,3.0,1.4,-2,-1.2,-0.9999999999999999
2021-09-19,Betis,Espanol,2,2,D,2,1,H,23,11,9,4,10,4,4,4,1,0,LL,21_22,8,2,1.4,1.2,0.25,0.75,6,1.15,0.44999999999999996
2021-09-19,Sociedad,Sevilla,0,0,D,0,0,D,11,11,4,4,5,6,2,3,0,0,LL,21_22,12,10,1.4,0.8,1.2,1.0,2,0.19999999999999996,-0.19999999999999996
2021-09-19,Mallorca,Villarreal,0,0,D,0,0,D,10,11,1,3,3,1,2,3,0,0,LL,21_22,7,6,0.75,0.75,1.4,0.8,1,-0.6499999999999999,-0.050000000000000044
2021-09-19,Venezia,Spezia,1,2,A,0,1,A,14,12,3,3,3,10,4,1,0,0,SA,21_22,3,5,0.67,2.0,1.8,2.4,-2,-1.13,-0.3999999999999999
2021-09-20,Udinese,Napoli,0,4,A,0,2,A,9,18,1,8,2,5,2,1,0,0,SA,21_22,7,13,1.4,1.6,1.8,0.6,-6,-0.40000000000000013,1.0
2021-09-20,Barcelona,Granada,1,1,D,0,1,A,17,5,6,2,12,4,3,6,0,0,LL,21_22,10,3,1.8,1.2,0.4,1.4,7,1.4,-0.19999999999999996
2021-09-21,Fiorentina,Inter,1,3,A,1,0,H,14,17,6,5,4,8,2,3,1,0,SA,21_22,10,13,1.4,1.2,4.0,1.0,-3,-2.6,0.19999999999999996
2021-09-21,Atalanta,Sassuolo,2,1,H,2,1,H,14,8,5,1,5,5,2,2,0,0,SA,21_22,7,7,0.8,1.0,1.2,1.0,0,-0.3999999999999999,0.0
2021-09-21,Bologna,Genoa,2,2,D,0,0,D,17,11,6,6,7,2,3,4,0,0,SA,21_22,7,6,1.2,2.4,1.2,2.0,1,0.0,0.3999999999999999
2021-09-21,Levante,Celta,0,2,A,0,0,D,6,4,2,2,2,4,3,2,0,0,LL,21_22,4,1,1.2,1.4,0.8,2.0,3,0.3999999999999999,-0.6000000000000001
2021-09-21,Ath Bilbao,Vallecano,1,2,A,1,1,D,8,8,1,3,2,1,3,3,0,0,LL,21_22,9,7,0.8,0.2,1.6,1.0,2,-0.8,-0.8
2021-09-21,Getafe,Ath Madrid,1,2,A,1,0,H,7,12,2,4,2,5,4,5,1,0,LL,21_22,0,11,0.2,1.6,1.4,0.8,-11,-1.2,0.8
2021-09-22,Sevilla,Valencia,3,1,H,3,1,H,11,8,5,3,1,4,5,3,0,0,LL,21_22,11,10,1.2,0.2,2.0,0.8,1,-0.8,-0.6000000000000001
2021-09-22,Villarreal,Elche,4,1,H,2,1,H,14,9,9,3,8,7,1,2,0,0,LL,21_22,4,6,0.6,0.8,0.6,0.6,-2,0.0,0.20000000000000007
2021-09-22,Espanol,Alaves,1,0,H,0,0,D,10,8,2,2,4,8,2,1,0,0,LL,21_22,3,0,0.6,1.0,0.2,2.2,3,0.39999999999999997,-1.2000000000000002
2021-09-22,Milan,Venezia,2,0,H,0,0,D,15,8,4,2,4,4,0,2,0,0,SA,21_22,13,3,2.0,0.4,0.75,2.0,10,1.25,-1.6
2021-09-22,Real Madrid,Mallorca,6,1,H,3,1,H,18,17,12,5,3,2,2,1,0,0,LL,21_22,13,8,3.0,1.4,0.6,0.6,5,2.4,0.7999999999999999
2021-09-22,Cagliari,Empoli,0,2,A,0,1,A,16,17,1,5,7,4,2,1,0,0,SA,21_22,2,3,1.4,2.4,0.75,2.0,-1,0.6499999999999999,0.3999999999999999
2021-09-22,Spezia,Juventus,2,3,A,1,1,D,10,26,5,9,5,15,2,1,0,0,SA,21_22,5,5,1.4,2.4,1.6,1.4,0,-0.20000000000000018,1.0
2021-09-22,Salernitana,Verona,2,2,D,1,2,A,15,10,4,5,4,5,2,3,0,0,SA,21_22,0,4,0.5,3.0,1.4,2.0,-4,-0.8999999999999999,1.0
2021-09-23,Sampdoria,Napoli,0,4,A,0,2,A,13,17,5,9,5,5,2,1,0,0,SA,21_22,8,13,1.6,0.6,2.2,0.6,-5,-0.6000000000000001,0.0
2021-09-23,Torino,Lazio,1,1,D,0,0,D,16,6,5,2,6,5,3,3,0,0,SA,21_22,7,7,1.6,1.0,2.2,1.6,0,-0.6000000000000001,-0.6000000000000001
2021-09-23,Roma,Udinese,1,0,H,1,0,H,12,8,2,3,6,6,4,1,1,0,SA,21_22,10,7,2.6,1.4,1.4,2.2,3,1.2000000000000002,-0.8000000000000003
2021-09-23,Cadiz,Barcelona,0,0,D,0,0,D,13,6,3,2,4,5,3,4,0,1,LL,21_22,5,11,1.2,1.6,1.8,1.0,-6,-0.6000000000000001,0.6000000000000001
2021-09-23,Osasuna,Betis,1,3,A,1,1,D,11,16,3,9,4,7,2,0,0,0,LL,21_22,8,6,1.2,1.2,1.2,1.2,2,0.0,0.0
2021-09-23,Granada,Sociedad,2,3,A,1,0,H,10,20,2,11,4,7,5,1,0,0,LL,21_22,3,10,0.6,1.6,1.2,0.8,-7,-0.6,0.8
2021-09-25,Brentford,Liverpool,3,3,D,1,1,D,12,16,4,6,2,11,1,1,0,0,PL,23_22,8,13,1.0,0.4,2.4,0.2,-5,-1.4,0.2
2021-09-25,Watford,Newcastle,1,1,D,0,1,A,15,20,4,6,5,6,4,3,0,0,PL,23_22,6,2,1.2,1.6,1.2,2.6,4,0.0,-1.0
2021-09-25,Leicester,Burnley,2,2,D,1,2,A,22,9,5,3,8,4,2,4,0,0,PL,23_22,6,1,1.0,1.6,0.6,1.8,5,0.4,-0.19999999999999996
2021-09-25,Leeds,West Ham,1,2,A,1,0,H,15,20,5,7,5,7,3,2,0,0,PL,23_22,3,8,1.0,2.4,2.2,1.4,-5,-1.2000000000000002,1.0
2021-09-25,Everton,Norwich,2,0,H,1,0,H,11,10,4,2,6,4,2,3,0,0,PL,23_22,10,0,2.0,1.4,0.4,2.8,10,1.6,-1.4
2021-09-25,Man United,Aston Villa,0,1,A,0,0,D,28,7,4,3,5,5,2,2,0,0,PL,23_22,13,7,2.6,0.8,1.6,1.4,6,1.0,-0.5999999999999999
2021-09-25,Chelsea,Man City,0,1,A,0,0,D,5,15,0,4,4,13,3,2,0,0,PL,23_22,13,10,2.4,0.2,2.2,0.2,3,0.19999999999999973,0.0
2021-09-25,Sevilla,Espanol,2,0,H,1,0,H,12,13,5,2,4,8,4,0,1,0,LL,21_22,11,5,1.6,0.4,0.8,1.0,6,0.8,-0.6
2021-09-25,Alaves,Ath Madrid,1,0,H,1,0,H,7,13,1,1,3,8,2,3,0,0,LL,21_22,0,11,0.2,2.2,1.4,0.8,-11,-1.2,1.4000000000000001
2021-09-25,Valencia,Ath Bilbao,1,1,D,0,0,D,13,12,6,4,4,5,5,2,1,0,LL,21_22,7,8,2.0,1.4,1.0,0.6,-1,1.0,0.7999999999999999
2021-09-25,Genoa,Verona,3,3,D,0,1,A,10,12,4,7,3,2,3,2,0,0,SA,21_22,4,4,1.4,2.4,1.6,2.2,0,-0.20000000000000018,0.19999999999999973
2021-09-25,Inter,Atalanta,2,2,D,1,2,A,19,23,6,5,4,11,3,5,0,0,SA,21_22,13,10,3.6,1.0,1.2,0.8,3,2.4000000000000004,0.19999999999999996
2021-09-25,Spezia,Milan,1,2,A,0,0,D,8,18,2,5,2,4,2,2,0,0,SA,21_22,4,13,1.4,2.6,2.0,0.4,-9,-0.6000000000000001,2.2
2021-09-25,Real Madrid,Villarreal,0,0,D,0,0,D,15,6,2,2,6,3,1,2,0,0,LL,21_22,13,7,3.4,1.4,1.2,0.6,6,2.2,0.7999999999999999
2021-09-26,Mallorca,Osasuna,2,3,A,2,1,H,17,12,8,6,5,5,2,3,0,0,LL,21_22,7,7,0.6,1.6,1.4,1.8,0,-0.7999999999999999,-0.19999999999999996
2021-09-26,Barcelona,Levante,3,0,H,2,0,H,20,6,12,2,11,1,1,3,0,0,LL,21_22,9,3,1.6,1.0,1.0,1.6,6,0.6000000000000001,-0.6000000000000001
2021-09-26,Vallecano,Cadiz,3,1,H,2,1,H,13,6,6,1,4,3,2,4,0,0,LL,21_22,10,5,2.0,0.6,1.0,1.4,5,1.0,-0.7999999999999999
2021-09-26,Betis,Getafe,2,0,H,1,0,H,20,8,5,3,3,3,1,3,0,0,LL,21_22,8,0,1.6,1.2,0.4,1.8,8,1.2000000000000002,-0.6000000000000001
2021-09-26,Sociedad,Elche,1,0,H,0,0,D,17,5,5,2,6,1,1,3,0,0,LL,21_22,13,5,1.4,0.4,0.8,1.4,8,0.5999999999999999,-0.9999999999999999
2021-09-26,Udinese,Fiorentina,0,1,A,0,1,A,12,8,5,2,4,1,2,3,0,0,SA,21_22,7,9,1.2,1.4,1.6,1.8,-2,-0.40000000000000013,-0.40000000000000013
2021-09-26,Arsenal,Tottenham,3,1,H,3,0,H,12,10,7,4,4,4,2,1,0,0,PL,23_22,6,9,0.4,1.8,0.6,1.2,-3,-0.19999999999999996,0.6000000000000001
2021-09-26,Southampton,Wolves,0,1,A,0,0,D,18,5,6,3,5,5,0,0,0,0,PL,23_22,4,3,0.8,1.2,0.4,1.0,1,0.4,0.19999999999999996
2021-09-26,Juventus,Sampdoria,3,2,H,2,1,H,16,5,6,3,4,2,4,3,0,0,SA,21_22,5,5,1.4,1.6,1.0,1.4,0,0.3999999999999999,0.20000000000000018
2021-09-26,Empoli,Bologna,4,2,H,2,1,H,15,20,7,5,2,10,2,2,0,0,SA,21_22,6,8,1.0,1.6,1.4,2.0,-2,-0.3999999999999999,-0.3999999999999999
2021-09-26,Lazio,Roma,3,2,H,2,1,H,9,20,4,8,1,9,2,4,0,0,SA,21_22,8,12,2.4,1.4,2.4,1.0,-4,0.0,0.3999999999999999
2021-09-26,Napoli,Cagliari,2,0,H,1,0,H,18,6,7,1,6,4,2,1,0,0,SA,21_22,15,2,2.8,0.4,1.4,2.6,13,1.4,-2.2
2021-09-26,Sassuolo,Salernitana,1,0,H,0,0,D,17,12,6,5,4,8,3,3,0,0,SA,21_22,4,1,1.0,1.4,0.8,2.8,3,0.19999999999999996,-1.4
2021-09-27,Venezia,Torino,1,1,D,0,0,D,8,8,2,3,4,1,1,4,0,1,SA,21_22,3,7,0.6,2.0,1.6,1.0,-4,-1.0,1.0
2021-09-27,Celta,Granada,1,0,H,0,0,D,14,7,5,4,5,3,2,7,0,0,LL,21_22,4,2,1.0,1.6,1.0,2.2,2,0.0,-0.6000000000000001
2021-09-27,Crystal Palace,Brighton,1,1,D,1,0,H,8,8,3,4,6,5,2,3,0,0,PL,23_22,5,12,1.0,1.6,1.4,0.8,-7,-0.3999999999999999,0.8
2021-10-01,Cagliari,Venezia,1,1,D,1,0,H,9,10,3,4,2,4,2,5,0,0,SA,21_22,1,4,1.0,2.6,0.8,1.8,-3,0.19999999999999996,0.8
2021-10-01,Ath Bilbao,Alaves,1,0,H,1,0,H,16,17,5,5,13,9,3,2,0,0,LL,21_22,8,3,1.0,0.6,0.2,1.4,5,0.8,-0.7999999999999999
2021-10-02,Salernitana,Genoa,1,0,H,0,0,D,10,19,4,4,10,8,2,2,0,0,SA,21_22,1,5,0.4,2.4,2.0,2.2,-4,-1.6,0.19999999999999973
2021-10-02,Brighton,Arsenal,0,0,D,0,0,D,21,8,2,2,8,5,2,1,0,0,PL,23_22,10,9,1.2,0.8,1.0,1.6,1,0.19999999999999996,-0.8
2021-10-02,Wolves,Newcastle,2,1,H,1,1,D,7,8,3,2,0,4,0,2,0,0,PL,23_22,6,3,0.6,0.8,1.0,2.0,3,-0.4,-1.2
2021-10-02,Leeds,Watford,1,0,H,1,0,H,20,5,4,1,6,3,0,3,0,0,PL,23_22,3,4,1.0,1.8,0.8,1.4,-1,0.19999999999999996,0.40000000000000013
2021-10-02,Chelsea,Southampton,3,1,H,1,0,H,20,6,9,2,7,2,1,3,0,1,PL,23_22,10,4,1.8,0.4,0.6,0.8,6,1.2000000000000002,-0.4
2021-10-02,Burnley,Norwich,0,0,D,0,0,D,14,10,4,2,9,5,5,2,0,0,PL,23_22,2,0,0.8,1.8,0.4,2.6,2,0.4,-0.8
2021-10-02,Man United,Everton,1,1,D,1,0,H,13,12,6,2,10,1,1,1,0,0,PL,23_22,10,10,1.6,0.8,1.8,1.2,0,-0.19999999999999996,-0.3999999999999999
2021-10-02,Mallorca,Levante,1,0,H,0,0,D,9,6,7,2,8,3,4,4,0,0,LL,21_22,4,2,0.8,2.2,0.4,1.6,2,0.4,0.6000000000000001
2021-10-02,Cadiz,Valencia,0,0,D,0,0,D,2,16,1,4,1,3,3,4,0,0,LL,21_22,4,7,1.0,1.8,2.0,1.4,-3,-1.0,0.40000000000000013
2021-10-02,Ath Madrid,Barcelona,2,0,H,2,0,H,6,9,3,2,2,6,2,1,0,0,LL,21_22,8,9,1.2,1.0,1.4,0.6,-1,-0.19999999999999996,0.4
2021-10-02,Sassuolo,Inter,1,2,A,1,0,H,12,18,8,3,6,8,4,2,0,0,SA,21_22,4,11,0.6,1.0,3.2,1.4,-7,-2.6,-0.3999999999999999
2021-10-02,Torino,Juventus,0,1,A,0,0,D,12,10,2,3,4,6,3,1,0,0,SA,21_22,8,7,1.6,0.8,1.6,1.6,1,0.0,-0.8
2021-10-02,Osasuna,Vallecano,1,0,H,0,0,D,7,7,3,0,6,3,3,3,0,0,LL,21_22,9,13,2.0,2.2,2.6,0.6,-4,-0.6000000000000001,1.6
2021-10-03,Getafe,Sociedad,1,1,D,1,0,H,9,10,2,5,2,5,4,2,0,0,LL,21_22,0,13,0.4,2.0,1.4,0.4,-13,-0.9999999999999999,1.6
2021-10-03,Espanol,Real Madrid,2,1,H,1,0,H,8,18,4,4,2,8,2,1,0,0,LL,21_22,4,13,0.8,1.4,2.8,0.8,-9,-1.9999999999999998,0.5999999999999999
2021-10-03,Elche,Celta,1,0,H,0,0,D,12,10,5,1,7,4,4,3,0,0,LL,21_22,5,6,0.8,1.4,1.2,1.6,-1,-0.3999999999999999,-0.20000000000000018
2021-10-03,Roma,Empoli,2,0,H,1,0,H,18,11,7,3,5,5,2,3,0,0,SA,21_22,9,9,2.2,1.4,1.6,1.4,0,0.6000000000000001,0.0
2021-10-03,Villarreal,Betis,2,0,H,1,0,H,11,10,5,3,4,6,2,4,0,0,LL,21_22,7,10,1.2,0.6,1.8,1.0,-3,-0.6000000000000001,-0.4
2021-10-03,Bologna,Lazio,3,0,H,2,0,H,10,8,3,4,3,3,2,5,0,1,SA,21_22,5,8,1.2,2.4,2.4,1.6,-3,-1.2,0.7999999999999998
2021-10-03,Sampdoria,Udinese,3,3,D,1,2,A,13,18,3,7,6,8,4,5,0,0,SA,21_22,5,6,1.4,1.8,0.8,1.2,-1,0.5999999999999999,0.6000000000000001
2021-10-03,Verona,Spezia,4,0,H,3,0,H,6,12,4,4,1,5,1,1,0,1,SA,21_22,5,3,1.8,2.2,1.2,2.6,2,0.6000000000000001,-0.3999999999999999
2021-10-03,Fiorentina,Napoli,1,2,A,1,1,D,10,12,3,6,8,2,3,3,0,0,SA,21_22,12,15,1.6,1.2,2.8,0.4,-3,-1.1999999999999997,0.7999999999999999
2021-10-03,Atalanta,Milan,2,3,A,0,2,A,17,13,6,7,9,5,1,4,0,0,SA,21_22,8,13,1.2,1.0,2.2,0.6,-5,-1.0000000000000002,0.4
2021-10-03,Granada,Sevilla,1,0,H,1,0,H,3,14,1,3,2,6,3,4,0,1,LL,21_22,1,11,0.8,2.2,1.4,0.4,-10,-0.5999999999999999,1.8000000000000003
2021-10-03,Liverpool,Man City,2,2,D,0,0,D,6,12,4,3,3,4,3,3,0,0,PL,23_22,11,13,2.4,0.8,2.4,0.0,-2,0.0,0.8
2021-10-03,West Ham,Brentford,1,2,A,0,1,A,18,13,5,6,11,6,2,3,0,0,PL,23_22,8,6,1.8,1.2,1.2,1.0,2,0.6000000000000001,0.19999999999999996
2021-10-03,Tottenham,Aston Villa,2,1,H,1,0,H,17,14,8,3,5,8,2,1,0,0,PL,23_22,6,10,0.6,1.8,1.4,0.8,-4,-0.7999999999999999,1.0
2021-10-03,Crystal Palace,Leicester,2,2,D,0,2,A,18,9,4,5,1,3,2,3,0,0,PL,23_22,6,4,1.2,1.2,1.2,2.0,2,0.0,-0.8
2021-10-16,Levante,Getafe,0,0,D,0,0,D,6,14,2,4,3,11,3,3,0,0,LL,21_22,2,1,0.4,1.6,0.4,1.8,1,0.0,-0.19999999999999996
2021-10-16,Milan,Verona,3,2,H,0,2,A,17,10,4,5,5,4,1,4,0,0,SA,21_22,13,8,2.0,0.8,2.4,1.6,5,-0.3999999999999999,-0.8
2021-10-16,Sociedad,Mallorca,1,0,H,0,0,D,10,7,2,1,2,6,3,3,1,0,LL,21_22,11,4,1.4,0.6,0.8,2.2,7,0.5999999999999999,-1.6
2021-10-16,Watford,Liverpool,0,5,A,0,2,A,6,19,2,8,1,9,0,0,0,0,PL,23_22,4,9,0.8,1.2,2.4,1.2,-5,-1.5999999999999999,0.0
2021-10-16,Lazio,Inter,3,1,H,0,1,A,19,12,8,4,7,3,3,6,1,0,SA,21_22,5,11,1.2,2.0,3.0,1.4,-6,-1.8,0.6000000000000001
2021-10-16,Brentford,Chelsea,0,1,A,0,1,A,17,5,7,1,5,5,1,1,0,0,PL,23_22,8,10,1.6,1.2,2.0,0.6,-2,-0.3999999999999999,0.6
2021-10-16,Spezia,Salernitana,2,1,H,0,1,A,18,15,5,4,10,2,2,3,0,0,SA,21_22,3,4,1.0,2.2,0.6,1.6,-1,0.4,0.6000000000000001
2021-10-16,Norwich,Brighton,0,0,D,0,0,D,15,11,3,3,8,4,3,5,0,0,PL,23_22,1,8,0.4,1.6,0.8,0.8,-7,-0.4,0.8
2021-10-16,Man City,Burnley,2,0,H,1,0,H,15,7,6,2,6,2,1,0,0,0,PL,23_22,11,3,1.8,0.4,0.8,1.4,8,1.0,-0.9999999999999999
2021-10-16,Leicester,Man United,4,2,H,1,1,D,22,18,11,6,4,3,0,3,0,0,PL,23_22,5,10,1.4,1.6,1.6,0.8,-5,-0.20000000000000018,0.8
2021-10-16,Aston Villa,Wolves,2,3,A,0,0,D,14,9,5,4,6,7,2,3,0,0,PL,23_22,7,9,1.2,1.2,1.0,0.8,-2,0.19999999999999996,0.3999999999999999
2021-10-16,Southampton,Leeds,1,0,H,0,0,D,19,3,5,0,8,1,2,3,0,0,PL,23_22,3,5,0.6,1.2,0.8,1.4,-2,-0.20000000000000007,-0.19999999999999996
2021-10-17,Vallecano,Elche,2,1,H,1,1,D,10,7,4,3,6,2,2,2,0,0,LL,21_22,10,7,1.8,0.8,0.8,1.2,3,1.0,-0.3999999999999999
2021-10-17,Barcelona,Valencia,3,1,H,2,1,H,12,9,5,3,9,3,2,3,0,0,LL,21_22,8,5,1.2,0.8,1.4,1.4,3,-0.19999999999999996,-0.5999999999999999
2021-10-17,Juventus,Roma,1,0,H,1,0,H,6,14,2,4,0,6,3,5,0,0,SA,21_22,10,9,1.8,1.4,1.8,1.4,1,0.0,0.0
2021-10-17,Napoli,Torino,1,0,H,0,0,D,10,11,3,3,3,4,2,4,0,0,SA,21_22,15,8,2.8,0.4,1.4,0.6,7,1.4,-0.19999999999999996
2021-10-17,Udinese,Bologna,1,1,D,0,0,D,10,23,2,11,2,8,3,7,1,0,SA,21_22,4,7,0.8,1.8,1.8,2.4,-3,-1.0,-0.5999999999999999
2021-10-17,Genoa,Sassuolo,2,2,D,1,2,A,19,15,4,5,6,1,2,4,0,0,SA,21_22,5,3,1.8,2.0,0.8,1.4,2,1.0,0.6000000000000001
2021-10-17,Empoli,Atalanta,1,4,A,1,2,A,13,22,6,7,5,4,3,2,0,0,SA,21_22,6,7,1.4,1.8,1.6,1.6,-1,-0.20000000000000018,0.19999999999999996
2021-10-17,Cagliari,Sampdoria,3,1,H,1,0,H,12,17,5,3,5,9,4,2,0,0,SA,21_22,2,5,1.0,2.0,2.0,2.4,-3,-1.0,-0.3999999999999999
2021-10-17,Celta,Sevilla,0,1,A,0,0,D,14,8,3,2,5,4,2,3,0,0,LL,21_22,6,8,1.2,1.6,1.2,0.6,-2,0.0,1.0
2021-10-17,Villarreal,Osasuna,1,2,A,0,1,A,11,6,6,2,4,4,1,5,0,0,LL,21_22,9,9,1.6,0.6,1.6,1.8,0,0.0,-1.2000000000000002
2021-10-17,Everton,West Ham,0,1,A,0,0,D,15,16,2,4,7,9,0,2,0,0,PL,23_22,10,5,1.6,1.0,1.2,1.4,5,0.40000000000000013,-0.3999999999999999
2021-10-17,Newcastle,Tottenham,2,3,A,1,3,A,7,14,1,4,2,9,4,1,1,0,PL,23_22,3,6,1.2,2.0,0.8,2.0,-3,0.3999999999999999,0.0
2021-10-18,Espanol,Cadiz,2,0,H,1,0,H,14,13,6,2,7,9,1,0,0,0,LL,21_22,7,5,1.2,1.4,0.6,1.2,2,0.6,0.19999999999999996
2021-10-18,Arsenal,Crystal Palace,2,2,D,1,0,H,17,9,6,6,6,4,1,1,0,0,PL,23_22,10,6,1.0,1.2,1.6,1.6,4,-0.6000000000000001,-0.40000000000000013
2021-10-18,Venezia,Fiorentina,1,0,H,1,0,H,4,10,2,2,2,5,2,5,0,1,SA,21_22,5,9,1.0,1.4,1.4,1.4,-4,-0.3999999999999999,0.0
2021-10-18,Alaves,Betis,0,1,A,0,0,D,14,19,2,4,7,7,1,1,0,0,LL,21_22,3,10,0.2,1.4,1.8,1.2,-7,-1.6,0.19999999999999996
2021-10-22,Torino,Genoa,3,2,H,2,0,H,17,14,6,4,2,4,2,3,0,0,SA,21_22,5,3,0.6,0.8,1.6,2.0,2,-1.0,-1.2
2021-10-22,Sampdoria,Spezia,2,1,H,2,0,H,6,17,2,7,0,8,3,1,0,0,SA,21_22,4,6,1.8,2.6,1.4,2.2,-2,0.40000000000000013,0.3999999999999999
2021-10-22,Osasuna,Granada,1,1,D,1,0,H,17,9,6,4,4,1,1,3,1,0,LL,21_22,12,4,1.8,1.2,1.0,1.4,8,0.8,-0.19999999999999996
2021-10-22,Arsenal,Aston Villa,3,1,H,2,0,H,22,10,9,4,7,4,2,5,0,0,PL,23_22,11,6,1.4,0.6,1.4,1.6,5,0.0,-1.0
2021-10-23,Salernitana,Empoli,2,4,A,0,4,A,12,11,6,6,7,1,1,3,0,0,SA,21_22,4,6,0.8,1.2,1.4,2.2,-2,-0.5999999999999999,-1.0000000000000002
2021-10-23,Chelsea,Norwich,7,0,H,3,0,H,23,3,13,1,5,0,0,2,0,1,PL,23_22,12,2,2.0,0.4,0.2,1.2,10,1.8,-0.7999999999999999
2021-10-23,Bologna,Milan,2,4,A,0,2,A,9,15,4,7,4,1,1,3,2,0,SA,21_22,5,13,1.8,2.6,2.2,1.2,-8,-0.40000000000000013,1.4000000000000001
2021-10-23,Crystal Palace,Newcastle,1,1,D,0,0,D,15,6,3,2,3,7,3,4,0,0,PL,23_22,6,2,1.6,1.6,1.2,2.2,4,0.40000000000000013,-0.6000000000000001
2021-10-23,Everton,Watford,2,5,A,1,1,D,15,20,4,8,3,5,4,3,0,0,PL,23_22,7,4,1.2,1.2,0.8,2.0,3,0.3999999999999999,-0.8
2021-10-23,Southampton,Burnley,2,2,D,1,1,D,16,9,4,5,6,2,1,3,0,0,PL,23_22,5,2,0.4,0.8,0.6,1.6,3,-0.19999999999999996,-0.8
2021-10-23,Brighton,Man City,1,4,A,0,3,A,10,23,5,14,7,6,2,3,0,0,PL,23_22,9,11,0.8,0.4,1.2,0.4,-2,-0.3999999999999999,0.0
2021-10-23,Sassuolo,Venezia,3,1,H,1,1,D,14,8,7,3,5,4,1,2,0,0,SA,21_22,4,5,1.0,1.4,0.8,1.2,-1,0.19999999999999996,0.19999999999999996
2021-10-23,Leeds,Wolves,1,1,D,0,1,A,18,8,4,4,6,3,2,3,0,0,PL,23_22,4,12,0.6,1.4,1.6,1.0,-8,-1.0,0.3999999999999999
2021-10-23,Ath Bilbao,Villarreal,2,1,H,1,1,D,14,11,7,3,9,2,0,3,0,0,LL,21_22,8,8,1.0,0.6,1.4,0.6,0,-0.3999999999999999,0.0
2021-10-23,Elche,Espanol,2,2,D,1,0,H,12,20,7,7,3,7,3,1,0,0,LL,21_22,4,10,0.8,1.6,1.4,1.0,-6,-0.5999999999999999,0.6000000000000001
2021-10-23,Cadiz,Alaves,0,2,A,0,1,A,23,8,4,4,14,3,0,2,0,0,LL,21_22,5,3,0.6,1.2,0.2,1.0,2,0.39999999999999997,0.19999999999999996
2021-10-23,Valencia,Mallorca,2,2,D,0,2,A,20,9,6,4,5,0,4,5,0,2,LL,21_22,2,4,0.8,1.8,0.8,2.0,-2,0.0,-0.19999999999999996
2021-10-24,Ath Madrid,Sociedad,2,2,D,0,1,A,17,8,4,4,4,3,1,3,0,0,LL,21_22,10,11,1.2,0.6,1.2,0.6,-1,0.0,0.0
2021-10-24,Inter,Juventus,1,1,D,1,0,H,10,16,2,4,5,2,2,2,0,0,SA,21_22,10,13,2.8,1.6,1.8,1.0,-3,0.9999999999999998,0.6000000000000001
2021-10-24,Roma,Napoli,0,0,D,0,0,D,13,11,1,3,7,4,4,1,0,0,SA,21_22,6,15,1.4,1.4,2.6,0.2,-9,-1.2000000000000002,1.2
2021-10-24,Verona,Lazio,4,1,H,2,0,H,16,9,7,4,3,4,2,2,0,0,SA,21_22,8,8,2.8,2.0,1.8,1.8,0,0.9999999999999998,0.19999999999999996
2021-10-24,Fiorentina,Cagliari,3,0,H,2,0,H,21,3,5,1,4,1,0,2,0,0,SA,21_22,6,5,1.0,1.4,1.2,1.6,1,-0.19999999999999996,-0.20000000000000018
2021-10-24,Man United,Liverpool,0,5,A,0,4,A,12,19,4,8,6,3,6,0,1,0,PL,23_22,7,11,1.8,1.6,3.2,1.0,-4,-1.4000000000000001,0.6000000000000001
2021-10-24,West Ham,Tottenham,1,0,H,0,0,D,13,7,4,4,2,4,2,1,0,0,PL,23_22,7,6,1.0,1.0,1.2,2.4,1,-0.19999999999999996,-1.4
2021-10-24,Sevilla,Levante,5,3,H,3,1,H,18,12,11,7,10,3,1,2,0,0,LL,21_22,10,2,1.2,0.4,0.2,1.4,8,1.0,-0.9999999999999999
2021-10-24,Betis,Vallecano,3,2,H,2,1,H,11,14,5,3,4,4,1,2,0,0,LL,21_22,10,12,1.6,1.0,2.0,0.8,-2,-0.3999999999999999,0.19999999999999996
2021-10-24,Barcelona,Real Madrid,1,2,A,0,1,A,12,10,2,5,7,4,1,1,0,0,LL,21_22,8,10,1.4,0.8,2.8,1.2,-2,-1.4,-0.3999999999999999
2021-10-24,Brentford,Leicester,1,2,A,0,1,A,15,10,5,6,9,2,1,1,0,0,PL,23_22,7,5,1.4,1.2,1.8,1.8,2,-0.40000000000000013,-0.6000000000000001
2021-10-24,Atalanta,Udinese,1,1,D,0,0,D,8,9,3,3,6,3,2,2,0,0,SA,21_22,10,2,2.2,1.4,0.8,2.0,8,1.4000000000000001,-0.6000000000000001
2021-10-25,Getafe,Celta,0,3,A,0,0,D,11,16,2,8,2,7,2,2,2,0,LL,21_22,2,6,0.4,1.6,0.8,0.8,-4,-0.4,0.8
2021-10-26,Spezia,Genoa,1,1,D,0,0,D,13,9,3,2,3,3,2,4,0,0,SA,21_22,3,3,1.2,2.4,1.8,2.2,0,-0.6000000000000001,0.19999999999999973
2021-10-26,Venezia,Salernitana,1,2,A,1,0,H,8,21,4,7,4,5,3,3,1,0,SA,21_22,5,4,0.8,1.4,1.2,1.8,1,-0.3999999999999999,-0.40000000000000013
2021-10-26,Milan,Torino,1,0,H,1,0,H,10,12,2,2,2,5,3,3,0,0,SA,21_22,15,5,2.8,1.4,1.0,1.2,10,1.7999999999999998,0.19999999999999996
2021-10-26,Villarreal,Cadiz,3,3,D,1,2,A,14,9,5,4,8,2,3,6,0,0,LL,21_22,7,2,1.6,1.0,0.2,1.4,5,1.4000000000000001,-0.3999999999999999
2021-10-26,Espanol,Ath Bilbao,1,1,D,1,0,H,14,23,3,7,8,12,1,2,1,0,LL,21_22,10,8,1.4,1.0,1.0,0.8,2,0.3999999999999999,0.19999999999999996
2021-10-26,Alaves,Elche,1,0,H,0,0,D,16,4,5,1,4,7,1,1,0,0,LL,21_22,6,4,0.6,0.6,1.0,1.8,2,-0.4,-1.2000000000000002
2021-10-27,Real Madrid,Osasuna,0,0,D,0,0,D,17,7,3,0,11,3,1,1,0,0,LL,21_22,10,10,2.2,1.0,1.6,1.4,0,0.6000000000000001,-0.3999999999999999
2021-10-27,Vallecano,Barcelona,1,0,H,1,0,H,13,16,3,1,3,7,2,2,0,0,LL,21_22,9,7,1.8,1.4,1.4,1.0,2,0.40000000000000013,0.3999999999999999
2021-10-27,Mallorca,Sevilla,1,1,D,1,0,H,11,10,4,3,4,2,3,6,1,0,LL,21_22,4,12,1.2,2.4,2.2,1.0,-8,-1.0000000000000002,1.4
2021-10-27,Betis,Valencia,4,1,H,2,1,H,14,10,9,4,4,7,2,5,0,0,LL,21_22,12,3,1.8,1.0,1.0,1.8,9,0.8,-0.8
2021-10-27,Udinese,Verona,1,1,D,1,0,H,16,5,5,2,7,4,1,2,0,0,SA,21_22,3,8,1.0,1.4,3.0,1.8,-5,-2.0,-0.40000000000000013
2021-10-27,Juventus,Sassuolo,1,2,A,0,1,A,14,8,3,4,4,4,1,5,0,0,SA,21_22,13,7,1.8,1.0,1.6,1.4,6,0.19999999999999996,-0.3999999999999999
2021-10-27,Sampdoria,Atalanta,1,3,A,1,2,A,8,13,3,4,3,3,4,3,0,0,SA,21_22,4,8,1.6,2.8,2.2,1.6,-4,-0.6000000000000001,1.1999999999999997
2021-10-27,Cagliari,Roma,1,2,A,0,0,D,7,22,5,3,2,10,3,4,0,0,SA,21_22,4,7,0.8,1.8,1.0,0.8,-3,-0.19999999999999996,1.0
2021-10-27,Empoli,Inter,0,2,A,0,1,A,9,21,3,9,5,6,1,3,1,0,SA,21_22,9,8,2.2,2.0,1.8,1.6,1,0.40000000000000013,0.3999999999999999
2021-10-27,Lazio,Fiorentina,1,0,H,0,0,D,5,9,2,1,3,6,3,3,0,0,SA,21_22,7,6,1.6,2.2,1.2,1.2,1,0.40000000000000013,1.0000000000000002
2021-10-28,Napoli,Bologna,3,0,H,2,0,H,18,8,6,1,4,2,1,1,0,0,SA,21_22,13,5,1.8,0.2,2.0,2.2,8,-0.19999999999999996,-2.0
2021-10-28,Granada,Getafe,1,1,D,0,1,A,18,6,3,4,5,0,1,4,0,0,LL,21_22,5,2,1.0,1.2,0.4,1.6,3,0.6,-0.40000000000000013
2021-10-28,Levante,Ath Madrid,2,2,D,1,1,D,10,7,3,3,5,2,3,5,1,0,LL,21_22,1,8,0.6,2.2,1.2,0.8,-7,-0.6,1.4000000000000001
2021-10-28,Celta,Sociedad,0,2,A,0,0,D,14,11,6,4,7,6,1,0,0,0,LL,21_22,9,11,1.2,0.4,1.6,1.0,-2,-0.40000000000000013,-0.6
2021-10-30,Verona,Juventus,2,1,H,2,0,H,12,15,5,4,4,1,4,3,0,0,SA,21_22,8,10,2.8,1.6,1.4,1.0,-2,1.4,0.6000000000000001
2021-10-30,Sevilla,Osasuna,2,0,H,1,0,H,16,10,4,3,4,5,2,2,0,0,LL,21_22,10,11,1.8,1.0,1.4,0.8,-1,0.40000000000000013,0.19999999999999996
2021-10-30,Valencia,Villarreal,2,0,H,1,0,H,9,11,3,1,7,6,2,4,0,0,LL,21_22,3,5,1.0,2.0,1.4,1.4,-2,-0.3999999999999999,0.6000000000000001
2021-10-30,Barcelona,Alaves,1,1,D,0,0,D,16,3,5,2,9,0,0,2,0,0,LL,21_22,6,9,1.4,1.2,0.8,0.4,-3,0.5999999999999999,0.7999999999999999
2021-10-30,Watford,Southampton,0,1,A,0,1,A,10,12,4,1,5,8,2,2,0,0,PL,23_22,7,5,1.8,2.0,0.8,1.2,2,1.0,0.8
2021-10-30,Newcastle,Chelsea,0,3,A,0,0,D,6,19,1,6,0,2,3,2,0,0,PL,23_22,3,12,1.2,1.6,2.8,0.4,-9,-1.5999999999999999,1.2000000000000002
2021-10-30,Man City,Crystal Palace,0,2,A,0,1,A,14,8,3,3,7,1,2,3,1,0,PL,23_22,11,4,1.8,0.6,1.2,1.8,7,0.6000000000000001,-1.2000000000000002
2021-10-30,Elche,Real Madrid,1,2,A,0,1,A,13,17,4,5,5,4,2,0,1,0,LL,21_22,4,8,0.8,1.2,1.8,0.8,-4,-1.0,0.3999999999999999
2021-10-30,Atalanta,Lazio,2,2,D,1,1,D,17,8,3,5,6,2,1,3,0,0,SA,21_22,8,9,2.4,1.6,1.6,2.0,-1,0.7999999999999998,-0.3999999999999999
2021-10-30,Tottenham,Man United,0,3,A,0,1,A,9,10,0,4,10,2,2,3,0,0,PL,23_22,6,4,1.2,2.0,1.0,2.4,2,0.19999999999999996,-0.3999999999999999
2021-10-30,Liverpool,Brighton,2,2,D,2,1,H,14,9,3,6,5,3,2,2,0,0,PL,23_22,11,6,3.6,1.0,0.8,1.2,5,2.8,-0.19999999999999996
2021-10-30,Leicester,Arsenal,0,2,A,0,2,A,16,9,8,5,7,6,2,0,0,0,PL,23_22,8,11,2.2,1.8,1.8,0.8,-3,0.40000000000000013,1.0
2021-10-30,Burnley,Brentford,3,1,H,3,0,H,15,12,6,5,4,2,1,1,0,0,PL,23_22,3,7,0.8,1.4,1.6,1.4,-4,-0.8,0.0
2021-10-30,Torino,Sampdoria,3,0,H,1,0,H,16,5,6,1,4,5,2,4,0,1,SA,21_22,4,4,0.8,1.2,1.8,2.6,0,-1.0,-1.4000000000000001
2021-10-31,Inter,Udinese,2,0,H,0,0,D,15,9,6,5,6,4,0,2,0,0,SA,21_22,8,4,1.6,1.4,1.2,1.4,4,0.40000000000000013,0.0
2021-10-31,Fiorentina,Spezia,3,0,H,1,0,H,27,3,12,0,7,4,4,3,0,0,SA,21_22,6,4,1.0,0.8,1.0,2.0,2,0.0,-1.2
2021-10-31,Sociedad,Ath Bilbao,1,1,D,0,0,D,8,11,3,5,2,7,4,3,0,1,LL,21_22,11,8,1.4,0.6,1.2,1.0,3,0.19999999999999996,-0.4
2021-10-31,Getafe,Espanol,2,1,H,1,1,D,12,10,7,3,6,11,7,4,0,0,LL,21_22,3,8,0.4,1.4,1.4,1.2,-5,-0.9999999999999999,0.19999999999999996
2021-10-31,Aston Villa,West Ham,1,4,A,1,2,A,9,21,3,9,3,6,1,2,1,0,PL,23_22,6,9,1.6,1.6,1.2,1.0,-3,0.40000000000000013,0.6000000000000001
2021-10-31,Cadiz,Mallorca,1,1,D,0,1,A,13,11,2,5,6,5,3,7,0,2,LL,21_22,2,5,0.8,2.0,1.2,1.4,-3,-0.3999999999999999,0.6000000000000001
2021-10-31,Genoa,Venezia,0,0,D,0,0,D,19,6,4,2,12,4,1,3,0,0,SA,21_22,3,5,1.6,2.0,1.0,1.4,-2,0.6000000000000001,0.6000000000000001
2021-10-31,Sassuolo,Empoli,1,2,A,1,0,H,15,14,5,6,4,6,4,2,0,0,SA,21_22,10,6,1.8,1.2,1.8,2.4,4,0.0,-1.2
2021-10-31,Salernitana,Napoli,0,1,A,0,0,D,9,18,3,3,4,4,0,2,1,1,SA,21_22,6,13,1.2,1.6,1.6,0.2,-7,-0.40000000000000013,1.4000000000000001
2021-10-31,Roma,Milan,1,2,A,0,1,A,24,8,6,3,6,2,4,7,0,1,SA,21_22,7,15,1.2,1.0,2.6,1.4,-8,-1.4000000000000001,-0.3999999999999999
2021-10-31,Norwich,Leeds,1,2,A,0,0,D,14,13,3,6,5,0,1,4,0,0,PL,23_22,2,5,0.2,2.4,0.8,1.0,-3,-0.6000000000000001,1.4
2021-10-31,Ath Madrid,Betis,3,0,H,1,0,H,18,8,9,1,13,0,0,0,0,0,LL,21_22,8,12,1.6,1.2,2.0,1.0,-4,-0.3999999999999999,0.19999999999999996
2021-11-01,Vallecano,Celta,0,0,D,0,0,D,11,10,5,4,4,7,2,5,0,0,LL,21_22,9,6,1.6,1.2,0.8,0.8,3,0.8,0.3999999999999999
2021-11-01,Levante,Granada,0,3,A,0,2,A,12,12,3,6,3,5,4,2,0,0,LL,21_22,2,5,1.0,2.2,1.0,1.2,-3,0.0,1.0000000000000002
2021-11-01,Bologna,Cagliari,2,0,H,0,0,D,8,9,3,2,5,2,3,2,0,1,SA,21_22,4,4,1.6,2.4,1.0,1.8,0,0.6000000000000001,0.5999999999999999
2021-11-01,Wolves,Everton,2,1,H,2,0,H,10,14,4,5,4,3,1,1,0,0,PL,23_22,10,4,1.4,1.2,1.0,2.0,6,0.3999999999999999,-0.8
2021-11-05,Southampton,Aston Villa,1,0,H,1,0,H,9,14,3,3,10,8,2,2,0,0,PL,23_22,7,3,1.0,1.2,1.2,2.4,4,-0.19999999999999996,-1.2
2021-11-05,Ath Bilbao,Cadiz,0,1,A,0,1,A,15,8,5,4,5,1,2,1,0,0,LL,21_22,9,3,1.2,0.8,0.8,1.6,6,0.3999999999999999,-0.8
2021-11-05,Empoli,Genoa,2,2,D,0,1,A,10,15,2,7,4,5,0,4,0,0,SA,21_22,6,3,1.4,2.2,1.0,1.4,3,0.3999999999999999,0.8000000000000003
2021-11-06,Celta,Barcelona,3,3,D,0,3,A,18,10,4,6,3,1,3,6,0,0,LL,21_22,4,4,0.6,0.8,1.0,1.4,0,-0.4,-0.5999999999999999
2021-11-06,Juventus,Fiorentina,1,0,H,0,0,D,13,6,3,1,5,5,2,4,0,1,SA,21_22,7,6,1.0,1.0,1.4,0.8,1,-0.3999999999999999,0.19999999999999996
2021-11-06,Cagliari,Atalanta,1,2,A,1,2,A,7,21,1,8,2,7,1,1,0,0,SA,21_22,4,8,1.0,1.8,2.4,1.6,-4,-1.4,0.19999999999999996
2021-11-06,Espanol,Granada,2,0,H,2,0,H,17,18,6,5,5,3,1,1,0,0,LL,21_22,8,8,1.6,1.2,1.2,0.6,0,0.40000000000000013,0.6
2021-11-06,Alaves,Levante,2,1,H,0,1,A,10,12,3,7,1,3,3,3,0,0,LL,21_22,7,2,0.8,0.6,1.0,2.2,5,-0.19999999999999996,-1.6
2021-11-06,Real Madrid,Vallecano,2,1,H,2,0,H,15,19,7,7,4,5,1,2,0,0,LL,21_22,8,7,1.0,0.8,1.0,1.0,1,0.0,-0.19999999999999996
2021-11-06,Spezia,Torino,1,0,H,0,0,D,7,9,3,1,2,3,3,3,0,0,SA,21_22,4,6,0.8,2.2,1.2,1.0,-2,-0.3999999999999999,1.2000000000000002
2021-11-06,Crystal Palace,Wolves,2,0,H,0,0,D,13,4,6,2,4,6,2,1,0,0,PL,23_22,7,13,1.6,1.2,1.8,1.0,-6,-0.19999999999999996,0.19999999999999996
2021-11-06,Chelsea,Burnley,1,1,D,1,0,H,25,5,4,2,14,2,1,4,0,0,PL,23_22,12,6,2.8,0.4,1.4,1.4,6,1.4,-0.9999999999999999
2021-11-06,Brentford,Norwich,1,2,A,0,2,A,19,9,7,5,6,2,2,3,0,0,PL,23_22,4,2,1.4,2.0,0.2,2.2,2,1.2,-0.20000000000000018
2021-11-06,Man United,Man City,0,2,A,0,2,A,5,16,1,5,1,9,1,2,0,0,PL,23_22,4,10,1.2,2.2,1.8,1.0,-6,-0.6000000000000001,1.2000000000000002
2021-11-06,Brighton,Newcastle,1,1,D,1,0,H,14,6,5,1,2,5,3,4,1,0,PL,23_22,4,2,0.8,1.4,1.0,2.0,2,-0.19999999999999996,-0.6000000000000001
2021-11-07,West Ham,Liverpool,3,2,H,1,1,D,7,16,3,5,3,2,1,1,0,0,PL,23_22,12,9,1.8,0.8,3.4,1.4,3,-1.5999999999999999,-0.5999999999999999
2021-11-07,Sampdoria,Bologna,1,2,A,0,0,D,10,14,4,7,6,5,4,1,0,0,SA,21_22,4,7,1.4,2.6,1.6,1.6,-3,-0.20000000000000018,1.0
2021-11-07,Udinese,Sassuolo,3,2,H,2,2,D,13,10,2,4,1,5,3,3,1,0,SA,21_22,4,7,1.2,1.6,1.8,1.6,-3,-0.6000000000000001,0.0
2021-11-07,Lazio,Salernitana,3,0,H,2,0,H,16,5,5,0,5,1,1,2,0,0,SA,21_22,7,6,1.4,2.0,1.2,1.6,1,0.19999999999999996,0.3999999999999999
2021-11-07,Venezia,Roma,3,2,H,1,2,A,13,27,7,10,4,11,2,2,0,0,SA,21_22,5,7,0.8,1.2,1.0,0.8,-2,-0.19999999999999996,0.3999999999999999
2021-11-07,Leeds,Leicester,1,1,D,1,1,D,18,9,5,3,10,5,1,1,0,0,PL,23_22,7,8,1.0,1.0,2.0,1.8,-1,-1.0,-0.8
2021-11-07,Osasuna,Sociedad,0,2,A,0,0,D,6,9,2,4,5,2,0,2,0,0,LL,21_22,8,9,0.8,0.8,1.4,0.8,-1,-0.5999999999999999,0.0
2021-11-07,Arsenal,Watford,1,0,H,0,0,D,14,7,6,1,4,2,4,2,0,1,PL,23_22,11,4,2.0,0.8,1.2,2.0,7,0.8,-1.2
2021-11-07,Napoli,Verona,1,1,D,1,1,D,16,11,1,3,3,2,2,7,0,2,SA,21_22,13,10,1.4,0.2,2.6,1.2,3,-1.2000000000000002,-1.0
2021-11-07,Villarreal,Getafe,1,0,H,1,0,H,10,5,4,2,6,4,1,1,0,0,LL,21_22,4,6,1.4,1.8,0.8,1.2,-2,0.5999999999999999,0.6000000000000001
2021-11-07,Valencia,Ath Madrid,3,3,D,0,1,A,11,13,5,7,9,0,2,2,0,0,LL,21_22,5,8,1.2,1.8,1.8,1.0,-3,-0.6000000000000001,0.8
2021-11-07,Mallorca,Elche,2,2,D,0,0,D,18,7,6,2,3,3,2,3,0,0,LL,21_22,6,4,1.0,1.0,1.0,1.4,2,0.0,-0.3999999999999999
2021-11-07,Betis,Sevilla,0,2,A,0,0,D,8,11,1,2,2,1,3,1,1,0,LL,21_22,9,10,1.6,1.6,1.8,1.0,-1,-0.19999999999999996,0.6000000000000001
2021-11-07,Everton,Tottenham,0,0,D,0,0,D,12,8,2,0,4,2,2,4,1,0,PL,23_22,4,6,1.2,1.8,1.2,2.0,-2,0.0,-0.19999999999999996
2021-11-07,Milan,Inter,1,1,D,1,1,D,16,13,4,3,4,8,1,0,0,0,SA,21_22,15,10,2.6,1.4,1.6,1.0,5,1.0,0.3999999999999999
2021-11-19,Levante,Ath Bilbao,0,0,D,0,0,D,15,7,2,2,6,3,2,1,0,0,LL,21_22,2,8,1.2,2.4,1.0,0.8,-6,0.19999999999999996,1.5999999999999999
2021-11-20,Leicester,Chelsea,0,3,A,0,2,A,4,16,3,7,3,5,3,1,0,0,PL,23_22,8,13,1.8,1.6,3.0,0.4,-5,-1.2,1.2000000000000002
2021-11-20,Lazio,Juventus,0,2,A,0,1,A,8,11,1,5,3,2,3,1,0,0,SA,21_22,10,7,2.0,1.4,1.0,1.0,3,1.0,0.3999999999999999
2021-11-20,Barcelona,Espanol,1,0,H,0,0,D,16,12,6,2,4,4,4,2,0,0,LL,21_22,5,8,1.6,1.6,1.6,1.0,-3,0.0,0.6000000000000001
2021-11-20,Ath Madrid,Osasuna,1,0,H,0,0,D,15,9,2,3,7,4,2,2,0,0,LL,21_22,9,5,2.4,1.4,0.6,1.2,4,1.7999999999999998,0.19999999999999996
2021-11-20,Sevilla,Alaves,2,2,D,1,2,A,16,8,6,3,5,2,4,4,0,0,LL,21_22,13,10,2.2,0.8,1.2,0.6,3,1.0000000000000002,0.20000000000000007
2021-11-20,Celta,Villarreal,1,1,D,0,1,A,12,18,3,6,3,5,1,1,0,0,LL,21_22,5,4,1.2,1.2,1.2,1.8,1,0.0,-0.6000000000000001
2021-11-20,Atalanta,Spezia,5,2,H,3,1,H,18,10,9,5,0,6,2,3,0,0,SA,21_22,11,7,2.4,1.2,1.0,1.4,4,1.4,-0.19999999999999996
2021-11-20,Wolves,West Ham,1,0,H,0,0,D,15,8,5,3,7,3,1,1,0,0,PL,23_22,10,12,1.6,1.4,2.0,1.0,-2,-0.3999999999999999,0.3999999999999999
2021-11-20,Liverpool,Arsenal,4,0,H,1,0,H,19,5,9,3,6,1,2,0,0,0,PL,23_22,8,11,3.2,1.4,1.6,0.6,-3,1.6,0.7999999999999999
2021-11-20,Norwich,Southampton,2,1,H,1,1,D,8,17,4,5,5,7,3,2,0,0,PL,23_22,5,10,0.6,2.0,1.2,1.0,-5,-0.6,1.0
2021-11-20,Newcastle,Brentford,3,3,D,2,2,D,23,10,9,4,8,2,2,2,0,0,PL,23_22,2,3,1.0,2.0,1.0,1.8,-1,0.0,0.19999999999999996
2021-11-20,Burnley,Crystal Palace,3,3,D,2,3,A,15,18,9,8,3,6,2,3,0,0,PL,23_22,6,9,1.2,1.2,1.8,1.0,-3,-0.6000000000000001,0.19999999999999996
2021-11-20,Aston Villa,Brighton,2,0,H,0,0,D,9,6,5,2,5,7,3,3,0,0,PL,23_22,0,4,1.0,2.6,0.8,1.4,-4,0.19999999999999996,1.2000000000000002
2021-11-20,Fiorentina,Milan,4,3,H,2,0,H,9,17,5,7,5,6,1,1,0,0,SA,21_22,6,13,1.2,0.6,2.2,1.2,-7,-1.0000000000000002,-0.6
2021-11-20,Watford,Man United,4,1,H,2,0,H,20,9,7,3,9,3,2,1,0,1,PL,23_22,3,4,1.0,2.0,1.2,2.4,-1,-0.19999999999999996,-0.3999999999999999
2021-11-21,Man City,Everton,3,0,H,1,0,H,17,4,7,1,7,1,1,1,0,0,PL,23_22,10,2,2.0,1.0,0.8,1.8,8,1.2,-0.8
2021-11-21,Salernitana,Sampdoria,0,2,A,0,2,A,18,13,2,6,13,3,0,3,0,0,SA,21_22,3,3,1.0,2.2,1.0,2.4,0,0.0,-0.19999999999999973
2021-11-21,Tottenham,Leeds,2,1,H,0,1,A,13,18,4,7,4,8,1,4,0,0,PL,23_22,7,8,1.0,1.4,1.0,0.8,-1,0.0,0.5999999999999999
2021-11-21,Genoa,Roma,0,2,A,0,0,D,1,19,1,4,1,2,3,2,0,0,SA,21_22,4,4,1.4,1.6,1.0,1.4,0,0.3999999999999999,0.20000000000000018
2021-11-21,Inter,Napoli,3,2,H,2,1,H,17,9,7,3,4,1,4,3,0,0,SA,21_22,8,11,1.4,1.0,1.2,0.2,-3,0.19999999999999996,0.8
2021-11-21,Elche,Betis,0,3,A,0,3,A,14,9,4,4,10,1,1,2,0,1,LL,21_22,2,9,1.2,1.8,1.6,1.6,-7,-0.40000000000000013,0.19999999999999996
2021-11-21,Granada,Real Madrid,1,4,A,1,2,A,11,21,3,10,9,6,1,1,1,0,LL,21_22,8,10,1.2,0.8,1.4,1.0,-2,-0.19999999999999996,-0.19999999999999996
2021-11-21,Getafe,Cadiz,4,0,H,1,0,H,17,10,8,2,3,7,2,4,0,0,LL,21_22,5,5,0.6,1.2,1.0,1.6,0,-0.4,-0.40000000000000013
2021-11-21,Bologna,Venezia,0,1,A,0,0,D,22,8,6,6,17,0,0,3,0,0,SA,21_22,7,7,1.4,1.8,1.2,1.4,0,0.19999999999999996,0.40000000000000013
2021-11-21,Sassuolo,Cagliari,2,2,D,1,1,D,20,11,4,4,6,5,1,2,0,0,SA,21_22,7,3,2.0,1.8,1.0,2.0,4,1.0,-0.19999999999999996
2021-11-21,Sociedad,Valencia,0,0,D,0,0,D,9,8,2,3,2,4,4,7,1,0,LL,21_22,11,5,1.6,0.6,1.8,2.4,6,-0.19999999999999996,-1.7999999999999998
2021-11-22,Verona,Empoli,2,1,H,0,0,D,22,9,5,4,1,3,1,3,0,0,SA,21_22,8,7,2.0,1.4,1.8,2.2,1,0.19999999999999996,-0.8000000000000003
2021-11-22,Torino,Udinese,2,1,H,1,0,H,14,18,4,7,4,7,1,3,0,0,SA,21_22,6,6,1.2,1.0,1.2,1.4,0,0.0,-0.3999999999999999
2021-11-22,Vallecano,Mallorca,3,1,H,2,0,H,15,11,6,5,6,4,3,2,0,0,LL,21_22,7,4,1.2,1.2,1.2,1.4,3,0.0,-0.19999999999999996
2021-11-26,Ath Bilbao,Granada,2,2,D,1,2,A,17,8,5,4,8,3,1,1,1,0,LL,21_22,6,5,0.8,0.8,1.2,1.6,1,-0.3999999999999999,-0.8
2021-11-26,Cagliari,Salernitana,1,1,D,0,0,D,19,8,3,2,7,6,3,1,0,0,SA,21_22,1,3,0.8,2.2,0.8,2.2,-2,0.0,0.0
2021-11-27,Juventus,Atalanta,0,1,A,0,1,A,15,7,2,1,6,4,4,5,0,0,SA,21_22,7,11,1.2,1.0,2.6,1.4,-4,-1.4000000000000001,-0.3999999999999999
2021-11-27,Norwich,Wolves,0,0,D,0,0,D,14,5,4,2,4,3,2,2,0,0,PL,23_22,7,10,1.0,2.2,1.4,1.2,-3,-0.3999999999999999,1.0000000000000002
2021-11-27,Villarreal,Barcelona,1,3,A,0,0,D,14,12,2,6,4,4,2,2,0,0,LL,21_22,5,5,1.2,1.6,1.2,1.4,0,0.0,0.20000000000000018
2021-11-27,Mallorca,Getafe,0,0,D,0,0,D,12,11,2,0,2,0,3,0,0,0,LL,21_22,4,7,1.4,1.8,1.4,1.2,-3,0.0,0.6000000000000001
2021-11-27,Valencia,Vallecano,1,1,D,1,0,H,8,12,4,6,3,9,6,5,0,0,LL,21_22,6,7,1.6,1.8,1.4,1.2,-1,0.20000000000000018,0.6000000000000001
2021-11-27,Venezia,Inter,0,2,A,0,1,A,6,27,1,11,3,9,2,0,0,0,SA,21_22,7,11,1.2,1.4,1.8,0.8,-4,-0.6000000000000001,0.5999999999999999
2021-11-27,Crystal Palace,Aston Villa,1,2,A,0,1,A,8,10,3,3,7,3,3,3,0,0,PL,23_22,9,3,2.0,1.2,1.2,2.2,6,0.8,-1.0000000000000002
2021-11-27,Liverpool,Southampton,4,0,H,3,0,H,20,7,6,3,5,7,0,1,0,0,PL,23_22,10,10,3.6,1.0,1.2,0.8,0,2.4000000000000004,0.19999999999999996
2021-11-27,Brighton,Leeds,0,0,D,0,0,D,20,11,4,4,6,1,1,3,0,0,PL,23_22,3,5,0.8,1.8,1.0,1.2,-2,-0.19999999999999996,0.6000000000000001
2021-11-27,Arsenal,Newcastle,2,0,H,0,0,D,24,9,6,5,4,4,1,3,0,0,PL,23_22,10,3,1.6,1.4,1.4,2.2,7,0.20000000000000018,-0.8000000000000003
2021-11-27,Sampdoria,Verona,3,1,H,0,1,A,15,14,5,3,4,5,4,1,0,0,SA,21_22,6,11,1.2,1.8,2.0,1.0,-5,-0.8,0.8
2021-11-27,Alaves,Celta,1,2,A,1,1,D,13,8,5,5,5,3,3,2,0,0,LL,21_22,11,6,1.6,0.8,1.4,1.2,5,0.20000000000000018,-0.3999999999999999
2021-11-27,Empoli,Fiorentina,2,1,H,0,0,D,17,16,5,7,8,5,1,1,0,0,SA,21_22,7,9,1.8,1.8,2.0,1.0,-2,-0.19999999999999996,0.8
2021-11-28,Cadiz,Ath Madrid,1,4,A,0,0,D,8,17,0,7,4,8,2,0,0,0,LL,21_22,5,9,1.0,2.0,2.2,1.4,-4,-1.2000000000000002,0.6000000000000001
2021-11-28,Espanol,Sociedad,1,0,H,0,0,D,8,10,2,4,2,9,1,1,0,0,LL,21_22,5,9,1.2,1.2,1.4,0.6,-4,-0.19999999999999996,0.6
2021-11-28,Betis,Levante,3,1,H,0,1,A,26,8,8,2,5,8,2,3,0,0,LL,21_22,9,2,2.0,1.6,1.2,2.4,7,0.8,-0.7999999999999998
2021-11-28,Udinese,Genoa,0,0,D,0,0,D,17,8,3,2,8,1,3,4,0,0,SA,21_22,5,3,1.2,1.6,1.0,1.6,2,0.19999999999999996,0.0
2021-11-28,Milan,Sassuolo,1,3,A,1,2,A,15,15,2,5,7,6,4,2,1,0,SA,21_22,10,7,2.2,1.6,2.0,1.8,3,0.20000000000000018,-0.19999999999999996
2021-11-28,Spezia,Bologna,0,1,A,0,0,D,13,17,5,5,3,6,3,1,0,0,SA,21_22,4,6,1.0,2.2,1.2,1.8,-2,-0.19999999999999996,0.40000000000000013
2021-11-28,Real Madrid,Sevilla,2,1,H,1,1,D,14,11,4,6,0,4,3,3,0,0,LL,21_22,13,11,2.0,0.8,2.4,1.2,2,-0.3999999999999999,-0.3999999999999999
2021-11-28,Brentford,Everton,1,0,H,1,0,H,6,14,4,5,3,3,4,3,0,0,PL,23_22,1,1,1.2,2.2,0.6,2.2,0,0.6,0.0
2021-11-28,Leicester,Watford,4,2,H,3,1,H,18,16,8,5,8,6,0,0,0,0,PL,23_22,7,6,1.4,1.8,1.8,2.0,1,-0.40000000000000013,-0.19999999999999996
2021-11-28,Man City,West Ham,2,1,H,1,0,H,19,5,9,3,8,4,2,0,0,0,PL,23_22,12,12,2.2,0.6,1.8,0.8,0,0.40000000000000013,-0.20000000000000007
2021-11-28,Chelsea,Man United,1,1,D,0,0,D,24,3,6,2,15,2,2,5,0,0,PL,23_22,13,3,3.0,0.2,1.2,3.0,10,1.8,-2.8
2021-11-28,Napoli,Lazio,4,0,H,3,0,H,18,6,8,2,1,3,2,4,0,0,SA,21_22,8,7,1.4,0.8,1.4,1.6,1,0.0,-0.8
2021-11-28,Roma,Torino,1,0,H,1,0,H,10,17,2,3,2,9,2,1,0,0,SA,21_22,7,9,1.4,1.2,1.6,1.0,-2,-0.20000000000000018,0.19999999999999996
2021-11-29,Osasuna,Elche,1,1,D,1,1,D,17,10,4,4,5,4,1,3,0,0,LL,21_22,2,2,0.2,1.2,1.0,2.0,0,-0.8,-0.8
2021-11-30,Atalanta,Venezia,4,0,H,2,0,H,19,8,6,4,4,2,0,1,0,0,SA,21_22,13,7,2.6,1.2,1.0,1.2,6,1.6,0.0
2021-11-30,Fiorentina,Sampdoria,3,1,H,3,1,H,17,11,7,4,3,6,0,3,0,0,SA,21_22,6,6,1.6,1.4,1.4,1.8,0,0.20000000000000018,-0.40000000000000013
2021-11-30,Salernitana,Juventus,0,2,A,0,1,A,4,18,0,7,4,4,1,1,0,0,SA,21_22,4,6,0.6,1.6,1.0,1.0,-2,-0.4,0.6000000000000001
2021-11-30,Newcastle,Norwich,1,1,D,0,0,D,9,16,1,6,2,5,0,0,0,1,PL,23_22,3,7,1.0,2.0,1.0,2.2,-4,0.0,-0.20000000000000018
2021-11-30,Verona,Cagliari,0,0,D,0,0,D,15,12,6,4,11,1,3,2,0,0,SA,21_22,8,2,1.4,1.4,1.0,1.8,6,0.3999999999999999,-0.40000000000000013
2021-11-30,Leeds,Crystal Palace,1,0,H,0,0,D,15,9,3,1,7,4,5,3,0,0,PL,23_22,6,8,1.0,1.0,1.8,1.2,-2,-0.8,-0.19999999999999996
2021-12-01,Real Madrid,Ath Bilbao,1,0,H,1,0,H,17,18,7,2,7,6,2,3,0,0,LL,21_22,13,4,2.0,0.8,0.8,1.0,9,1.2,-0.19999999999999996
2021-12-01,Inter,Spezia,2,0,H,1,0,H,31,7,11,4,11,1,1,2,0,0,SA,21_22,13,4,2.0,0.6,0.8,2.0,9,1.2,-1.4
2021-12-01,Genoa,Milan,0,3,A,0,2,A,10,18,3,5,2,6,2,1,0,0,SA,21_22,4,7,0.6,1.0,1.6,1.8,-3,-1.0,-0.8
2021-12-01,Sassuolo,Napoli,2,2,D,0,0,D,9,9,7,4,5,4,4,2,0,0,SA,21_22,7,10,2.0,1.8,2.2,0.8,-3,-0.20000000000000018,1.0
2021-12-01,Everton,Liverpool,1,4,A,1,2,A,8,16,2,7,3,11,4,3,0,0,PL,23_22,1,10,0.6,2.2,3.4,1.0,-9,-2.8,1.2000000000000002
2021-12-01,Aston Villa,Man City,1,2,A,0,2,A,9,17,3,7,4,11,0,0,0,0,PL,23_22,6,12,1.2,1.8,2.2,0.8,-6,-1.0000000000000002,1.0
2021-12-01,Wolves,Burnley,0,0,D,0,0,D,16,6,2,1,5,5,2,3,0,0,PL,23_22,8,6,0.8,0.8,1.8,1.8,2,-1.0,-1.0
2021-12-01,West Ham,Brighton,1,1,D,1,0,H,14,9,6,3,9,5,1,1,0,0,PL,23_22,9,3,1.8,1.2,0.8,1.8,6,1.0,-0.6000000000000001
2021-12-01,Watford,Chelsea,1,2,A,1,1,D,13,8,6,4,6,0,4,3,0,0,PL,23_22,6,11,2.2,1.8,3.0,0.4,-5,-0.7999999999999998,1.4
2021-12-01,Southampton,Leicester,2,2,D,2,1,H,15,15,7,6,2,4,1,3,0,0,PL,23_22,7,7,1.0,1.6,1.4,1.8,0,-0.3999999999999999,-0.19999999999999996
2021-12-01,Bologna,Roma,1,0,H,1,0,H,6,13,3,5,3,3,3,4,0,0,SA,21_22,9,9,1.0,1.0,1.6,1.2,0,-0.6000000000000001,-0.19999999999999996
2021-12-02,Lazio,Udinese,4,4,D,1,3,A,13,12,5,5,5,4,3,5,1,2,SA,21_22,7,5,1.2,1.6,1.0,1.4,2,0.19999999999999996,0.20000000000000018
2021-12-02,Man United,Arsenal,3,2,H,1,1,D,14,17,10,8,3,8,1,0,0,0,PL,23_22,4,12,1.0,2.4,1.6,1.0,-8,-0.6000000000000001,1.4
2021-12-02,Tottenham,Brentford,2,0,H,1,0,H,11,6,6,2,11,5,0,0,0,0,PL,23_22,7,4,1.0,1.4,1.4,2.0,3,-0.3999999999999999,-0.6000000000000001
2021-12-02,Torino,Empoli,2,2,D,2,1,H,10,16,3,5,1,11,1,3,1,0,SA,21_22,6,7,1.0,0.8,1.4,1.6,-1,-0.3999999999999999,-0.8
2021-12-03,Granada,Alaves,2,1,H,1,0,H,9,14,2,2,3,5,2,2,0,0,LL,21_22,5,8,1.4,1.8,1.4,1.2,-3,0.0,0.6000000000000001
2021-12-04,Newcastle,Burnley,1,0,H,1,0,H,19,10,4,1,10,3,1,1,0,0,PL,23_22,3,7,1.0,2.0,1.8,1.4,-4,-0.8,0.6000000000000001
2021-12-04,Roma,Inter,0,3,A,0,3,A,9,10,1,4,4,4,3,1,0,0,SA,21_22,6,13,1.2,1.2,2.0,0.6,-7,-0.8,0.6
2021-12-04,Napoli,Atalanta,2,3,A,1,1,D,15,21,4,7,6,7,2,3,0,0,SA,21_22,8,13,2.0,1.2,2.8,1.0,-5,-0.7999999999999998,0.19999999999999996
2021-12-04,Watford,Man City,1,3,A,0,2,A,11,26,4,13,5,11,3,0,0,0,PL,23_22,3,12,1.4,1.8,1.8,0.8,-9,-0.40000000000000013,1.0
2021-12-04,Wolves,Liverpool,0,1,A,0,0,D,3,17,1,5,2,8,2,2,0,0,PL,23_22,8,10,0.6,0.6,3.2,1.2,-2,-2.6,-0.6
2021-12-04,Southampton,Brighton,1,1,D,1,0,H,14,14,4,4,6,2,4,2,0,0,PL,23_22,7,4,1.0,1.6,0.8,1.2,3,0.19999999999999996,0.40000000000000013
2021-12-04,Milan,Salernitana,2,0,H,2,0,H,22,7,8,2,9,5,1,2,0,0,SA,21_22,7,1,2.0,1.8,0.2,1.8,6,1.8,0.0
2021-12-04,West Ham,Chelsea,3,2,H,1,2,A,11,19,5,7,1,9,1,3,0,0,PL,23_22,7,11,1.8,1.4,2.0,0.6,-4,-0.19999999999999996,0.7999999999999999
2021-12-04,Sevilla,Villarreal,1,0,H,1,0,H,8,16,3,2,5,8,2,2,0,0,LL,21_22,8,5,1.6,1.0,1.2,1.8,3,0.40000000000000013,-0.8
2021-12-04,Barcelona,Betis,0,1,A,0,0,D,12,8,3,2,6,1,1,2,0,0,LL,21_22,8,9,1.6,1.2,2.0,1.4,-1,-0.3999999999999999,-0.19999999999999996
2021-12-04,Ath Madrid,Mallorca,1,2,A,0,0,D,14,10,6,3,8,5,2,5,0,0,LL,21_22,11,4,2.6,1.2,1.0,1.4,7,1.6,-0.19999999999999996
2021-12-04,Sociedad,Real Madrid,0,2,A,0,0,D,11,13,0,8,5,5,2,0,0,0,LL,21_22,8,15,1.0,0.4,2.2,0.8,-7,-1.2000000000000002,-0.4
2021-12-05,Leeds,Brentford,2,2,D,1,0,H,13,9,6,3,5,1,5,3,0,0,PL,23_22,8,4,1.0,0.8,1.2,2.0,4,-0.19999999999999996,-1.2
2021-12-05,Aston Villa,Leicester,2,1,H,1,1,D,13,12,4,5,3,6,1,1,0,0,PL,23_22,6,5,1.2,1.6,1.4,2.0,1,-0.19999999999999996,-0.3999999999999999
2021-12-05,Vallecano,Espanol,1,0,H,0,0,D,7,10,0,3,6,3,3,3,0,1,LL,21_22,8,7,1.2,0.8,1.0,0.8,1,0.19999999999999996,0.0
2021-12-05,Elche,Cadiz,3,1,H,1,0,H,8,15,3,6,3,3,7,3,0,0,LL,21_22,2,5,0.8,1.8,1.2,2.4,-3,-0.3999999999999999,-0.5999999999999999
2021-12-05,Levante,Osasuna,0,0,D,0,0,D,11,11,3,1,7,2,2,3,0,0,LL,21_22,2,2,0.8,2.0,0.2,1.2,0,0.6000000000000001,0.8
2021-12-05,Celta,Valencia,1,2,A,1,1,D,11,8,5,5,6,4,3,2,0,0,LL,21_22,6,6,1.2,1.4,1.4,1.6,0,-0.19999999999999996,-0.20000000000000018
2021-12-05,Juventus,Genoa,2,0,H,1,0,H,27,0,12,0,5,1,3,1,0,0,SA,21_22,9,3,1.2,0.6,0.4,1.4,6,0.7999999999999999,-0.7999999999999999
2021-12-05,Sampdoria,Lazio,1,3,A,0,3,A,18,6,5,5,7,0,4,3,0,1,SA,21_22,6,5,1.4,1.8,1.8,2.4,1,-0.40000000000000013,-0.5999999999999999
2021-12-05,Venezia,Verona,3,4,A,3,0,H,9,16,5,6,1,6,2,2,1,0,SA,21_22,7,8,0.8,1.6,1.2,1.2,-1,-0.3999999999999999,0.40000000000000013
2021-12-05,Spezia,Sassuolo,2,2,D,1,0,H,9,20,4,5,2,5,4,3,0,0,SA,21_22,3,5,0.6,2.2,2.0,2.0,-2,-1.4,0.20000000000000018
2021-12-05,Bologna,Fiorentina,2,3,A,1,1,D,8,6,3,3,0,2,3,3,0,0,SA,21_22,12,9,1.2,0.4,2.2,1.4,3,-1.0000000000000002,-0.9999999999999999
2021-12-05,Man United,Crystal Palace,1,0,H,0,0,D,16,8,3,2,9,6,2,2,0,0,PL,23_22,7,7,1.6,1.8,1.6,1.2,0,0.0,0.6000000000000001
2021-12-05,Tottenham,Norwich,3,0,H,1,0,H,17,10,7,1,6,4,1,2,0,0,PL,23_22,7,8,0.8,1.0,1.2,1.0,-1,-0.3999999999999999,0.0
2021-12-06,Getafe,Ath Bilbao,0,0,D,0,0,D,17,9,5,3,5,3,2,1,0,0,LL,21_22,8,3,1.4,0.6,0.6,1.0,5,0.7999999999999999,-0.4
2021-12-06,Everton,Arsenal,2,1,H,0,1,A,11,10,5,3,3,3,2,2,0,0,PL,23_22,1,9,0.4,2.0,1.4,1.4,-8,-0.9999999999999999,0.6000000000000001
2021-12-06,Empoli,Udinese,3,1,H,0,1,A,22,19,9,8,8,6,4,3,0,0,SA,21_22,8,5,1.8,1.6,1.6,2.0,3,0.19999999999999996,-0.3999999999999999
2021-12-06,Cagliari,Torino,1,1,D,0,1,A,15,8,2,3,5,2,2,4,0,0,SA,21_22,3,7,0.8,1.4,1.4,1.0,-4,-0.5999999999999999,0.3999999999999999
2021-12-10,Brentford,Watford,2,1,H,0,1,A,14,6,5,2,8,2,4,0,0,0,PL,23_22,5,3,1.4,1.8,1.6,2.2,2,-0.20000000000000018,-0.40000000000000013
2021-12-10,Genoa,Sampdoria,1,3,A,0,1,A,12,14,2,6,8,3,2,2,0,0,SA,21_22,2,6,0.4,1.8,1.6,1.8,-4,-1.2000000000000002,0.0
2021-12-10,Mallorca,Celta,0,0,D,0,0,D,12,14,1,5,7,4,3,2,0,0,LL,21_22,6,6,1.2,1.4,1.4,1.4,0,-0.19999999999999996,0.0
2021-12-11,Man City,Wolves,1,0,H,0,0,D,24,2,10,1,14,1,3,2,0,1,PL,23_22,15,5,2.4,0.6,0.2,0.6,10,2.1999999999999997,0.0
2021-12-11,Liverpool,Aston Villa,1,0,H,0,0,D,20,4,5,0,11,3,1,2,0,0,PL,23_22,12,9,3.0,0.8,1.4,1.0,3,1.6,-0.19999999999999996
2021-12-11,Norwich,Man United,0,1,A,0,0,D,11,13,5,5,8,6,1,1,0,0,PL,23_22,8,7,1.0,1.2,1.2,1.8,1,-0.19999999999999996,-0.6000000000000001
2021-12-11,Ath Bilbao,Sevilla,0,1,A,0,1,A,13,6,2,1,9,2,4,3,0,0,LL,21_22,3,10,0.4,0.8,1.6,0.8,-7,-1.2000000000000002,0.0
2021-12-11,Valencia,Elche,2,1,H,1,0,H,21,8,8,4,8,1,3,2,0,0,LL,21_22,9,5,1.6,1.0,1.4,1.8,4,0.20000000000000018,-0.8
2021-12-11,Alaves,Getafe,1,1,D,0,1,A,9,11,1,2,1,1,4,4,1,0,LL,21_22,5,8,1.4,1.6,1.2,0.4,-3,0.19999999999999996,1.2000000000000002
2021-12-11,Espanol,Levante,4,3,H,1,2,A,17,14,8,5,4,2,4,4,0,1,LL,21_22,6,2,0.8,0.8,0.4,1.6,4,0.4,-0.8
2021-12-11,Fiorentina,Salernitana,4,0,H,1,0,H,17,11,9,6,1,3,1,1,0,0,SA,21_22,9,1,2.2,1.8,0.2,2.0,8,2.0,-0.19999999999999996
2021-12-11,Venezia,Juventus,1,1,D,0,1,A,13,20,4,6,3,11,4,2,0,0,SA,21_22,6,12,1.4,2.4,1.4,0.2,-6,0.0,2.1999999999999997
2021-12-11,Udinese,Milan,1,1,D,1,0,H,11,12,6,1,3,5,2,2,1,0,SA,21_22,5,7,1.8,2.2,2.0,1.6,-2,-0.19999999999999996,0.6000000000000001
2021-12-11,Chelsea,Leeds,3,2,H,1,1,D,16,12,6,5,5,2,2,5,0,0,PL,23_22,8,6,1.8,1.2,1.0,1.0,2,0.8,0.19999999999999996
2021-12-11,Arsenal,Southampton,3,0,H,2,0,H,15,11,5,6,9,8,2,0,0,0,PL,23_22,6,5,1.2,1.8,1.0,1.8,1,0.19999999999999996,0.0
2021-12-12,Crystal Palace,Everton,3,1,H,1,0,H,17,12,6,6,8,2,0,2,0,0,PL,23_22,4,4,1.2,1.4,0.6,1.8,0,0.6,-0.40000000000000013
2021-12-12,Leicester,Newcastle,4,0,H,1,0,H,8,12,5,3,4,6,2,3,0,0,PL,23_22,5,6,1.6,2.0,1.2,1.4,-1,0.40000000000000013,0.6000000000000001
2021-12-12,Burnley,West Ham,0,0,D,0,0,D,9,16,1,3,6,4,2,1,0,0,PL,23_22,6,7,1.4,1.2,1.6,1.6,-1,-0.20000000000000018,-0.40000000000000013
2021-12-12,Sassuolo,Lazio,2,1,H,0,1,A,17,6,6,2,6,0,1,2,1,0,SA,21_22,6,7,2.2,2.0,2.0,2.2,-1,0.20000000000000018,-0.20000000000000018
2021-12-12,Napoli,Empoli,0,1,A,0,0,D,30,12,6,5,10,3,0,1,0,0,SA,21_22,5,8,2.2,1.8,2.0,1.6,-3,0.20000000000000018,0.19999999999999996
2021-12-12,Inter,Cagliari,4,0,H,1,0,H,24,5,15,2,9,0,1,2,0,0,SA,21_22,13,4,2.2,0.6,1.0,1.2,9,1.2000000000000002,-0.6
2021-12-12,Real Madrid,Ath Madrid,2,0,H,1,0,H,7,9,3,6,3,6,2,3,0,0,LL,21_22,15,10,2.2,0.6,2.4,1.2,5,-0.19999999999999973,-0.6
2021-12-12,Betis,Sociedad,4,0,H,1,0,H,11,15,5,5,4,7,3,1,0,0,LL,21_22,9,5,1.4,1.2,0.6,0.8,4,0.7999999999999999,0.3999999999999999
2021-12-12,Osasuna,Barcelona,2,2,D,1,1,D,8,10,3,2,6,5,5,4,0,0,LL,21_22,2,8,0.2,1.2,1.6,1.2,-6,-1.4000000000000001,0.0
2021-12-12,Villarreal,Vallecano,2,0,H,2,0,H,13,19,5,7,5,6,1,3,0,0,LL,21_22,4,8,0.6,1.4,1.2,0.8,-4,-0.6,0.5999999999999999
2021-12-12,Verona,Atalanta,1,2,A,1,1,D,19,14,4,6,6,6,2,1,0,0,SA,21_22,8,15,1.6,1.6,3.0,1.0,-7,-1.4,0.6000000000000001
2021-12-12,Torino,Bologna,2,1,H,1,0,H,16,8,7,5,5,0,2,4,0,0,SA,21_22,5,9,1.0,1.2,1.2,1.0,-4,-0.19999999999999996,0.19999999999999996
2021-12-13,Roma,Spezia,2,0,H,1,0,H,12,8,6,2,9,4,4,1,1,0,SA,21_22,6,4,1.0,1.4,1.0,2.0,2,0.0,-0.6000000000000001
2021-12-13,Cadiz,Granada,1,1,D,1,0,H,13,16,3,5,8,1,5,0,1,0,LL,21_22,4,7,0.8,2.4,1.6,1.8,-3,-0.8,0.5999999999999999
2021-12-14,Man City,Leeds,7,0,H,3,0,H,31,6,15,3,6,2,1,1,0,0,PL,23_22,15,5,2.2,0.6,1.2,1.4,10,1.0000000000000002,-0.7999999999999999
2021-12-14,Norwich,Aston Villa,0,2,A,0,1,A,7,17,3,6,7,10,3,1,0,0,PL,23_22,5,9,0.6,1.2,1.4,1.0,-4,-0.7999999999999999,0.19999999999999996
2021-12-15,Arsenal,West Ham,2,0,H,0,0,D,21,7,8,1,5,2,2,0,0,1,PL,23_22,6,5,1.6,1.8,1.0,1.2,1,0.6000000000000001,0.6000000000000001
2021-12-15,Brighton,Wolves,0,1,A,0,1,A,12,8,2,5,7,4,2,0,0,0,PL,23_22,4,5,0.6,1.0,0.2,0.4,-1,0.39999999999999997,0.6
2021-12-15,Crystal Palace,Southampton,2,2,D,1,2,A,9,15,6,4,4,6,2,4,0,0,PL,23_22,4,2,1.4,1.6,0.8,2.4,2,0.5999999999999999,-0.7999999999999998
2021-12-16,Chelsea,Everton,1,1,D,0,0,D,23,5,10,3,7,1,2,3,0,0,PL,23_22,10,3,2.2,1.4,0.8,2.4,7,1.4000000000000001,-1.0
2021-12-16,Liverpool,Newcastle,3,1,H,2,1,H,23,4,8,2,11,0,1,3,0,0,PL,23_22,15,5,2.8,0.2,1.0,2.0,10,1.7999999999999998,-1.8
2021-12-17,Lazio,Genoa,3,1,H,1,0,H,11,4,5,2,5,2,0,3,0,0,SA,21_22,4,1,1.6,2.6,0.2,2.0,3,1.4000000000000001,0.6000000000000001
2021-12-17,Salernitana,Inter,0,5,A,0,2,A,10,23,2,8,3,10,1,2,0,0,SA,21_22,1,15,0.2,2.2,2.8,0.4,-14,-2.5999999999999996,1.8000000000000003
2021-12-17,Celta,Espanol,3,1,H,1,0,H,12,6,5,3,3,3,2,1,0,0,LL,21_22,6,9,1.4,1.4,1.4,1.0,-3,0.0,0.3999999999999999
2021-12-18,Sevilla,Ath Madrid,2,1,H,1,1,D,6,15,2,3,4,7,2,1,0,0,LL,21_22,10,7,1.4,0.8,1.8,1.6,3,-0.40000000000000013,-0.8
2021-12-18,Leeds,Arsenal,1,4,A,0,3,A,9,21,2,12,1,4,3,1,0,0,PL,23_22,5,9,1.0,2.4,2.0,1.0,-4,-1.0,1.4
2021-12-18,Vallecano,Alaves,2,0,H,2,0,H,20,6,5,4,5,5,1,2,0,0,LL,21_22,7,5,1.2,1.2,1.4,1.6,2,-0.19999999999999996,-0.40000000000000013
2021-12-18,Sociedad,Villarreal,1,3,A,1,1,D,8,15,4,8,5,5,2,3,1,0,LL,21_22,4,7,0.4,1.4,1.0,1.0,-3,-0.6,0.3999999999999999
2021-12-18,Barcelona,Elche,3,2,H,2,0,H,19,5,8,3,5,0,1,3,0,0,LL,21_22,8,5,1.8,1.4,1.4,1.8,3,0.40000000000000013,-0.40000000000000013
2021-12-18,Atalanta,Roma,1,4,A,1,2,A,17,8,6,5,10,0,1,3,0,0,SA,21_22,15,9,3.0,1.0,1.0,0.8,6,2.0,0.19999999999999996
2021-12-18,Bologna,Juventus,0,2,A,0,1,A,11,11,3,7,8,4,1,1,0,0,SA,21_22,6,10,1.0,1.2,1.4,0.4,-4,-0.3999999999999999,0.7999999999999999
2021-12-18,Cagliari,Udinese,0,4,A,0,2,A,5,10,2,5,4,2,4,2,1,0,SA,21_22,4,3,0.8,1.6,1.4,2.0,1,-0.5999999999999999,-0.3999999999999999
2021-12-19,Newcastle,Man City,0,4,A,0,2,A,5,18,1,7,3,6,1,2,0,0,PL,23_22,4,15,0.6,2.0,3.0,0.6,-11,-2.4,1.4
2021-12-19,Real Madrid,Cadiz,0,0,D,0,0,D,36,4,9,0,13,2,1,1,0,0,LL,21_22,15,4,2.2,0.4,0.8,2.4,11,1.4000000000000001,-2.0
2021-12-19,Getafe,Osasuna,1,0,H,0,0,D,18,11,4,2,4,3,3,1,0,0,LL,21_22,6,3,1.0,0.4,0.6,1.2,3,0.4,-0.7999999999999999
2021-12-19,Ath Bilbao,Betis,3,2,H,1,1,D,9,16,6,8,5,6,1,3,0,0,LL,21_22,3,12,0.4,0.8,2.2,0.6,-9,-1.8000000000000003,0.20000000000000007
2021-12-19,Granada,Mallorca,4,1,H,1,1,D,15,8,6,5,4,2,3,2,0,0,LL,21_22,5,6,1.2,2.0,1.0,1.2,-1,0.19999999999999996,0.8
2021-12-19,Tottenham,Liverpool,2,2,D,1,1,D,10,18,5,6,6,4,4,4,0,1,PL,23_22,10,15,1.4,0.8,2.6,0.4,-5,-1.2000000000000002,0.4
2021-12-19,Sampdoria,Venezia,1,1,D,1,0,H,18,12,8,1,4,3,2,1,0,0,SA,21_22,9,4,2.0,1.6,1.0,2.2,5,1.0,-0.6000000000000001
2021-12-19,Spezia,Empoli,1,1,D,0,0,D,9,22,2,6,3,5,3,2,0,0,SA,21_22,1,10,0.8,2.4,1.8,1.2,-9,-1.0,1.2
2021-12-19,Fiorentina,Sassuolo,2,2,D,0,2,A,23,8,8,4,9,3,3,5,1,0,SA,21_22,12,9,3.0,1.6,2.2,1.6,3,0.7999999999999998,0.0
2021-12-19,Torino,Verona,1,0,H,1,0,H,8,8,1,2,5,3,1,2,0,1,SA,21_22,8,7,1.4,1.2,1.6,1.8,1,-0.20000000000000018,-0.6000000000000001
2021-12-19,Milan,Napoli,0,1,A,0,1,A,12,11,2,2,5,5,0,2,0,0,SA,21_22,7,4,2.0,1.6,2.0,1.8,3,0.0,-0.19999999999999996
2021-12-19,Wolves,Chelsea,0,0,D,0,0,D,4,8,1,1,4,9,0,2,0,0,PL,23_22,5,8,0.2,0.4,1.8,1.6,-3,-1.6,-1.2000000000000002
2021-12-20,Levante,Valencia,3,4,A,2,1,H,15,15,9,8,6,4,3,4,0,0,LL,21_22,2,9,1.0,1.8,1.6,1.2,-7,-0.6000000000000001,0.6000000000000001
2021-12-21,Villarreal,Alaves,5,2,H,2,1,H,24,4,10,2,6,2,0,2,0,0,LL,21_22,7,2,1.4,1.2,1.0,1.8,5,0.3999999999999999,-0.6000000000000001
2021-12-21,Sevilla,Barcelona,1,1,D,1,1,D,5,23,1,7,4,9,2,3,1,0,LL,21_22,10,10,1.4,1.0,1.8,1.2,0,-0.40000000000000013,-0.19999999999999996
2021-12-21,Genoa,Atalanta,0,0,D,0,0,D,1,17,0,3,3,8,2,1,0,0,SA,21_22,1,12,0.4,2.2,2.2,1.4,-11,-1.8000000000000003,0.8000000000000003
2021-12-21,Juventus,Cagliari,2,0,H,1,0,H,15,6,4,1,7,1,0,3,0,0,SA,21_22,10,3,1.4,0.4,0.4,2.0,7,0.9999999999999999,-1.6
2021-12-22,Granada,Ath Madrid,2,1,H,1,1,D,6,15,4,3,2,7,4,1,0,0,LL,21_22,8,6,2.0,1.8,1.4,1.4,2,0.6000000000000001,0.40000000000000013
2021-12-22,Ath Bilbao,Real Madrid,1,2,A,1,2,A,15,12,2,7,7,0,2,2,0,0,LL,21_22,5,13,1.0,1.2,1.4,0.2,-8,-0.3999999999999999,1.0
2021-12-22,Napoli,Spezia,0,1,A,0,1,A,25,8,7,0,10,5,2,3,0,0,SA,21_22,7,2,1.8,1.2,0.6,1.6,5,1.2000000000000002,-0.40000000000000013
2021-12-22,Empoli,Milan,2,4,A,1,2,A,16,18,5,8,7,3,1,2,0,0,SA,21_22,11,7,1.8,1.0,1.4,1.0,4,0.40000000000000013,0.0
2021-12-22,Sassuolo,Bologna,0,3,A,0,2,A,13,9,5,5,5,5,1,3,0,0,SA,21_22,9,6,2.2,1.6,1.0,1.4,3,1.2000000000000002,0.20000000000000018
2021-12-22,Venezia,Lazio,1,3,A,1,1,D,11,7,2,4,4,4,3,3,1,0,SA,21_22,2,7,1.0,2.4,2.2,2.4,-5,-1.2000000000000002,0.0
2021-12-22,Inter,Torino,1,0,H,1,0,H,14,12,3,3,7,4,1,0,0,0,SA,21_22,15,8,3.2,0.0,1.2,1.0,7,2.0,-1.0
2021-12-22,Roma,Sampdoria,1,1,D,0,0,D,15,10,4,2,10,2,0,3,0,0,SA,21_22,9,7,1.4,1.0,1.8,1.8,2,-0.40000000000000013,-0.8
2021-12-22,Verona,Fiorentina,1,1,D,1,0,H,7,11,2,1,3,8,2,1,0,0,SA,21_22,4,10,1.2,1.8,2.6,1.4,-6,-1.4000000000000001,0.40000000000000013
2021-12-26,West Ham,Southampton,2,3,A,0,1,A,11,11,5,6,10,2,2,3,0,0,PL,23_22,5,3,1.0,1.4,1.0,2.4,2,0.0,-1.0
2021-12-26,Tottenham,Crystal Palace,3,0,H,2,0,H,17,4,6,0,4,2,1,1,0,1,PL,23_22,11,4,1.8,0.6,1.2,1.4,7,0.6000000000000001,-0.7999999999999999
2021-12-26,Norwich,Arsenal,0,5,A,0,2,A,4,16,2,6,3,5,1,2,0,0,PL,23_22,2,9,0.2,1.4,2.4,1.2,-7,-2.1999999999999997,0.19999999999999996
2021-12-26,Man City,Leicester,6,3,H,4,0,H,17,14,9,8,14,4,1,2,0,0,PL,23_22,15,7,3.4,0.4,2.2,1.8,8,1.1999999999999997,-1.4
2021-12-26,Brighton,Brentford,2,0,H,2,0,H,15,16,5,6,6,9,1,3,0,0,PL,23_22,3,8,0.4,1.0,1.6,1.6,-5,-1.2000000000000002,-0.6000000000000001
2021-12-26,Aston Villa,Chelsea,1,3,A,1,1,D,8,10,1,4,2,5,3,1,0,0,PL,23_22,9,8,1.4,1.0,1.6,1.4,1,-0.20000000000000018,-0.3999999999999999
2021-12-27,Newcastle,Man United,1,1,D,1,0,H,13,13,8,4,2,4,3,3,0,0,PL,23_22,4,10,0.6,2.4,1.4,1.4,-6,-0.7999999999999999,1.0
2021-12-28,Leicester,Liverpool,1,0,H,0,0,D,6,21,1,4,1,12,0,1,0,0,PL,23_22,7,13,2.8,2.4,2.2,0.8,-6,0.5999999999999996,1.5999999999999999
2021-12-28,Watford,West Ham,1,4,A,1,2,A,14,13,5,6,4,5,0,1,0,0,PL,23_22,3,5,1.8,2.4,1.2,1.6,-2,0.6000000000000001,0.7999999999999998
2021-12-28,Southampton,Tottenham,1,1,D,1,1,D,9,21,2,11,3,7,2,2,1,0,PL,23_22,6,13,1.6,2.0,2.4,0.6,-7,-0.7999999999999998,1.4
2021-12-28,Crystal Palace,Norwich,3,0,H,3,0,H,19,12,6,3,8,8,1,2,0,0,PL,23_22,4,1,1.0,1.6,0.2,2.4,3,0.8,-0.7999999999999998
2021-12-29,Chelsea,Brighton,1,1,D,1,0,H,11,18,5,6,10,8,4,1,0,0,PL,23_22,8,6,1.8,1.4,0.8,0.6,2,1.0,0.7999999999999999
2021-12-29,Brentford,Man City,0,1,A,0,1,A,6,12,2,3,3,5,0,0,0,0,PL,23_22,7,15,1.0,1.4,4.2,0.8,-8,-3.2,0.5999999999999999
2021-12-30,Man United,Burnley,3,1,H,3,1,H,18,10,6,3,7,5,0,0,0,0,PL,23_22,11,4,1.4,0.8,0.8,1.0,7,0.5999999999999999,-0.19999999999999996
2021-12-31,Valencia,Espanol,1,2,A,0,0,D,12,15,2,4,7,5,7,3,1,0,LL,21_22,11,6,1.8,1.2,1.2,1.6,5,0.6000000000000001,-0.40000000000000013
2022-01-01,Arsenal,Man City,1,2,A,1,0,H,7,15,2,2,5,5,3,2,1,0,PL,23_22,12,15,3.0,0.6,3.8,0.6,-3,-0.7999999999999998,0.0
2022-01-01,Watford,Tottenham,0,1,A,0,0,D,6,21,4,9,3,7,0,1,0,0,PL,23_22,0,11,1.2,3.0,2.2,0.6,-11,-1.0000000000000002,2.4
2022-01-01,Crystal Palace,West Ham,2,3,A,0,3,A,22,10,6,5,9,1,0,2,0,0,PL,23_22,7,7,1.6,1.4,1.8,1.6,0,-0.19999999999999996,-0.20000000000000018
2022-01-02,Brentford,Aston Villa,2,1,H,1,1,D,10,16,4,5,3,7,2,2,0,0,PL,23_22,4,6,0.8,1.6,1.2,1.4,-2,-0.3999999999999999,0.20000000000000018
2022-01-02,Everton,Brighton,2,3,A,0,2,A,17,12,6,5,8,5,1,1,0,0,PL,23_22,4,6,1.0,2.0,1.0,0.8,-2,0.0,1.2
2022-01-02,Leeds,Burnley,3,1,H,1,0,H,22,8,7,2,9,3,2,1,0,0,PL,23_22,4,3,1.2,3.2,0.8,1.4,1,0.3999999999999999,1.8000000000000003
2022-01-02,Chelsea,Liverpool,2,2,D,2,2,D,15,10,6,6,6,7,1,2,0,0,PL,23_22,9,10,1.6,1.0,1.4,0.8,-1,0.20000000000000018,0.19999999999999996
2022-01-02,Elche,Granada,0,0,D,0,0,D,18,10,2,5,6,3,3,3,1,0,LL,21_22,4,11,1.4,2.0,2.2,1.2,-7,-0.8000000000000003,0.8
2022-01-02,Mallorca,Barcelona,0,1,A,0,1,A,13,13,3,4,4,3,5,2,0,0,LL,21_22,5,8,0.8,1.6,1.8,1.4,-3,-1.0,0.20000000000000018
2022-01-02,Betis,Celta,0,2,A,0,2,A,18,7,7,5,3,3,1,2,0,0,LL,21_22,12,8,2.6,0.8,1.4,1.0,4,1.2000000000000002,-0.19999999999999996
2022-01-02,Alaves,Sociedad,1,1,D,0,1,A,19,10,5,4,2,3,3,3,0,0,LL,21_22,1,1,1.0,2.4,0.2,2.0,0,0.8,0.3999999999999999
2022-01-02,Ath Madrid,Vallecano,2,0,H,1,0,H,15,5,5,0,8,2,3,0,0,0,LL,21_22,3,10,1.4,1.8,1.4,0.8,-7,0.0,1.0
2022-01-02,Getafe,Real Madrid,1,0,H,1,0,H,6,14,3,4,2,9,3,2,0,0,LL,21_22,9,13,1.2,0.2,1.4,0.2,-4,-0.19999999999999996,0.0
2022-01-03,Man United,Wolves,0,1,A,0,0,D,9,19,2,6,3,8,3,1,0,0,PL,23_22,13,5,1.8,0.8,0.2,0.4,8,1.6,0.4
2022-01-03,Villarreal,Levante,5,0,H,3,0,H,17,7,7,3,6,5,3,2,0,0,LL,21_22,9,2,2.2,1.4,1.4,2.2,7,0.8000000000000003,-0.8000000000000003
2022-01-03,Osasuna,Ath Bilbao,1,3,A,1,2,A,15,17,4,5,4,5,5,2,1,0,LL,21_22,3,4,0.6,1.0,0.8,1.2,-1,-0.20000000000000007,-0.19999999999999996
2022-01-03,Cadiz,Sevilla,0,1,A,0,0,D,9,14,2,4,2,8,0,1,0,0,LL,21_22,2,10,0.6,2.4,1.2,0.8,-8,-0.6,1.5999999999999999
2022-01-06,Sampdoria,Cagliari,1,2,A,1,0,H,4,15,1,7,0,5,1,3,1,0,SA,21_22,5,2,1.4,1.8,0.2,2.2,3,1.2,-0.40000000000000013
2022-01-06,Lazio,Empoli,3,3,D,1,2,A,23,11,10,4,9,2,4,4,0,0,SA,21_22,10,8,2.8,1.8,1.8,1.6,2,0.9999999999999998,0.19999999999999996
2022-01-06,Spezia,Verona,1,2,A,0,0,D,9,22,3,5,6,7,3,2,1,0,SA,21_22,5,5,0.8,1.4,1.2,1.4,0,-0.3999999999999999,0.0
2022-01-06,Sassuolo,Genoa,1,1,D,0,1,A,28,4,7,1,7,4,3,0,0,0,SA,21_22,6,1,1.6,2.0,0.4,2.2,5,1.2000000000000002,-0.20000000000000018
2022-01-06,Milan,Roma,3,1,H,2,1,H,19,11,5,5,3,9,2,6,0,2,SA,21_22,10,7,2.0,0.8,1.4,1.2,3,0.6000000000000001,-0.3999999999999999
2022-01-06,Juventus,Napoli,1,1,D,0,1,A,22,16,5,4,4,3,2,1,0,0,SA,21_22,13,4,1.8,0.2,1.0,1.4,9,0.8,-1.2
2022-01-08,Real Madrid,Valencia,4,1,H,1,0,H,23,12,8,7,3,8,3,3,0,0,LL,21_22,10,10,1.2,0.4,2.0,1.6,0,-0.8,-1.2000000000000002
2022-01-08,Sociedad,Celta,1,0,H,1,0,H,12,4,3,0,6,4,3,3,0,0,LL,21_22,1,10,0.4,2.2,1.6,0.8,-9,-1.2000000000000002,1.4000000000000001
2022-01-08,Granada,Barcelona,1,1,D,0,0,D,14,13,4,1,3,2,2,5,0,1,LL,21_22,11,8,1.8,0.8,1.4,1.2,3,0.40000000000000013,-0.3999999999999999
2022-01-08,Levante,Mallorca,2,0,H,0,0,D,16,15,8,8,5,5,3,1,1,0,LL,21_22,1,5,1.4,3.2,0.6,1.2,-4,0.7999999999999999,2.0
2022-01-09,Roma,Juventus,3,4,A,1,1,D,19,14,7,5,8,1,3,4,0,1,SA,21_22,7,11,1.6,1.6,1.6,0.4,-4,0.0,1.2000000000000002
2022-01-09,Empoli,Sassuolo,1,5,A,1,2,A,15,25,4,14,5,5,2,3,1,0,SA,21_22,8,6,2.0,1.8,1.4,1.8,2,0.6000000000000001,0.0
2022-01-09,Venezia,Milan,0,3,A,0,1,A,9,18,3,8,1,7,1,3,1,0,SA,21_22,2,10,1.2,2.6,2.0,1.0,-8,-0.8,1.6
2022-01-09,Napoli,Sampdoria,1,0,H,1,0,H,22,10,5,1,13,0,0,2,0,0,SA,21_22,4,5,0.8,1.2,1.4,1.6,-1,-0.5999999999999999,-0.40000000000000013
2022-01-09,Udinese,Atalanta,2,6,A,0,3,A,8,21,4,7,2,5,2,2,0,0,SA,21_22,6,10,2.0,1.6,2.0,1.4,-4,0.0,0.20000000000000018
2022-01-09,Genoa,Spezia,0,1,A,0,1,A,15,17,2,9,7,4,3,3,0,0,SA,21_22,2,5,0.6,1.8,1.0,1.4,-3,-0.4,0.40000000000000013
2022-01-09,Inter,Lazio,2,1,H,1,1,D,17,5,6,2,4,3,1,4,0,0,SA,21_22,15,10,3.0,0.0,2.6,1.6,5,0.3999999999999999,-1.6
2022-01-09,Verona,Salernitana,1,2,A,0,1,A,24,9,7,5,17,4,1,3,1,0,SA,21_22,7,1,1.6,1.6,0.2,2.8,6,1.4000000000000001,-1.1999999999999997
2022-01-09,Villarreal,Ath Madrid,2,2,D,1,1,D,13,7,3,5,7,3,0,2,0,1,LL,21_22,12,3,3.0,0.8,1.0,1.6,9,2.0,-0.8
2022-01-09,Osasuna,Cadiz,2,0,H,1,0,H,15,6,5,1,5,7,2,2,0,0,LL,21_22,3,2,0.8,1.4,0.6,1.8,1,0.20000000000000007,-0.40000000000000013
2022-01-09,Alaves,Ath Bilbao,0,0,D,0,0,D,12,10,1,2,7,5,2,0,0,0,LL,21_22,2,7,1.0,2.2,1.4,1.2,-5,-0.3999999999999999,1.0000000000000002
2022-01-09,Sevilla,Getafe,1,0,H,1,0,H,10,4,1,2,5,2,1,3,0,0,LL,21_22,13,9,1.2,0.4,0.6,0.2,4,0.6,0.2
2022-01-09,Vallecano,Betis,1,1,D,0,1,A,17,9,7,5,6,4,1,3,0,1,LL,21_22,7,9,0.8,1.0,2.0,1.2,-2,-1.2,-0.19999999999999996
2022-01-10,Torino,Fiorentina,4,0,H,3,0,H,9,10,6,3,1,5,2,2,0,0,SA,21_22,8,11,1.2,1.0,2.6,1.2,-3,-1.4000000000000001,-0.19999999999999996
2022-01-10,Espanol,Elche,1,2,A,1,2,A,8,3,3,2,13,0,4,6,0,0,LL,21_22,9,5,1.6,1.6,1.4,1.4,4,0.20000000000000018,0.20000000000000018
2022-01-11,Southampton,Brentford,4,1,H,2,1,H,12,5,6,4,5,2,0,1,0,0,PL,23_22,6,7,1.4,1.8,1.2,1.4,-1,0.19999999999999996,0.40000000000000013
2022-01-11,Cagliari,Bologna,2,1,H,0,0,D,13,9,4,3,5,5,3,2,0,0,SA,21_22,4,6,0.6,2.4,1.4,1.4,-2,-0.7999999999999999,1.0
2022-01-12,West Ham,Norwich,2,0,H,1,0,H,13,7,5,3,11,2,0,0,0,0,PL,23_22,7,0,1.8,1.6,0.0,2.8,7,1.8,-1.1999999999999997
2022-01-14,Brighton,Crystal Palace,1,1,D,0,0,D,19,3,4,1,9,0,0,2,0,0,PL,23_22,8,7,1.4,1.0,2.0,1.8,1,-0.6000000000000001,-0.8
2022-01-15,Juventus,Udinese,2,0,H,1,0,H,14,16,4,3,7,6,1,2,0,0,SA,21_22,11,5,2.0,1.0,2.4,2.8,6,-0.3999999999999999,-1.7999999999999998
2022-01-15,Norwich,Everton,2,1,H,2,0,H,14,12,3,5,8,8,3,1,0,0,PL,23_22,0,4,0.0,2.6,1.4,2.4,-4,-1.4,0.20000000000000018
2022-01-15,Wolves,Southampton,3,1,H,1,0,H,9,13,5,10,2,10,2,3,0,0,PL,23_22,7,8,0.4,0.4,2.0,1.8,-1,-1.6,-1.4
2022-01-15,Aston Villa,Man United,2,2,D,0,1,A,13,13,9,6,3,6,1,2,0,0,PL,23_22,6,10,1.2,1.4,1.2,0.6,-4,0.0,0.7999999999999999
2022-01-15,Sampdoria,Torino,1,2,A,1,1,D,11,20,3,12,3,10,0,2,0,0,SA,21_22,5,10,1.2,1.2,1.6,0.6,-5,-0.40000000000000013,0.6
2022-01-15,Salernitana,Lazio,0,3,A,0,2,A,6,15,1,8,3,7,2,3,0,0,SA,21_22,3,7,0.4,2.8,2.2,1.8,-4,-1.8000000000000003,0.9999999999999998
2022-01-15,Man City,Chelsea,1,0,H,0,0,D,11,4,6,1,9,1,0,2,0,0,PL,23_22,15,7,4.0,0.8,1.4,1.0,8,2.6,-0.19999999999999996
2022-01-15,Newcastle,Watford,1,1,D,0,0,D,12,18,1,5,4,6,3,2,0,0,PL,23_22,4,0,0.6,2.4,0.8,2.4,4,-0.20000000000000007,0.0
2022-01-16,Liverpool,Brentford,3,0,H,1,0,H,27,6,13,1,9,0,0,1,0,0,PL,23_22,8,6,1.6,1.2,1.0,1.8,2,0.6000000000000001,-0.6000000000000001
2022-01-16,Elche,Villarreal,1,0,H,0,0,D,5,9,2,4,3,8,4,3,0,0,LL,21_22,7,13,1.6,1.4,3.4,1.0,-6,-1.7999999999999998,0.3999999999999999
2022-01-16,West Ham,Leeds,2,3,A,1,2,A,15,18,5,5,4,3,3,2,0,0,PL,23_22,9,4,2.2,1.6,1.6,3.4,5,0.6000000000000001,-1.7999999999999998
2022-01-16,Venezia,Empoli,1,1,D,0,1,A,14,17,3,6,6,5,3,5,0,0,SA,21_22,2,5,1.2,2.4,1.6,2.6,-3,-0.40000000000000013,-0.20000000000000018
2022-01-16,Roma,Cagliari,1,0,H,1,0,H,15,8,7,2,1,1,3,4,0,0,SA,21_22,7,6,2.2,1.8,0.8,2.4,1,1.4000000000000001,-0.5999999999999999
2022-01-16,Atalanta,Inter,0,0,D,0,0,D,12,11,6,3,6,4,2,2,0,0,SA,21_22,10,15,2.4,1.8,3.0,0.2,-5,-0.6000000000000001,1.6
2022-01-16,Sassuolo,Verona,2,4,A,0,2,A,13,21,5,6,9,7,2,4,0,0,SA,21_22,8,4,2.0,1.6,1.0,1.4,4,1.0,0.20000000000000018
2022-01-17,Milan,Spezia,1,2,A,1,0,H,25,10,8,6,10,1,2,5,0,0,SA,21_22,10,7,2.2,1.0,0.8,1.0,3,1.4000000000000001,0.0
2022-01-17,Fiorentina,Genoa,6,0,H,3,0,H,22,3,12,0,4,0,1,3,0,0,SA,21_22,8,2,2.0,1.8,0.6,1.6,6,1.4,0.19999999999999996
2022-01-17,Bologna,Napoli,0,2,A,0,1,A,12,14,5,5,1,4,3,1,0,0,SA,21_22,3,7,1.4,1.8,0.6,0.6,-4,0.7999999999999999,1.2000000000000002
2022-01-18,Betis,Alaves,4,0,H,3,0,H,18,9,5,2,8,3,2,0,0,0,LL,21_22,7,3,1.6,1.2,0.8,1.8,4,0.8,-0.6000000000000001
2022-01-18,Cadiz,Espanol,2,2,D,0,1,A,10,14,4,7,3,2,5,1,0,0,LL,21_22,2,6,0.4,1.4,1.6,2.0,-4,-1.2000000000000002,-0.6000000000000001
2022-01-18,Brighton,Chelsea,1,1,D,0,1,A,10,15,2,3,5,7,1,2,0,0,PL,23_22,8,6,1.4,1.0,1.2,1.0,2,0.19999999999999996,0.0
2022-01-19,Valencia,Sevilla,1,1,D,1,1,D,10,12,2,3,4,4,3,3,1,0,LL,21_22,9,13,2.0,2.2,1.2,0.4,-4,0.8,1.8000000000000003
2022-01-19,Celta,Osasuna,2,0,H,2,0,H,5,9,3,0,0,5,1,2,0,0,LL,21_22,7,5,1.2,0.8,1.0,1.2,2,0.19999999999999996,-0.3999999999999999
2022-01-19,Brentford,Man United,1,3,A,0,0,D,18,13,8,5,6,9,0,0,0,0,PL,23_22,3,8,0.6,2.2,1.4,1.0,-5,-0.7999999999999999,1.2000000000000002
2022-01-19,Leicester,Tottenham,2,3,A,1,1,D,14,27,4,10,3,8,1,2,0,0,PL,23_22,7,11,2.2,2.0,2.0,0.6,-4,0.20000000000000018,1.4
2022-01-20,Getafe,Granada,4,2,H,1,1,D,12,7,4,4,4,8,3,4,0,0,LL,21_22,8,9,0.6,0.4,1.6,0.8,-1,-1.0,-0.4
2022-01-21,Watford,Norwich,0,3,A,0,0,D,15,7,4,2,5,1,0,1,1,0,PL,23_22,1,3,0.8,2.2,0.4,2.6,-2,0.4,-0.3999999999999999
2022-01-21,Verona,Bologna,2,1,H,1,1,D,14,8,6,2,7,2,2,4,0,0,SA,21_22,7,3,1.6,1.4,1.0,1.6,4,0.6000000000000001,-0.20000000000000018
2022-01-21,Espanol,Betis,1,4,A,1,2,A,12,15,4,8,6,5,3,4,1,0,LL,21_22,7,7,2.0,2.2,2.2,1.2,0,-0.20000000000000018,1.0000000000000002
2022-01-22,Levante,Cadiz,0,2,A,0,1,A,15,8,8,2,8,2,4,6,0,0,LL,21_22,4,3,1.6,2.6,0.6,1.2,1,1.0,1.4000000000000001
2022-01-22,Brentford,Wolves,1,2,A,0,0,D,11,7,1,2,6,3,2,3,0,0,PL,23_22,3,10,0.8,2.4,1.0,0.4,-7,-0.19999999999999996,2.0
2022-01-22,Everton,Aston Villa,0,1,A,0,1,A,15,8,1,3,9,2,5,3,0,0,PL,23_22,4,4,1.4,2.0,1.2,1.6,0,0.19999999999999996,0.3999999999999999
2022-01-22,Lazio,Atalanta,0,0,D,0,0,D,9,6,1,2,4,1,0,3,0,0,SA,21_22,10,8,2.6,1.4,1.8,1.4,2,0.8,0.0
2022-01-22,Inter,Venezia,2,1,H,1,1,D,24,3,12,3,6,0,3,4,0,0,SA,21_22,13,3,2.4,0.2,0.8,1.8,10,1.5999999999999999,-1.6
2022-01-22,Genoa,Udinese,0,0,D,0,0,D,10,2,3,0,10,4,4,4,1,0,SA,21_22,2,4,0.4,2.2,1.6,2.4,-2,-1.2000000000000002,-0.19999999999999973
2022-01-22,Ath Madrid,Valencia,3,2,H,0,2,A,16,7,6,3,5,4,5,6,0,0,LL,21_22,4,7,1.2,1.6,1.8,2.2,-3,-0.6000000000000001,-0.6000000000000001
2022-01-22,Sevilla,Celta,2,2,D,0,2,A,16,6,5,4,7,0,1,4,0,0,LL,21_22,11,10,1.2,0.6,1.4,0.4,1,-0.19999999999999996,0.19999999999999996
2022-01-22,Villarreal,Mallorca,3,0,H,2,0,H,12,8,6,2,10,6,1,2,0,1,LL,21_22,10,4,3.0,1.2,0.6,1.6,6,2.4,-0.40000000000000013
2022-01-22,Southampton,Man City,1,1,D,1,0,H,7,20,3,5,2,11,3,0,0,0,PL,23_22,8,15,2.2,1.8,2.8,0.8,-7,-0.5999999999999996,1.0
2022-01-22,Man United,West Ham,1,0,H,0,0,D,18,6,3,1,3,3,1,1,0,0,PL,23_22,8,9,1.8,1.2,2.6,1.8,-1,-0.8,-0.6000000000000001
2022-01-22,Leeds,Newcastle,0,1,A,0,0,D,13,15,4,3,6,7,4,2,0,0,PL,23_22,6,2,1.8,3.4,0.6,2.6,4,1.2000000000000002,0.7999999999999998
2022-01-23,Sociedad,Getafe,0,0,D,0,0,D,9,9,3,2,7,2,1,1,0,0,LL,21_22,4,10,0.6,2.0,1.4,0.8,-6,-0.7999999999999999,1.2
2022-01-23,Alaves,Barcelona,0,1,A,0,0,D,6,10,2,4,1,10,0,0,0,0,LL,21_22,2,9,0.6,2.4,1.6,1.2,-7,-1.0,1.2
2022-01-23,Real Madrid,Elche,2,2,D,0,1,A,23,3,8,2,10,3,3,1,0,0,LL,21_22,10,7,1.6,0.6,1.2,1.2,3,0.40000000000000013,-0.6
2022-01-23,Granada,Osasuna,0,2,A,0,0,D,6,16,2,7,4,3,0,2,0,0,LL,21_22,8,4,1.8,1.4,1.0,1.6,4,0.8,-0.20000000000000018
2022-01-23,Vallecano,Ath Bilbao,0,1,A,0,1,A,29,9,3,3,9,7,1,6,0,0,LL,21_22,7,7,0.8,1.0,1.4,1.2,0,-0.5999999999999999,-0.19999999999999996
2022-01-23,Milan,Juventus,0,0,D,0,0,D,14,8,4,0,4,1,2,2,0,0,SA,21_22,9,13,2.2,1.2,2.2,0.8,-4,0.0,0.3999999999999999
2022-01-23,Spezia,Sampdoria,1,0,H,0,0,D,7,8,2,0,2,4,2,4,0,1,SA,21_22,10,2,1.2,0.8,0.8,1.4,8,0.3999999999999999,-0.5999999999999999
2022-01-23,Torino,Sassuolo,1,1,D,1,0,H,21,6,6,1,4,3,3,3,0,0,SA,21_22,12,5,1.8,0.6,2.0,2.2,7,-0.19999999999999996,-1.6
2022-01-23,Napoli,Salernitana,4,1,H,2,1,H,26,1,14,1,10,0,0,4,0,1,SA,21_22,10,3,1.0,0.4,0.4,3.0,7,0.6,-2.6
2022-01-23,Cagliari,Fiorentina,1,1,D,0,0,D,12,16,3,6,6,4,3,3,0,1,SA,21_22,6,8,0.8,1.8,2.6,1.4,-2,-1.8,0.40000000000000013
2022-01-23,Chelsea,Tottenham,2,0,H,0,0,D,15,6,7,3,10,3,2,1,0,0,PL,23_22,6,11,1.4,1.2,2.0,1.0,-5,-0.6000000000000001,0.19999999999999996
2022-01-23,Leicester,Brighton,1,1,D,0,0,D,15,14,5,5,4,5,0,1,0,0,PL,23_22,6,9,2.2,2.2,1.6,1.0,-3,0.6000000000000001,1.2000000000000002
2022-01-23,Crystal Palace,Liverpool,1,3,A,0,2,A,8,15,5,7,2,5,4,1,0,0,PL,23_22,5,8,1.6,1.8,2.0,1.2,-3,-0.3999999999999999,0.6000000000000001
2022-01-23,Empoli,Roma,2,4,A,0,4,A,16,16,7,8,2,3,2,2,0,0,SA,21_22,3,7,1.6,2.8,2.0,1.8,-4,-0.3999999999999999,0.9999999999999998
2022-01-23,Arsenal,Burnley,0,0,D,0,0,D,20,10,5,1,12,4,0,2,0,0,PL,23_22,12,2,3.0,0.6,0.4,1.4,10,2.6,-0.7999999999999999
2022-02-04,Getafe,Levante,3,0,H,2,0,H,14,11,8,2,2,8,4,3,0,0,LL,21_22,10,3,1.2,0.6,1.6,3.0,7,-0.40000000000000013,-2.4
2022-02-05,Elche,Alaves,3,1,H,0,1,A,14,6,4,2,7,3,1,1,0,0,LL,21_22,8,2,1.4,1.2,0.6,2.2,6,0.7999999999999999,-1.0000000000000002
2022-02-05,Mallorca,Cadiz,2,1,H,1,1,D,17,12,5,5,6,4,2,4,0,0,LL,21_22,1,5,0.2,2.0,0.8,1.0,-4,-0.6000000000000001,1.0
2022-02-05,Celta,Vallecano,2,0,H,1,0,H,13,11,3,0,7,2,0,2,0,0,LL,21_22,10,4,1.8,0.8,0.6,1.2,6,1.2000000000000002,-0.3999999999999999
2022-02-05,Osasuna,Sevilla,0,0,D,0,0,D,9,9,3,4,1,1,1,1,0,0,LL,21_22,6,9,1.0,1.2,1.2,0.8,-3,-0.19999999999999996,0.3999999999999999
2022-02-05,Burnley,Watford,0,0,D,0,0,D,13,11,2,5,4,7,1,2,0,0,PL,23_22,2,1,0.4,1.4,0.6,2.2,1,-0.19999999999999996,-0.8000000000000003
2022-02-05,Roma,Genoa,0,0,D,0,0,D,23,10,3,3,6,4,3,2,1,1,SA,21_22,7,3,2.0,2.0,0.2,1.6,4,1.8,0.3999999999999999
2022-02-05,Inter,Milan,1,2,A,1,0,H,11,10,5,3,6,4,2,4,0,1,SA,21_22,13,10,2.0,0.4,2.2,1.0,3,-0.20000000000000018,-0.6
2022-02-05,Fiorentina,Lazio,0,3,A,0,0,D,9,12,3,7,4,3,3,5,1,0,SA,21_22,6,8,2.0,1.6,2.0,1.2,-2,0.0,0.40000000000000013
2022-02-06,Atalanta,Cagliari,1,2,A,0,0,D,10,7,3,4,3,1,1,5,1,0,SA,21_22,6,7,1.4,1.2,1.0,1.2,-1,0.3999999999999999,0.0
2022-02-06,Bologna,Empoli,0,0,D,0,0,D,12,15,2,4,3,5,2,4,0,0,SA,21_22,3,2,1.0,1.6,1.8,3.4,1,-0.8,-1.7999999999999998
2022-02-06,Sampdoria,Sassuolo,4,0,H,2,0,H,11,26,7,9,3,9,2,2,0,0,SA,21_22,1,5,0.6,1.4,1.8,2.0,-4,-1.2000000000000002,-0.6000000000000001
2022-02-06,Venezia,Napoli,0,2,A,0,0,D,7,16,3,6,2,6,2,2,1,0,SA,21_22,2,10,0.8,2.0,1.6,0.6,-8,-0.8,1.4
2022-02-06,Udinese,Torino,2,0,H,0,0,D,11,5,3,1,8,3,3,5,0,1,SA,21_22,5,10,1.4,1.8,1.6,0.6,-5,-0.20000000000000018,1.2000000000000002
2022-02-06,Juventus,Verona,2,0,H,1,0,H,11,13,8,1,6,5,1,1,0,0,SA,21_22,11,10,1.8,0.8,2.0,1.4,1,-0.19999999999999996,-0.5999999999999999
2022-02-06,Valencia,Sociedad,0,0,D,0,0,D,14,8,3,2,9,9,4,2,0,0,LL,21_22,4,5,1.8,2.6,0.6,1.6,-1,1.2000000000000002,1.0
2022-02-06,Barcelona,Ath Madrid,4,2,H,3,1,H,9,10,4,4,3,5,2,2,1,0,LL,21_22,11,7,1.4,0.8,1.8,1.6,4,-0.40000000000000013,-0.8
2022-02-06,Betis,Villarreal,0,2,A,0,1,A,9,9,3,3,6,6,2,3,0,0,LL,21_22,7,10,2.2,1.4,3.0,1.0,-3,-0.7999999999999998,0.3999999999999999
2022-02-06,Real Madrid,Granada,1,0,H,0,0,D,24,7,11,3,9,2,2,1,0,0,LL,21_22,8,5,1.6,1.0,1.0,1.6,3,0.6000000000000001,-0.6000000000000001
2022-02-07,Salernitana,Spezia,2,2,D,2,2,D,9,13,5,2,5,6,3,3,0,0,SA,21_22,3,12,0.6,3.4,1.2,0.6,-9,-0.6,2.8
2022-02-07,Ath Bilbao,Espanol,2,1,H,2,1,H,7,7,4,3,5,3,3,3,0,0,LL,21_22,10,4,1.6,1.0,1.4,2.4,6,0.20000000000000018,-1.4
2022-02-08,Newcastle,Everton,3,1,H,1,1,D,20,11,9,3,6,2,2,3,0,0,PL,23_22,5,1,0.8,1.8,1.0,2.0,4,-0.19999999999999996,-0.19999999999999996
2022-02-08,Burnley,Man United,1,1,D,0,1,A,9,22,3,5,2,10,2,1,0,0,PL,23_22,3,10,0.4,1.2,1.8,1.0,-7,-1.4,0.19999999999999996
2022-02-08,West Ham,Watford,1,0,H,0,0,D,9,6,3,1,5,6,1,0,0,0,PL,23_22,9,2,2.2,1.4,0.4,1.8,7,1.8000000000000003,-0.40000000000000013
2022-02-09,Aston Villa,Leeds,3,3,D,3,2,H,12,16,4,8,6,11,1,3,1,0,PL,23_22,7,6,1.4,1.4,1.4,3.0,1,0.0,-1.6
2022-02-09,Tottenham,Southampton,2,3,A,1,1,D,8,23,3,10,2,8,2,3,0,0,PL,23_22,10,8,1.6,1.0,2.0,1.6,2,-0.3999999999999999,-0.6000000000000001
2022-02-09,Norwich,Crystal Palace,1,1,D,1,0,H,5,13,1,5,4,6,1,2,0,0,PL,23_22,6,4,1.0,2.2,1.4,2.0,2,-0.3999999999999999,0.20000000000000018
2022-02-09,Man City,Brentford,2,0,H,1,0,H,15,6,7,2,9,3,0,0,0,0,PL,23_22,13,3,2.2,1.0,1.0,2.6,10,1.2000000000000002,-1.6
2022-02-10,Liverpool,Leicester,2,0,H,1,0,H,22,5,11,1,7,6,1,0,0,0,PL,23_22,8,7,2.0,1.2,2.2,2.0,1,-0.20000000000000018,-0.8
2022-02-10,Wolves,Arsenal,0,1,A,0,1,A,15,12,4,2,7,4,2,3,0,1,PL,23_22,13,10,1.4,0.4,2.4,0.6,3,-1.0,-0.19999999999999996
2022-02-11,Sevilla,Elche,2,0,H,0,0,D,14,7,6,1,5,4,1,5,0,0,LL,21_22,9,11,1.0,0.6,1.6,0.8,-2,-0.6000000000000001,-0.20000000000000007
2022-02-12,Lazio,Bologna,3,0,H,1,0,H,12,11,6,3,5,3,2,2,0,0,SA,21_22,8,4,2.0,1.0,1.0,1.2,4,1.0,-0.19999999999999996
2022-02-12,Vallecano,Osasuna,0,3,A,0,2,A,10,12,3,5,4,5,2,1,0,0,LL,21_22,4,7,0.6,1.2,1.0,1.0,-3,-0.4,0.19999999999999996
2022-02-12,Norwich,Man City,0,4,A,0,1,A,8,22,3,9,4,12,0,2,0,0,PL,23_22,7,13,1.2,1.4,1.4,0.4,-6,-0.19999999999999996,0.9999999999999999
2022-02-12,Villarreal,Real Madrid,0,0,D,0,0,D,9,17,2,6,3,3,2,4,0,0,LL,21_22,10,10,2.4,0.6,1.8,1.0,0,0.5999999999999999,-0.4
2022-02-12,Everton,Leeds,3,0,H,2,0,H,21,7,10,0,5,3,1,1,0,0,PL,23_22,1,7,1.0,2.0,2.0,2.2,-6,-1.0,-0.20000000000000018
2022-02-12,Brentford,Crystal Palace,0,0,D,0,0,D,9,6,2,3,3,9,1,0,0,0,PL,23_22,0,5,0.6,2.8,1.6,1.6,-5,-1.0,1.1999999999999997
2022-02-12,Napoli,Inter,1,1,D,1,0,H,13,8,4,2,4,2,1,1,0,0,SA,21_22,13,10,2.0,0.4,1.2,0.8,3,0.8,-0.4
2022-02-12,Watford,Brighton,0,2,A,0,1,A,9,11,1,6,4,5,3,2,0,0,PL,23_22,2,7,0.2,1.2,1.4,1.2,-5,-1.2,0.0
2022-02-12,Torino,Venezia,1,2,A,1,1,D,14,5,2,2,8,4,2,3,0,1,SA,21_22,7,1,1.4,1.0,0.6,2.2,6,0.7999999999999999,-1.2000000000000002
2022-02-12,Man United,Southampton,1,1,D,1,0,H,12,13,8,4,1,4,4,0,0,0,PL,23_22,8,8,1.4,1.0,2.0,1.6,0,-0.6000000000000001,-0.6000000000000001
2022-02-12,Cadiz,Celta,0,0,D,0,0,D,8,6,2,1,3,3,3,2,0,0,LL,21_22,4,10,1.0,1.4,1.6,0.6,-6,-0.6000000000000001,0.7999999999999999
2022-02-12,Ath Madrid,Getafe,4,3,H,3,3,D,11,10,7,4,5,4,3,4,1,0,LL,21_22,7,10,2.0,2.0,1.6,0.6,-3,0.3999999999999999,1.4
2022-02-13,Empoli,Cagliari,1,1,D,1,0,H,13,17,4,5,6,4,1,2,0,0,SA,21_22,3,10,1.4,2.6,1.4,1.0,-7,0.0,1.6
2022-02-13,Alaves,Valencia,2,1,H,1,0,H,9,9,5,4,5,9,4,3,0,0,LL,21_22,2,2,0.4,1.8,1.0,2.0,0,-0.6,-0.19999999999999996
2022-02-13,Levante,Betis,2,4,A,1,3,A,12,19,4,11,5,7,1,2,1,0,LL,21_22,3,7,1.0,2.8,1.8,1.2,-4,-0.8,1.5999999999999999
2022-02-13,Sociedad,Granada,2,0,H,1,0,H,18,15,8,2,6,5,0,2,0,0,LL,21_22,6,2,0.6,0.8,0.6,1.6,4,0.0,-0.8
2022-02-13,Espanol,Barcelona,2,2,D,1,1,D,10,12,4,4,3,5,5,4,1,1,LL,21_22,4,11,1.4,2.2,1.6,0.8,-7,-0.20000000000000018,1.4000000000000001
2022-02-13,Burnley,Liverpool,0,1,A,0,1,A,8,12,5,4,5,8,0,1,0,0,PL,23_22,3,10,0.6,1.4,2.0,0.8,-7,-1.4,0.5999999999999999
2022-02-13,Newcastle,Aston Villa,1,0,H,1,0,H,10,11,2,1,3,6,3,4,0,0,PL,23_22,8,5,1.2,1.4,1.6,2.0,3,-0.40000000000000013,-0.6000000000000001
2022-02-13,Genoa,Salernitana,1,1,D,1,1,D,15,12,5,4,5,4,3,2,0,0,SA,21_22,3,4,0.2,1.6,1.0,3.0,-1,-0.8,-1.4
2022-02-13,Leicester,West Ham,2,2,D,1,1,D,13,8,2,3,5,4,1,2,0,0,PL,23_22,4,9,1.4,2.4,1.6,1.2,-5,-0.20000000000000018,1.2
2022-02-13,Tottenham,Wolves,0,2,A,0,2,A,17,11,7,7,7,3,3,1,0,0,PL,23_22,7,10,1.4,1.6,1.2,0.6,-3,0.19999999999999996,1.0
2022-02-13,Milan,Sampdoria,1,0,H,1,0,H,15,4,7,1,4,0,3,1,0,0,SA,21_22,10,3,1.8,0.8,1.2,1.2,7,0.6000000000000001,-0.3999999999999999
2022-02-13,Verona,Udinese,4,0,H,2,0,H,6,21,5,7,2,7,3,1,0,0,SA,21_22,9,7,1.8,1.6,1.6,1.6,2,0.19999999999999996,0.0
2022-02-13,Sassuolo,Roma,2,2,D,0,1,A,12,12,3,7,4,3,4,2,1,0,SA,21_22,5,7,1.8,2.2,1.8,1.8,-2,0.0,0.40000000000000013
2022-02-13,Atalanta,Juventus,1,1,D,0,0,D,21,15,3,6,8,8,2,3,0,0,SA,21_22,6,11,1.4,0.8,1.8,0.8,-5,-0.40000000000000013,0.0
2022-02-14,Mallorca,Ath Bilbao,3,2,H,2,0,H,16,7,5,2,6,6,6,4,0,0,LL,21_22,3,10,0.6,2.2,1.4,0.8,-7,-0.7999999999999999,1.4000000000000001
2022-02-14,Spezia,Fiorentina,1,2,A,0,1,A,9,21,1,4,4,8,2,1,0,0,SA,21_22,10,5,1.4,1.0,1.6,1.8,5,-0.20000000000000018,-0.8
2022-02-15,Man United,Brighton,2,0,H,0,0,D,19,10,7,3,10,2,3,1,0,1,PL,23_22,9,9,1.6,1.0,1.6,1.0,0,0.0,0.0
2022-02-16,Ath Madrid,Levante,0,1,A,0,0,D,10,8,1,5,5,3,3,4,0,0,LL,21_22,10,3,2.6,2.2,0.8,2.8,7,1.8,-0.5999999999999996
2022-02-18,Juventus,Torino,1,1,D,1,0,H,11,10,3,3,7,9,1,2,0,0,SA,21_22,11,7,1.8,0.8,1.6,1.2,4,0.19999999999999996,-0.3999999999999999
2022-02-18,Elche,Vallecano,2,1,H,0,0,D,9,13,5,2,2,3,2,4,0,0,LL,21_22,10,1,1.6,1.2,0.2,1.8,9,1.4000000000000001,-0.6000000000000001
2022-02-19,Arsenal,Brentford,2,1,H,0,0,D,24,6,8,2,14,0,1,1,0,0,PL,23_22,10,1,2.2,0.6,0.4,2.0,9,1.8000000000000003,-1.4
2022-02-19,Southampton,Everton,2,0,H,0,0,D,19,9,11,0,4,4,0,2,0,0,PL,23_22,8,3,2.0,1.6,1.4,1.8,5,0.6000000000000001,-0.19999999999999996
2022-02-19,Roma,Verona,2,2,D,0,2,A,7,5,3,3,4,2,3,2,0,0,SA,21_22,8,9,2.0,1.6,2.2,1.4,-1,-0.20000000000000018,0.20000000000000018
2022-02-19,Sampdoria,Empoli,2,0,H,2,0,H,8,10,3,2,3,6,4,2,0,0,SA,21_22,3,3,1.0,1.0,1.0,2.2,0,0.0,-1.2000000000000002
2022-02-19,Liverpool,Norwich,3,1,H,0,0,D,29,6,8,1,9,4,0,1,0,0,PL,23_22,13,7,2.2,0.6,1.2,1.6,6,1.0000000000000002,-1.0
2022-02-19,Crystal Palace,Chelsea,0,1,A,0,0,D,7,9,0,3,4,4,1,3,0,0,PL,23_22,3,6,1.0,1.6,1.2,1.0,-3,-0.19999999999999996,0.6000000000000001
2022-02-19,Brighton,Burnley,0,3,A,0,2,A,11,10,1,4,4,4,1,4,0,0,PL,23_22,6,3,1.0,1.0,0.4,1.0,3,0.6,0.0
2022-02-19,Salernitana,Milan,2,2,D,1,1,D,9,14,5,5,4,7,2,4,0,0,SA,21_22,5,10,1.2,2.2,1.4,0.6,-5,-0.19999999999999996,1.6
2022-02-19,Aston Villa,Watford,0,1,A,0,0,D,20,8,1,4,10,5,1,2,0,0,PL,23_22,5,2,1.4,1.6,0.2,1.4,3,1.2,0.20000000000000018
2022-02-19,Man City,Tottenham,2,3,A,1,1,D,21,6,4,5,10,0,0,3,0,0,PL,23_22,13,6,2.0,0.4,1.2,1.8,7,0.8,-1.4
2022-02-19,West Ham,Newcastle,1,1,D,1,1,D,11,14,3,3,3,7,3,3,0,0,PL,23_22,7,11,1.4,1.2,1.4,0.6,-4,0.0,0.6
2022-02-19,Granada,Villarreal,1,4,A,0,2,A,20,15,5,7,9,2,3,6,0,0,LL,21_22,1,8,0.6,2.0,1.4,0.6,-7,-0.7999999999999999,1.4
2022-02-19,Cadiz,Getafe,1,1,D,1,1,D,9,6,2,1,7,2,3,4,0,0,LL,21_22,5,7,1.0,1.2,2.0,1.4,-2,-1.0,-0.19999999999999996
2022-02-19,Real Madrid,Alaves,3,0,H,0,0,D,22,7,9,2,7,1,1,1,0,0,LL,21_22,8,4,1.4,0.8,0.6,1.8,4,0.7999999999999999,-1.0
2022-02-19,Osasuna,Ath Madrid,0,3,A,0,1,A,14,5,4,4,4,2,1,2,0,0,LL,21_22,10,7,1.4,0.4,2.2,2.4,3,-0.8000000000000003,-2.0
2022-02-20,Wolves,Leicester,2,1,H,1,1,D,11,17,3,7,7,10,4,4,0,0,PL,23_22,12,5,1.6,0.6,1.2,1.6,7,0.40000000000000013,-1.0
2022-02-20,Leeds,Man United,2,4,A,0,2,A,16,15,6,9,3,3,6,3,0,0,PL,23_22,7,11,1.8,2.0,1.6,0.6,-4,0.19999999999999996,1.4
2022-02-20,Udinese,Lazio,1,1,D,1,1,D,12,10,2,2,2,12,3,2,0,0,SA,21_22,4,10,0.8,2.4,2.0,0.4,-6,-1.2,2.0
2022-02-20,Venezia,Genoa,1,1,D,1,1,D,15,12,4,3,6,5,2,2,0,0,SA,21_22,4,3,0.8,1.8,0.2,1.6,1,0.6000000000000001,0.19999999999999996
2022-02-20,Fiorentina,Atalanta,1,0,H,0,0,D,6,7,3,1,2,1,2,5,0,0,SA,21_22,7,6,1.8,1.8,1.6,1.0,1,0.19999999999999996,0.8
2022-02-20,Inter,Sassuolo,0,2,A,0,2,A,29,13,8,5,8,3,1,2,0,0,SA,21_22,8,5,1.2,1.0,2.0,2.4,3,-0.8,-1.4
2022-02-20,Ath Bilbao,Sociedad,4,0,H,0,0,D,18,9,8,2,6,4,4,1,0,0,LL,21_22,10,9,1.6,1.0,0.8,0.2,1,0.8,0.8
2022-02-20,Betis,Mallorca,2,1,H,1,0,H,14,10,5,1,4,7,3,2,0,0,LL,21_22,10,6,2.6,1.2,1.0,1.8,4,1.6,-0.6000000000000001
2022-02-20,Valencia,Barcelona,1,4,A,0,3,A,11,6,5,6,8,3,3,4,0,0,LL,21_22,2,11,1.0,2.0,1.8,1.0,-9,-0.8,1.0
2022-02-20,Espanol,Sevilla,1,1,D,0,1,A,11,7,4,2,3,7,4,5,0,1,LL,21_22,2,9,1.4,2.4,1.2,0.6,-7,0.19999999999999996,1.7999999999999998
2022-02-21,Celta,Levante,1,1,D,0,0,D,8,13,4,3,2,5,3,5,0,0,LL,21_22,8,6,1.2,0.6,1.0,1.8,2,0.19999999999999996,-1.2000000000000002
2022-02-21,Cagliari,Napoli,1,1,D,0,0,D,13,7,5,3,3,6,1,2,0,0,SA,21_22,8,13,1.2,1.0,2.0,0.4,-5,-0.8,0.6
2022-02-21,Bologna,Spezia,2,1,H,1,1,D,19,6,7,2,11,0,1,1,0,0,SA,21_22,1,10,0.4,1.8,1.4,1.0,-9,-0.9999999999999999,0.8
2022-02-23,Burnley,Tottenham,1,0,H,0,0,D,15,12,4,2,3,7,0,0,0,0,PL,23_22,6,6,0.8,0.4,1.6,2.2,0,-0.8,-1.8000000000000003
2022-02-23,Watford,Crystal Palace,1,4,A,1,2,A,8,7,1,5,6,4,2,1,0,0,PL,23_22,4,3,0.2,1.2,0.6,1.2,1,-0.39999999999999997,0.0
2022-02-23,Liverpool,Leeds,6,0,H,3,0,H,23,3,15,2,4,0,0,3,0,0,PL,23_22,15,4,2.4,0.4,1.6,2.6,11,0.7999999999999998,-2.2
2022-02-24,Arsenal,Wolves,2,1,H,0,1,A,26,6,5,2,5,4,1,1,0,0,PL,23_22,10,12,1.8,0.6,1.8,0.8,-2,0.0,-0.20000000000000007
2022-02-25,Levante,Elche,3,0,H,1,0,H,11,8,4,3,3,3,1,2,0,1,LL,21_22,4,10,0.8,2.0,1.6,1.2,-6,-0.8,0.8
2022-02-25,Genoa,Inter,0,0,D,0,0,D,7,21,1,4,0,14,2,1,0,0,SA,21_22,4,5,0.4,1.6,0.8,1.2,-1,-0.4,0.40000000000000013
2022-02-25,Southampton,Norwich,2,0,H,1,0,H,27,8,9,1,13,6,1,2,0,0,PL,23_22,8,7,1.6,1.4,1.4,1.8,1,0.20000000000000018,-0.40000000000000013
2022-02-25,Milan,Udinese,1,1,D,1,0,H,9,11,3,6,5,4,2,4,0,0,SA,21_22,8,5,1.2,1.0,0.6,1.4,3,0.6,-0.3999999999999999
2022-02-26,Getafe,Alaves,2,2,D,0,1,A,12,7,3,3,6,1,2,4,1,0,LL,21_22,8,3,2.2,1.4,0.6,2.4,5,1.6,-1.0
2022-02-26,Mallorca,Valencia,0,1,A,0,1,A,23,8,3,4,14,1,4,6,0,1,LL,21_22,6,2,1.2,2.0,1.0,2.0,4,0.19999999999999996,0.0
2022-02-26,Everton,Man City,0,1,A,0,0,D,6,13,2,8,3,4,3,2,0,0,PL,23_22,3,10,1.0,1.6,2.0,0.8,-7,-1.0,0.8
2022-02-26,Man United,Watford,0,0,D,0,0,D,22,10,3,2,4,3,0,0,0,0,PL,23_22,11,4,1.8,0.8,0.4,1.4,7,1.4,-0.5999999999999999
2022-02-26,Crystal Palace,Burnley,1,1,D,1,0,H,11,5,4,1,5,4,0,2,0,0,PL,23_22,5,8,1.2,1.2,1.0,0.4,-3,0.19999999999999996,0.7999999999999999
2022-02-26,Brentford,Newcastle,0,2,A,0,2,A,6,26,1,11,6,6,3,1,1,0,PL,23_22,1,11,0.6,1.8,1.4,0.6,-10,-0.7999999999999999,1.2000000000000002
2022-02-26,Leeds,Tottenham,0,4,A,0,3,A,19,15,3,11,3,6,4,2,0,0,PL,23_22,1,3,1.0,3.4,1.0,2.0,-2,0.0,1.4
2022-02-26,Vallecano,Real Madrid,0,1,A,0,0,D,19,13,5,6,5,9,5,3,0,0,LL,21_22,1,11,0.4,1.8,2.0,0.6,-10,-1.6,1.2000000000000002
2022-02-26,Ath Madrid,Celta,2,0,H,1,0,H,13,16,6,2,5,9,4,3,0,0,LL,21_22,9,9,2.4,2.0,1.4,0.6,0,1.0,1.4
2022-02-26,Sassuolo,Fiorentina,2,1,H,1,0,H,16,15,6,6,6,10,1,1,0,1,SA,21_22,5,10,1.4,2.2,2.0,1.0,-5,-0.6000000000000001,1.2000000000000002
2022-02-26,Empoli,Juventus,2,3,A,1,2,A,11,12,2,5,7,3,2,0,0,0,SA,21_22,3,9,0.8,1.6,1.2,0.4,-6,-0.3999999999999999,1.2000000000000002
2022-02-26,Salernitana,Bologna,1,1,D,0,1,A,15,8,4,3,6,1,2,3,0,0,SA,21_22,3,4,1.2,2.4,0.6,1.6,-1,0.6,0.7999999999999998
2022-02-26,Brighton,Aston Villa,0,2,A,0,1,A,12,9,1,4,7,2,4,5,0,0,PL,23_22,5,5,0.8,1.4,1.2,1.4,0,-0.3999999999999999,0.0
2022-02-27,West Ham,Wolves,1,0,H,0,0,D,13,14,4,1,3,5,1,0,0,0,PL,23_22,5,9,1.2,1.4,1.4,1.0,-4,-0.19999999999999996,0.3999999999999999
2022-02-27,Verona,Venezia,3,1,H,0,0,D,19,9,11,4,5,5,0,1,0,0,SA,21_22,10,5,2.4,1.4,1.0,1.4,5,1.4,0.0
2022-02-27,Torino,Cagliari,1,2,A,0,1,A,15,11,6,5,4,3,2,4,0,0,SA,21_22,5,6,1.0,1.4,1.0,1.0,-1,0.0,0.3999999999999999
2022-02-27,Lazio,Napoli,1,2,A,0,0,D,13,15,8,7,1,5,3,2,0,0,SA,21_22,11,11,2.0,0.2,2.0,0.6,0,0.0,-0.39999999999999997
2022-02-27,Spezia,Roma,0,1,A,0,0,D,9,31,3,10,1,8,5,3,1,0,SA,21_22,7,9,1.4,1.4,1.8,1.2,-2,-0.40000000000000013,0.19999999999999996
2022-02-27,Sociedad,Osasuna,1,0,H,0,0,D,11,11,5,1,6,5,0,4,0,0,LL,21_22,8,7,0.6,0.8,1.0,1.0,1,-0.4,-0.19999999999999996
2022-02-27,Sevilla,Betis,2,1,H,2,0,H,12,10,3,2,4,4,6,3,0,0,LL,21_22,7,12,1.2,0.8,2.8,1.2,-5,-1.5999999999999999,-0.3999999999999999
2022-02-27,Villarreal,Espanol,5,1,H,3,0,H,19,7,11,2,10,3,2,1,0,0,LL,21_22,10,3,1.8,0.4,1.4,2.2,7,0.40000000000000013,-1.8000000000000003
2022-02-27,Barcelona,Ath Bilbao,4,0,H,1,0,H,17,6,7,3,5,0,2,1,0,0,LL,21_22,11,10,2.4,1.2,1.8,0.8,1,0.5999999999999999,0.3999999999999999
2022-02-28,Granada,Cadiz,0,0,D,0,0,D,6,12,1,4,0,4,3,3,1,0,LL,21_22,0,6,0.6,2.6,1.2,1.0,-6,-0.6,1.6
2022-02-28,Atalanta,Sampdoria,4,0,H,2,0,H,19,6,9,1,8,1,1,2,0,0,SA,21_22,3,6,0.4,0.8,1.4,0.8,-3,-0.9999999999999999,0.0
2022-03-01,Burnley,Leicester,0,2,A,0,0,D,9,22,2,6,6,8,1,1,0,0,PL,23_22,8,2,1.2,0.6,1.2,2.0,6,0.0,-1.4
2022-03-02,Mallorca,Sociedad,0,2,A,0,1,A,13,13,1,3,3,4,0,2,0,0,LL,21_22,6,8,1.2,1.8,0.6,0.8,-2,0.6,1.0
2022-03-04,Alaves,Sevilla,0,0,D,0,0,D,14,13,2,4,5,5,3,1,0,0,LL,21_22,4,9,1.0,2.0,1.4,0.8,-5,-0.3999999999999999,1.2
2022-03-04,Inter,Salernitana,5,0,H,2,0,H,23,11,12,3,10,3,2,1,0,0,SA,21_22,5,4,0.8,1.2,1.4,2.0,1,-0.5999999999999999,-0.8
2022-03-05,Roma,Atalanta,1,0,H,1,0,H,13,7,4,4,6,3,6,4,1,1,SA,21_22,9,5,1.8,1.2,1.2,0.8,4,0.6000000000000001,0.3999999999999999
2022-03-05,Liverpool,West Ham,1,0,H,1,0,H,22,13,5,5,4,6,2,1,0,0,PL,23_22,15,8,3.0,0.4,1.0,0.8,7,2.0,-0.4
2022-03-05,Wolves,Crystal Palace,0,2,A,0,2,A,12,12,5,8,7,7,0,3,0,0,PL,23_22,6,6,1.0,1.0,1.2,0.8,0,-0.19999999999999996,0.19999999999999996
2022-03-05,Norwich,Brentford,1,3,A,0,1,A,15,10,7,6,5,5,2,5,0,0,PL,23_22,4,1,1.0,2.0,0.4,1.6,3,0.6,0.3999999999999999
2022-03-05,Cagliari,Lazio,0,3,A,0,2,A,16,13,3,5,7,6,3,2,0,1,SA,21_22,9,8,1.4,1.0,1.6,0.6,1,-0.20000000000000018,0.4
2022-03-05,Burnley,Chelsea,0,4,A,0,0,D,6,11,1,5,5,2,2,0,0,0,PL,23_22,7,8,1.0,0.8,1.2,0.8,-1,-0.19999999999999996,0.0
2022-03-05,Aston Villa,Southampton,4,0,H,2,0,H,14,11,9,1,4,7,1,1,0,0,PL,23_22,7,11,1.2,1.0,1.8,0.8,-4,-0.6000000000000001,0.19999999999999996
2022-03-05,Leicester,Leeds,1,0,H,0,0,D,7,19,4,4,5,10,1,2,0,0,PL,23_22,5,1,1.2,1.4,1.0,4.0,4,0.19999999999999996,-2.6
2022-03-05,Osasuna,Villarreal,1,0,H,0,0,D,12,10,3,1,6,8,1,0,0,0,LL,21_22,7,13,1.0,0.8,2.8,0.4,-6,-1.7999999999999998,0.4
2022-03-05,Espanol,Getafe,2,0,H,2,0,H,4,12,1,3,1,5,6,5,0,0,LL,21_22,2,6,1.2,2.8,1.8,1.4,-4,-0.6000000000000001,1.4
2022-03-05,Valencia,Granada,3,1,H,0,0,D,12,7,4,0,3,6,3,3,0,0,LL,21_22,4,1,1.0,1.8,0.2,1.8,3,0.8,0.0
2022-03-05,Real Madrid,Sociedad,4,1,H,2,1,H,18,1,8,1,7,1,0,2,0,0,LL,21_22,11,10,1.4,0.4,1.0,0.8,1,0.3999999999999999,-0.4
2022-03-05,Udinese,Sampdoria,2,1,H,2,1,H,19,8,5,4,11,4,5,2,0,0,SA,21_22,6,6,0.8,1.2,1.2,1.2,0,-0.3999999999999999,0.0
2022-03-05,Newcastle,Brighton,2,1,H,2,0,H,10,15,4,4,4,7,1,1,0,0,PL,23_22,13,4,1.6,0.4,0.6,1.6,9,1.0,-1.2000000000000002
2022-03-06,Bologna,Torino,0,0,D,0,0,D,6,13,1,2,5,7,3,3,0,0,SA,21_22,5,2,0.8,1.4,0.8,1.6,3,0.0,-0.20000000000000018
2022-03-06,Genoa,Empoli,0,0,D,0,0,D,18,8,7,2,7,2,4,3,0,0,SA,21_22,5,2,0.4,0.4,1.0,2.0,3,-0.6,-1.6
2022-03-06,Fiorentina,Verona,1,1,D,1,1,D,8,2,2,2,4,2,0,4,0,0,SA,21_22,7,10,1.0,1.4,2.2,1.2,-3,-1.2000000000000002,0.19999999999999996
2022-03-06,Juventus,Spezia,1,0,H,1,0,H,10,9,3,4,4,4,3,2,0,0,SA,21_22,9,4,1.4,0.8,1.0,1.4,5,0.3999999999999999,-0.5999999999999999
2022-03-06,Cadiz,Vallecano,2,0,H,0,0,D,13,14,7,3,5,6,5,3,0,0,LL,21_22,6,0,0.8,0.6,0.2,1.8,6,0.6000000000000001,-1.2000000000000002
2022-03-06,Elche,Barcelona,1,2,A,1,0,H,13,20,3,9,5,6,2,6,1,0,LL,21_22,7,13,1.4,1.8,3.0,1.0,-6,-1.6,0.8
2022-03-06,Celta,Mallorca,4,3,H,2,1,H,16,12,8,3,4,5,5,4,1,0,LL,21_22,6,6,1.0,1.0,1.2,1.6,0,-0.19999999999999996,-0.6000000000000001
2022-03-06,Betis,Ath Madrid,1,3,A,1,1,D,18,8,6,6,10,3,5,3,0,0,LL,21_22,9,9,2.2,1.6,2.2,1.6,0,0.0,0.0
2022-03-06,Watford,Arsenal,2,3,A,1,2,A,13,16,7,4,1,5,1,2,0,0,PL,23_22,4,10,0.4,1.4,1.2,0.8,-6,-0.7999999999999999,0.5999999999999999
2022-03-06,Man City,Man United,4,1,H,2,1,H,24,5,10,2,9,3,0,1,0,0,PL,23_22,10,9,2.0,0.8,1.6,0.8,1,0.3999999999999999,0.0
2022-03-06,Venezia,Sassuolo,1,4,A,1,3,A,16,16,5,10,8,6,4,1,0,0,SA,21_22,4,8,1.0,1.8,1.4,1.6,-4,-0.3999999999999999,0.19999999999999996
2022-03-06,Napoli,Milan,0,1,A,0,0,D,9,12,2,7,6,7,4,4,0,0,SA,21_22,11,9,2.0,0.8,1.2,0.8,2,0.8,0.0
2022-03-07,Tottenham,Everton,5,0,H,3,0,H,14,6,7,0,5,2,2,0,0,0,PL,23_22,6,3,1.8,1.6,0.8,1.4,3,1.0,0.20000000000000018
2022-03-07,Ath Bilbao,Levante,3,1,H,0,0,D,17,5,9,2,4,3,1,2,0,0,LL,21_22,9,7,1.8,1.6,1.4,1.6,2,0.40000000000000013,0.0
2022-03-10,Southampton,Newcastle,1,2,A,1,1,D,14,8,5,4,12,5,1,1,0,0,PL,23_22,10,13,1.6,1.4,1.8,0.6,-3,-0.19999999999999996,0.7999999999999999
2022-03-10,Wolves,Watford,4,0,H,3,0,H,10,9,5,0,5,2,2,2,0,0,PL,23_22,6,4,1.0,1.2,0.8,1.8,2,0.19999999999999996,-0.6000000000000001
2022-03-10,Leeds,Aston Villa,0,3,A,0,1,A,4,15,1,9,3,5,5,3,0,0,PL,23_22,0,7,0.4,3.6,1.8,1.0,-7,-1.4,2.6
2022-03-10,Norwich,Chelsea,1,3,A,0,2,A,9,15,3,7,3,8,0,2,0,0,PL,23_22,1,10,0.6,2.6,1.6,0.4,-9,-1.0,2.2
2022-03-11,Ath Madrid,Cadiz,2,1,H,1,1,D,6,14,5,3,0,4,4,1,1,0,LL,21_22,12,6,2.4,1.0,0.8,0.6,6,1.5999999999999999,0.4
2022-03-12,Granada,Elche,0,1,A,0,1,A,15,13,4,2,3,3,3,6,0,0,LL,21_22,1,6,0.4,2.0,1.2,1.8,-5,-0.7999999999999999,0.19999999999999996
2022-03-12,Villarreal,Celta,1,0,H,0,0,D,10,12,3,2,5,6,1,1,0,0,LL,21_22,10,8,2.2,0.6,1.4,1.2,2,0.8000000000000003,-0.6
2022-03-12,Getafe,Valencia,0,0,D,0,0,D,16,6,6,0,5,3,6,5,0,0,LL,21_22,5,7,1.8,1.8,1.2,1.4,-2,0.6000000000000001,0.40000000000000013
2022-03-12,Sampdoria,Juventus,1,3,A,0,2,A,16,6,5,3,9,0,0,2,0,0,SA,21_22,6,11,1.4,1.4,1.6,0.8,-5,-0.20000000000000018,0.5999999999999999
2022-03-12,Milan,Empoli,1,0,H,1,0,H,15,5,5,2,5,4,1,0,0,0,SA,21_22,11,3,1.4,0.8,0.6,1.2,8,0.7999999999999999,-0.3999999999999999
2022-03-12,Salernitana,Sassuolo,2,2,D,1,2,A,15,20,5,7,5,5,2,4,0,1,SA,21_22,4,10,1.2,2.2,2.0,1.6,-6,-0.8,0.6000000000000001
2022-03-12,Spezia,Cagliari,2,0,H,0,0,D,12,11,7,1,8,7,1,4,0,0,SA,21_22,1,8,0.8,1.6,1.2,1.4,-7,-0.3999999999999999,0.20000000000000018
2022-03-12,Brighton,Liverpool,0,2,A,0,1,A,8,18,3,9,7,6,3,1,0,0,PL,23_22,3,15,0.6,1.8,2.6,0.2,-12,-2.0,1.6
2022-03-12,Levante,Espanol,1,1,D,0,0,D,14,6,3,1,8,2,4,4,0,0,LL,21_22,7,5,1.6,1.6,1.4,2.0,2,0.20000000000000018,-0.3999999999999999
2022-03-12,Brentford,Burnley,2,0,H,0,0,D,13,7,4,1,2,9,1,1,0,1,PL,23_22,4,7,0.8,1.4,1.0,1.4,-3,-0.19999999999999996,0.0
2022-03-12,Man United,Tottenham,3,2,H,2,1,H,10,10,6,3,4,5,2,1,0,0,PL,23_22,8,9,1.6,1.4,2.4,1.0,-1,-0.7999999999999998,0.3999999999999999
2022-03-13,Leeds,Norwich,2,1,H,1,0,H,13,12,7,4,6,2,3,1,0,0,PL,23_22,0,0,0.4,3.6,0.6,3.0,0,-0.19999999999999996,0.6000000000000001
2022-03-13,Everton,Wolves,0,1,A,0,0,D,8,14,2,3,5,2,2,1,1,0,PL,23_22,3,6,0.8,2.2,1.4,1.2,-3,-0.5999999999999999,1.0000000000000002
2022-03-13,Southampton,Watford,1,2,A,1,2,A,13,9,7,5,11,3,3,2,0,0,PL,23_22,7,4,1.2,1.4,0.8,2.2,3,0.3999999999999999,-0.8000000000000003
2022-03-13,Torino,Inter,1,1,D,1,0,H,13,15,4,7,3,4,1,5,0,0,SA,21_22,2,5,0.6,1.4,1.4,1.0,-3,-0.7999999999999999,0.3999999999999999
2022-03-13,Arsenal,Leicester,2,0,H,1,0,H,21,6,8,3,2,6,0,3,0,0,PL,23_22,13,7,1.6,0.8,1.2,1.2,6,0.40000000000000013,-0.3999999999999999
2022-03-13,Fiorentina,Bologna,1,0,H,0,0,D,14,4,5,0,9,1,1,5,0,1,SA,21_22,7,6,1.0,1.4,0.6,1.0,1,0.4,0.3999999999999999
2022-03-13,Chelsea,Newcastle,1,0,H,0,0,D,8,7,3,2,7,2,4,3,0,0,PL,23_22,13,13,2.2,0.4,1.6,0.6,0,0.6000000000000001,-0.19999999999999996
2022-03-13,West Ham,Aston Villa,2,1,H,0,0,D,11,13,4,7,5,7,1,0,0,0,PL,23_22,8,9,1.0,0.8,1.8,0.4,-1,-0.8,0.4
2022-03-13,Udinese,Roma,1,1,D,1,0,H,11,10,5,2,6,4,3,2,0,0,SA,21_22,8,9,1.2,1.4,1.2,0.8,-1,0.0,0.5999999999999999
2022-03-13,Atalanta,Genoa,0,0,D,0,0,D,11,13,2,3,4,3,2,0,0,0,SA,21_22,4,5,1.2,1.0,0.4,0.4,-1,0.7999999999999999,0.6
2022-03-13,Vallecano,Sevilla,1,1,D,0,0,D,10,3,2,2,5,6,0,1,0,0,LL,21_22,0,9,0.2,2.0,1.0,0.4,-9,-0.8,1.6
2022-03-13,Betis,Ath Bilbao,1,0,H,1,0,H,8,11,5,2,5,6,4,5,1,0,LL,21_22,6,9,1.6,2.0,2.2,1.8,-3,-0.6000000000000001,0.19999999999999996
2022-03-13,Sociedad,Alaves,1,0,H,0,0,D,15,13,6,4,6,4,1,1,0,0,LL,21_22,9,5,1.2,1.6,1.0,1.8,4,0.19999999999999996,-0.19999999999999996
2022-03-13,Verona,Napoli,1,2,A,0,1,A,8,13,1,4,3,5,6,0,2,0,SA,21_22,8,8,2.0,1.2,1.2,0.8,0,0.8,0.3999999999999999
2022-03-13,Barcelona,Osasuna,4,0,H,3,0,H,24,4,9,3,5,1,0,4,0,0,LL,21_22,13,7,3.2,1.2,0.8,0.8,6,2.4000000000000004,0.3999999999999999
2022-03-14,Lazio,Venezia,1,0,H,0,0,D,10,7,1,2,8,4,1,1,0,0,SA,21_22,10,4,2.2,0.6,1.0,2.2,6,1.2000000000000002,-1.6
2022-03-14,Crystal Palace,Man City,0,0,D,0,0,D,7,18,1,4,2,6,3,1,0,0,PL,23_22,8,12,1.4,0.6,2.6,0.8,-4,-1.2000000000000002,-0.20000000000000007
2022-03-14,Mallorca,Real Madrid,0,3,A,0,0,D,14,11,3,5,1,6,3,3,0,0,LL,21_22,3,13,1.4,2.2,1.8,0.2,-10,-0.40000000000000013,2.0
2022-03-16,Arsenal,Liverpool,0,2,A,0,0,D,9,9,2,3,1,6,0,1,0,0,PL,23_22,15,15,2.0,0.8,2.6,0.2,0,-0.6000000000000001,0.6000000000000001
2022-03-16,Brighton,Tottenham,0,2,A,0,1,A,15,17,0,7,6,3,2,2,0,0,PL,23_22,0,9,0.2,2.2,2.8,1.2,-9,-2.5999999999999996,1.0000000000000002
2022-03-17,Everton,Newcastle,1,0,H,0,0,D,9,17,3,6,5,7,2,1,1,0,PL,23_22,3,10,0.6,1.8,1.4,0.8,-7,-0.7999999999999999,1.0
2022-03-18,Wolves,Leeds,2,3,A,2,0,H,14,15,8,6,2,5,1,4,1,0,PL,23_22,6,3,1.2,1.0,0.4,3.0,3,0.7999999999999999,-2.0
2022-03-18,Genoa,Torino,1,0,H,1,0,H,7,9,2,3,2,3,3,3,1,0,SA,21_22,5,3,0.4,0.4,0.8,1.2,2,-0.4,-0.7999999999999999
2022-03-18,Sassuolo,Spezia,4,1,H,1,1,D,16,5,7,1,6,2,2,3,0,0,SA,21_22,11,3,2.4,1.2,0.8,1.2,8,1.5999999999999999,0.0
2022-03-18,Ath Bilbao,Getafe,1,1,D,1,1,D,22,7,11,2,8,2,4,5,0,2,LL,21_22,6,3,1.8,1.8,1.2,1.8,3,0.6000000000000001,0.0
2022-03-19,Alaves,Granada,2,3,A,0,0,D,11,12,6,3,6,2,4,6,0,1,LL,21_22,5,1,0.8,1.4,0.4,2.0,4,0.4,-0.6000000000000001
2022-03-19,Elche,Valencia,0,1,A,0,0,D,8,8,2,3,4,2,3,3,1,0,LL,21_22,6,7,0.8,1.6,1.2,1.4,-1,-0.3999999999999999,0.20000000000000018
2022-03-19,Osasuna,Levante,3,1,H,1,0,H,20,13,7,4,6,1,0,1,0,0,LL,21_22,6,8,0.8,1.6,1.4,1.0,-2,-0.5999999999999999,0.6000000000000001
2022-03-19,Vallecano,Ath Madrid,0,1,A,0,0,D,15,11,3,3,3,6,0,0,0,1,LL,21_22,1,12,0.4,1.8,2.0,0.6,-11,-1.6,1.2000000000000002
2022-03-19,Aston Villa,Arsenal,0,1,A,0,1,A,8,10,1,3,6,5,3,3,0,0,PL,23_22,9,12,2.0,0.6,1.8,1.2,-3,0.19999999999999996,-0.6
2022-03-19,Napoli,Udinese,2,1,H,0,1,A,20,10,8,3,7,4,2,2,0,1,SA,21_22,8,6,1.2,1.0,1.0,1.6,2,0.19999999999999996,-0.6000000000000001
2022-03-19,Inter,Fiorentina,1,1,D,0,0,D,13,17,5,4,5,3,1,2,0,0,SA,21_22,6,10,1.4,0.8,1.2,0.8,-4,0.19999999999999996,0.0
2022-03-19,Cagliari,Milan,0,1,A,0,0,D,13,21,1,5,6,5,1,0,0,0,SA,21_22,5,11,0.8,1.6,1.2,0.6,-6,-0.3999999999999999,1.0
2022-03-20,Leicester,Brentford,2,1,H,2,0,H,12,15,4,6,2,5,1,2,0,0,PL,23_22,7,7,1.2,1.2,1.2,1.0,0,0.0,0.19999999999999996
2022-03-20,Tottenham,West Ham,3,1,H,2,1,H,17,6,4,1,5,3,0,1,0,0,PL,23_22,9,8,2.6,0.8,1.2,1.0,1,1.4000000000000001,-0.19999999999999996
2022-03-20,Bologna,Atalanta,0,1,A,0,0,D,12,15,3,2,6,3,0,1,0,0,SA,21_22,5,5,0.6,1.2,1.0,0.6,0,-0.4,0.6
2022-03-20,Venezia,Sampdoria,0,2,A,0,2,A,13,8,1,4,3,4,5,1,1,0,SA,21_22,4,3,1.0,2.0,0.8,2.0,1,0.19999999999999996,0.0
2022-03-20,Celta,Betis,0,0,D,0,0,D,9,7,3,1,2,2,1,2,0,0,LL,21_22,5,9,1.0,1.4,1.8,1.6,-4,-0.8,-0.20000000000000018
2022-03-20,Espanol,Mallorca,1,0,H,1,0,H,12,9,3,3,6,6,3,3,0,0,LL,21_22,6,0,1.4,1.8,0.8,2.4,6,0.5999999999999999,-0.5999999999999999
2022-03-20,Roma,Lazio,3,0,H,3,0,H,11,9,5,3,6,3,4,3,0,0,SA,21_22,9,10,1.4,1.0,1.8,0.6,-1,-0.40000000000000013,0.4
2022-03-20,Juventus,Salernitana,2,0,H,2,0,H,12,12,7,4,5,5,3,2,0,0,SA,21_22,11,4,1.8,1.0,1.2,2.2,7,0.6000000000000001,-1.2000000000000002
2022-03-20,Empoli,Verona,1,1,D,1,0,H,7,14,2,4,3,7,2,3,0,0,SA,21_22,2,8,0.6,1.4,2.2,1.2,-6,-1.6,0.19999999999999996
2022-03-20,Sevilla,Sociedad,0,0,D,0,0,D,10,13,0,2,7,3,0,3,0,0,LL,21_22,9,9,1.2,0.6,1.0,1.6,0,0.19999999999999996,-1.0
2022-03-20,Real Madrid,Barcelona,0,4,A,0,2,A,14,18,4,10,4,3,4,4,0,0,LL,21_22,13,13,2.2,0.2,3.2,0.8,0,-1.0,-0.6000000000000001
2022-03-20,Cadiz,Villarreal,1,0,H,0,0,D,16,3,7,1,6,3,3,2,0,0,LL,21_22,6,10,0.8,0.6,2.0,0.6,-4,-1.2,0.0
2022-04-02,Man United,Leicester,1,1,D,0,0,D,11,11,5,3,6,5,2,2,0,0,PL,23_22,10,9,2.0,1.6,1.2,1.0,1,0.8,0.6000000000000001
2022-04-02,Wolves,Aston Villa,2,1,H,2,0,H,11,15,5,5,4,9,4,3,0,0,PL,23_22,6,9,1.4,1.2,2.0,0.6,-3,-0.6000000000000001,0.6
2022-04-02,Leeds,Southampton,1,1,D,1,0,H,12,14,3,6,4,7,1,1,0,0,PL,23_22,6,6,1.0,2.2,1.2,1.6,0,-0.19999999999999996,0.6000000000000001
2022-04-02,Chelsea,Brentford,1,4,A,0,0,D,21,17,8,6,12,7,0,0,0,0,PL,23_22,15,6,2.2,0.2,1.4,1.4,9,0.8000000000000003,-1.2
2022-04-02,Burnley,Man City,0,2,A,0,2,A,3,18,1,6,1,8,1,0,0,0,PL,23_22,4,10,0.4,1.8,2.2,0.8,-6,-1.8000000000000003,1.0
2022-04-02,Liverpool,Watford,2,0,H,1,0,H,20,5,3,2,9,3,1,1,0,0,PL,23_22,15,4,2.8,0.2,1.0,2.4,11,1.7999999999999998,-2.1999999999999997
2022-04-02,Getafe,Mallorca,1,0,H,0,0,D,16,7,3,1,5,1,5,6,0,1,LL,21_22,4,0,0.8,1.2,0.6,2.2,4,0.20000000000000007,-1.0000000000000002
2022-04-02,Levante,Villarreal,2,0,H,0,0,D,13,13,4,2,1,8,4,2,0,0,LL,21_22,5,9,1.4,1.6,2.0,0.8,-4,-0.6000000000000001,0.8
2022-04-02,Celta,Real Madrid,1,2,A,0,1,A,10,12,4,6,9,3,3,0,0,0,LL,21_22,5,12,1.0,1.4,2.2,1.0,-7,-1.2000000000000002,0.3999999999999999
2022-04-02,Ath Madrid,Alaves,4,1,H,1,0,H,14,7,8,1,8,2,1,0,0,0,LL,21_22,15,2,2.2,0.4,0.8,1.8,13,1.4000000000000001,-1.4
2022-04-02,Salernitana,Torino,0,1,A,0,1,A,14,8,3,5,9,2,5,4,1,0,SA,21_22,3,3,1.0,2.4,0.6,1.0,0,0.4,1.4
2022-04-02,Lazio,Sassuolo,2,1,H,1,0,H,14,20,5,5,4,3,1,3,0,0,SA,21_22,7,13,1.2,1.2,2.8,1.0,-6,-1.5999999999999999,0.19999999999999996
2022-04-02,Spezia,Venezia,1,0,H,0,0,D,11,13,5,2,5,2,3,1,0,0,SA,21_22,3,1,0.8,1.6,0.6,2.2,2,0.20000000000000007,-0.6000000000000001
2022-04-02,Brighton,Norwich,0,0,D,0,0,D,31,6,4,0,11,2,1,1,0,0,PL,23_22,0,0,0.2,2.2,0.8,2.6,0,-0.6000000000000001,-0.3999999999999999
2022-04-03,Ath Bilbao,Elche,2,1,H,1,0,H,16,6,6,2,7,4,2,4,0,0,LL,21_22,7,6,1.6,1.4,0.8,1.4,1,0.8,0.0
2022-04-03,Betis,Osasuna,4,1,H,2,0,H,24,10,8,3,11,7,1,3,0,0,LL,21_22,7,6,1.0,1.2,0.8,1.8,1,0.19999999999999996,-0.6000000000000001
2022-04-03,Granada,Vallecano,2,2,D,0,2,A,17,10,9,4,5,4,4,5,0,1,LL,21_22,4,1,1.0,2.0,0.4,1.4,3,0.6,0.6000000000000001
2022-04-03,West Ham,Everton,2,1,H,1,0,H,11,13,5,2,2,4,1,1,0,1,PL,23_22,7,3,1.0,1.2,0.2,1.8,4,0.8,-0.6000000000000001
2022-04-03,Barcelona,Sevilla,1,0,H,0,0,D,19,8,6,3,9,2,3,3,0,0,LL,21_22,15,7,3.6,0.4,0.8,0.6,8,2.8,-0.19999999999999996
2022-04-03,Juventus,Inter,0,1,A,0,1,A,23,5,5,1,8,1,4,4,0,0,SA,21_22,13,6,2.0,0.8,1.4,0.8,7,0.6000000000000001,0.0
2022-04-03,Sampdoria,Roma,0,1,A,0,1,A,8,6,3,1,4,4,2,3,0,0,SA,21_22,6,11,1.2,1.8,1.6,0.6,-5,-0.40000000000000013,1.2000000000000002
2022-04-03,Udinese,Cagliari,5,1,H,2,1,H,24,6,11,3,2,2,2,4,0,1,SA,21_22,6,4,1.2,1.2,0.6,1.6,2,0.6,-0.40000000000000013
2022-04-03,Atalanta,Napoli,1,3,A,0,2,A,19,6,3,5,9,1,2,3,0,0,SA,21_22,7,10,1.0,0.4,1.4,1.0,-3,-0.3999999999999999,-0.6
2022-04-03,Fiorentina,Empoli,1,0,H,0,0,D,24,5,11,1,5,0,1,3,0,1,SA,21_22,8,2,1.0,0.8,0.6,1.4,6,0.4,-0.5999999999999999
2022-04-03,Tottenham,Newcastle,5,1,H,1,1,D,19,8,6,1,2,3,2,3,0,0,PL,23_22,12,9,3.2,0.8,1.2,0.8,3,2.0,0.0
2022-04-03,Valencia,Cadiz,0,0,D,0,0,D,5,4,1,3,4,3,3,6,0,1,LL,21_22,10,8,1.2,1.0,1.0,0.6,2,0.19999999999999996,0.4
2022-04-04,Sociedad,Espanol,1,0,H,0,0,D,17,8,6,2,6,0,2,4,0,0,LL,21_22,10,8,1.0,0.8,1.2,1.4,2,-0.19999999999999996,-0.5999999999999999
2022-04-04,Crystal Palace,Arsenal,3,0,H,2,0,H,6,12,5,3,0,2,0,2,0,0,PL,23_22,8,12,1.4,0.6,1.6,1.0,-4,-0.20000000000000018,-0.4
2022-04-04,Milan,Bologna,0,0,D,0,0,D,33,8,7,4,9,2,0,2,0,0,SA,21_22,11,5,1.2,0.6,0.6,0.8,6,0.6,-0.20000000000000007
2022-04-04,Verona,Genoa,1,0,H,1,0,H,7,7,3,4,2,5,4,3,0,0,SA,21_22,6,7,1.6,1.4,0.4,0.2,-1,1.2000000000000002,1.2
2022-04-06,Burnley,Everton,3,2,H,1,2,A,13,16,4,4,9,6,2,2,0,0,PL,23_22,1,3,0.2,2.2,0.4,1.8,-2,-0.2,0.40000000000000013
2022-04-08,Newcastle,Wolves,1,0,H,0,0,D,12,5,4,2,1,2,1,1,0,0,PL,23_22,6,9,1.0,1.8,1.8,1.2,-3,-0.8,0.6000000000000001
2022-04-08,Sevilla,Granada,4,2,H,1,1,D,16,15,8,5,14,3,2,2,0,0,LL,21_22,6,5,0.6,0.6,1.2,1.6,1,-0.6,-1.0
2022-04-09,Villarreal,Ath Bilbao,1,1,D,0,1,A,11,12,5,6,7,2,2,3,0,0,LL,21_22,6,7,1.2,1.0,1.2,1.6,-1,0.0,-0.6000000000000001
2022-04-09,Aston Villa,Tottenham,0,4,A,0,1,A,9,11,8,5,9,3,2,3,0,0,PL,23_22,6,12,1.8,1.0,3.4,1.0,-6,-1.5999999999999999,0.0
2022-04-09,Watford,Leeds,0,3,A,0,1,A,8,10,1,5,3,8,2,0,0,0,PL,23_22,4,7,0.8,2.0,1.2,1.6,-3,-0.3999999999999999,0.3999999999999999
2022-04-09,Southampton,Chelsea,0,6,A,0,4,A,4,24,1,14,3,3,1,0,0,0,PL,23_22,4,12,1.0,1.8,2.0,1.0,-8,-1.0,0.8
2022-04-09,Arsenal,Brighton,1,2,A,0,1,A,20,8,4,3,11,2,3,4,0,0,PL,23_22,9,1,1.2,1.4,0.2,1.6,8,1.0,-0.20000000000000018
2022-04-09,Everton,Man United,1,0,H,1,0,H,7,12,3,4,5,7,2,2,0,0,PL,23_22,3,8,0.8,2.2,1.8,1.8,-5,-1.0,0.40000000000000013
2022-04-09,Empoli,Spezia,0,0,D,0,0,D,15,11,4,5,5,4,2,2,0,0,SA,21_22,2,6,0.6,1.2,0.8,1.2,-4,-0.20000000000000007,0.0
2022-04-09,Inter,Verona,2,0,H,2,0,H,18,9,6,3,10,2,2,0,0,0,SA,21_22,9,8,1.6,0.4,1.4,1.0,1,0.20000000000000018,-0.6
2022-04-09,Mallorca,Ath Madrid,1,0,H,0,0,D,10,9,3,1,1,6,1,4,0,0,LL,21_22,0,15,0.6,2.2,2.4,0.6,-15,-1.7999999999999998,1.6
2022-04-09,Cadiz,Betis,1,2,A,0,0,D,10,10,4,3,8,4,1,2,0,0,LL,21_22,8,7,0.8,0.4,1.4,1.2,1,-0.5999999999999999,-0.7999999999999999
2022-04-09,Real Madrid,Getafe,2,0,H,1,0,H,26,8,8,0,10,2,2,2,0,0,LL,21_22,12,6,2.0,1.2,0.8,1.0,6,1.2,0.19999999999999996
2022-04-09,Cagliari,Juventus,1,2,A,1,1,D,4,20,1,6,1,4,1,0,0,0,SA,21_22,3,12,0.6,2.4,1.8,0.8,-9,-1.2000000000000002,1.5999999999999999
2022-04-10,Elche,Sociedad,1,2,A,1,2,A,10,17,1,6,8,9,3,3,0,0,LL,21_22,3,10,0.6,1.6,1.0,0.8,-7,-0.4,0.8
2022-04-10,Espanol,Celta,1,0,H,0,0,D,11,10,2,5,2,3,4,1,0,0,LL,21_22,7,4,1.0,1.4,1.0,1.6,3,0.0,-0.20000000000000018
2022-04-10,Osasuna,Alaves,1,0,H,0,0,D,15,8,4,2,7,3,3,1,0,0,LL,21_22,6,2,1.0,2.0,1.0,2.0,4,0.0,0.0
2022-04-10,Levante,Barcelona,2,3,A,0,0,D,11,14,6,7,4,3,1,1,0,0,LL,21_22,7,15,1.6,1.4,3.0,0.2,-8,-1.4,1.2
2022-04-10,Man City,Liverpool,2,2,D,2,1,H,11,6,5,4,4,1,1,4,0,0,PL,23_22,10,15,1.8,0.8,2.6,0.0,-5,-0.8,0.8
2022-04-10,Sassuolo,Atalanta,2,1,H,1,0,H,14,15,7,4,8,8,2,1,0,0,SA,21_22,10,7,2.6,1.4,1.2,0.8,3,1.4000000000000001,0.5999999999999999
2022-04-10,Venezia,Udinese,1,2,A,0,1,A,9,16,4,5,7,11,7,2,0,0,SA,21_22,0,8,0.4,2.2,2.0,1.2,-8,-1.6,1.0000000000000002
2022-04-10,Roma,Salernitana,2,1,H,0,1,A,17,6,7,3,9,2,5,8,0,0,SA,21_22,13,2,1.4,0.2,0.6,2.2,11,0.7999999999999999,-2.0
2022-04-10,Torino,Milan,0,0,D,0,0,D,14,14,3,3,6,5,2,2,0,0,SA,21_22,5,11,0.6,0.8,0.8,0.2,-6,-0.20000000000000007,0.6000000000000001
2022-04-10,Brentford,West Ham,2,0,H,0,0,D,15,5,7,1,4,6,0,1,0,0,PL,23_22,9,9,2.0,1.2,1.2,1.2,0,0.8,0.0
2022-04-10,Leicester,Crystal Palace,2,1,H,2,0,H,12,11,3,3,3,4,1,1,0,0,PL,23_22,10,11,1.2,0.8,2.0,0.4,-1,-0.8,0.4
2022-04-10,Norwich,Burnley,2,0,H,1,0,H,17,18,6,4,6,7,1,1,0,0,PL,23_22,1,3,0.6,2.0,0.6,2.4,-2,0.0,-0.3999999999999999
2022-04-10,Genoa,Lazio,1,4,A,0,2,A,15,17,4,11,3,6,0,1,0,0,SA,21_22,6,9,0.2,0.2,1.4,1.2,-3,-1.2,-1.0
2022-04-10,Napoli,Fiorentina,2,3,A,0,1,A,15,11,3,4,3,2,0,3,0,0,SA,21_22,12,8,1.8,1.0,1.0,0.8,4,0.8,0.19999999999999996
2022-04-11,Bologna,Sampdoria,2,0,H,0,0,D,19,9,4,2,6,0,1,2,0,0,SA,21_22,3,3,0.2,0.6,0.8,2.0,0,-0.6000000000000001,-1.4
2022-04-11,Vallecano,Valencia,1,1,D,0,0,D,11,6,4,2,5,4,3,4,0,0,LL,21_22,2,11,0.6,1.4,1.0,0.2,-9,-0.4,1.2
2022-04-15,Sociedad,Betis,0,0,D,0,0,D,9,9,2,2,8,1,4,4,1,0,LL,21_22,10,10,1.0,1.0,1.6,1.0,0,-0.6000000000000001,0.0
2022-04-15,Spezia,Inter,1,3,A,0,1,A,10,23,2,7,6,7,2,0,0,0,SA,21_22,7,11,0.8,1.0,2.0,0.4,-4,-1.2,0.6
2022-04-15,Milan,Genoa,2,0,H,1,0,H,10,7,5,1,3,1,1,2,0,0,SA,21_22,11,5,0.6,0.0,0.4,1.0,6,0.19999999999999996,-1.0
2022-04-16,Cagliari,Sassuolo,1,0,H,1,0,H,16,8,8,2,3,3,2,2,0,0,SA,21_22,0,10,0.4,2.6,2.6,1.4,-10,-2.2,1.2000000000000002
2022-04-16,Sampdoria,Salernitana,1,2,A,1,2,A,5,7,1,2,5,2,1,7,0,0,SA,21_22,3,1,0.8,1.6,0.6,2.4,2,0.20000000000000007,-0.7999999999999998
2022-04-16,Lazio,Torino,1,1,D,0,0,D,10,12,4,4,9,7,1,2,0,0,SA,21_22,12,6,2.0,1.0,0.4,0.4,6,1.6,0.6
2022-04-16,Fiorentina,Venezia,1,0,H,1,0,H,22,3,6,1,5,0,4,4,0,0,SA,21_22,11,0,1.4,0.8,0.4,2.0,11,0.9999999999999999,-1.2
2022-04-16,Udinese,Empoli,4,1,H,1,0,H,13,15,5,4,4,7,1,4,0,0,SA,21_22,10,3,2.2,1.2,0.2,0.6,7,2.0,0.6
2022-04-16,Getafe,Villarreal,1,2,A,0,2,A,12,11,5,6,6,6,2,0,0,0,LL,21_22,5,4,0.4,1.0,0.4,1.0,1,0.0,0.0
2022-04-16,Juventus,Bologna,1,1,D,0,0,D,23,9,4,2,4,5,1,5,0,2,SA,21_22,12,5,1.6,0.6,0.4,0.4,7,1.2000000000000002,0.19999999999999996
2022-04-16,Watford,Brentford,1,2,A,0,1,A,17,16,4,5,6,5,2,1,0,0,PL,23_22,3,12,0.8,2.6,2.4,0.8,-9,-1.5999999999999999,1.8
2022-04-16,Southampton,Arsenal,1,0,H,1,0,H,9,23,3,6,6,8,2,1,0,0,PL,23_22,1,6,0.6,3.0,0.8,1.4,-5,-0.20000000000000007,1.6
2022-04-16,Man United,Norwich,3,2,H,2,1,H,20,15,9,4,6,7,0,0,0,0,PL,23_22,5,4,1.0,1.6,1.0,1.6,1,0.0,0.0
2022-04-16,Tottenham,Brighton,0,1,A,0,0,D,5,12,0,5,4,4,3,3,0,0,PL,23_22,12,4,3.2,1.0,0.6,1.4,8,2.6,-0.3999999999999999
2022-04-16,Alaves,Vallecano,1,0,H,0,0,D,11,20,5,3,2,12,2,3,0,1,LL,21_22,1,3,0.6,1.8,0.8,1.4,-2,-0.20000000000000007,0.40000000000000013
2022-04-16,Elche,Mallorca,3,0,H,1,0,H,6,13,2,2,2,1,2,3,0,0,LL,21_22,3,3,0.8,1.4,0.8,1.8,0,0.0,-0.40000000000000013
2022-04-16,Valencia,Osasuna,1,2,A,0,0,D,11,9,4,3,9,5,1,2,0,0,LL,21_22,9,9,1.0,0.4,1.2,1.8,0,-0.19999999999999996,-1.4
2022-04-17,West Ham,Burnley,1,1,D,0,1,A,21,9,8,1,13,4,2,2,0,0,PL,23_22,6,3,1.0,1.6,0.6,2.4,3,0.4,-0.7999999999999998
2022-04-17,Newcastle,Leicester,2,1,H,1,1,D,16,8,7,2,3,5,2,2,0,0,PL,23_22,6,10,0.8,1.6,1.2,1.0,-4,-0.3999999999999999,0.6000000000000001
2022-04-17,Granada,Levante,1,4,A,0,1,A,16,17,4,8,13,2,5,2,1,0,LL,21_22,4,4,1.6,2.4,1.4,2.0,0,0.20000000000000018,0.3999999999999999
2022-04-17,Ath Madrid,Espanol,2,1,H,0,0,D,10,11,3,5,6,3,5,5,1,0,LL,21_22,12,10,2.0,0.8,1.0,0.4,2,1.0,0.4
2022-04-17,Ath Bilbao,Celta,0,2,A,0,2,A,10,6,2,4,5,4,2,2,0,0,LL,21_22,8,4,1.4,1.0,1.0,1.4,4,0.3999999999999999,-0.3999999999999999
2022-04-17,Sevilla,Real Madrid,2,3,A,2,0,H,7,15,2,6,0,3,3,4,0,0,LL,21_22,6,12,1.0,0.8,2.2,1.2,-6,-1.2000000000000002,-0.3999999999999999
2022-04-18,Napoli,Roma,1,1,D,1,0,H,9,8,4,6,5,5,4,2,0,0,SA,21_22,9,13,1.8,1.4,1.6,0.4,-4,0.19999999999999996,0.9999999999999999
2022-04-18,Atalanta,Verona,1,2,A,0,1,A,17,21,4,6,10,1,3,3,0,0,SA,21_22,4,5,0.6,1.2,0.8,1.2,-1,-0.20000000000000007,0.0
2022-04-18,Barcelona,Cadiz,0,1,A,0,0,D,18,6,6,4,8,1,4,1,0,0,LL,21_22,15,7,2.8,0.6,1.0,0.8,8,1.7999999999999998,-0.20000000000000007
2022-04-19,Villarreal,Valencia,2,0,H,2,0,H,12,5,5,1,3,2,2,3,0,0,LL,21_22,7,6,0.8,1.0,0.6,0.6,1,0.20000000000000007,0.4
2022-04-19,Betis,Elche,0,1,A,0,0,D,18,9,3,1,2,3,2,3,1,0,LL,21_22,11,6,1.4,0.4,1.2,1.0,5,0.19999999999999996,-0.6
2022-04-19,Liverpool,Man United,4,0,H,2,0,H,14,2,5,1,10,2,1,2,0,0,PL,23_22,13,7,1.8,0.4,1.6,2.0,6,0.19999999999999996,-1.6
2022-04-19,Mallorca,Alaves,2,1,H,2,0,H,5,12,3,4,0,6,2,6,0,0,LL,21_22,3,3,0.2,1.6,0.8,1.8,0,-0.6000000000000001,-0.19999999999999996
2022-04-20,Ath Madrid,Granada,0,0,D,0,0,D,22,7,1,2,11,1,4,5,0,0,LL,21_22,12,4,1.8,0.8,1.6,2.6,8,0.19999999999999996,-1.8
2022-04-20,Everton,Leicester,1,1,D,0,1,A,13,11,3,3,5,4,3,1,0,0,PL,23_22,6,7,1.0,1.2,1.2,1.4,-1,-0.19999999999999996,-0.19999999999999996
2022-04-20,Newcastle,Crystal Palace,1,0,H,1,0,H,13,10,4,2,2,5,1,1,0,0,PL,23_22,6,8,0.8,1.6,1.4,0.6,-2,-0.5999999999999999,1.0
2022-04-20,Man City,Brighton,3,0,H,0,0,D,17,2,5,1,7,4,0,3,0,0,PL,23_22,11,7,1.8,0.6,0.6,1.0,4,1.2000000000000002,-0.4
2022-04-20,Osasuna,Real Madrid,1,3,A,1,2,A,12,23,3,11,3,4,1,3,0,0,LL,21_22,9,12,1.4,2.0,2.0,1.4,-3,-0.6000000000000001,0.6000000000000001
2022-04-20,Celta,Getafe,0,2,A,0,1,A,9,6,2,3,2,1,2,5,0,0,LL,21_22,4,5,0.6,0.8,0.6,1.0,-1,0.0,-0.19999999999999996
2022-04-20,Udinese,Salernitana,0,1,A,0,0,D,11,9,3,2,9,3,3,5,0,0,SA,21_22,10,4,2.6,1.2,1.0,1.6,6,1.6,-0.40000000000000013
2022-04-20,Chelsea,Arsenal,2,4,A,2,2,D,11,14,2,4,6,1,3,1,0,0,PL,23_22,12,3,3.0,1.0,0.4,1.6,9,2.6,-0.6000000000000001
2022-04-21,Sociedad,Barcelona,0,1,A,0,1,A,8,11,5,1,5,3,1,2,0,0,LL,21_22,11,12,0.8,0.2,2.4,0.6,-1,-1.5999999999999999,-0.39999999999999997
2022-04-21,Cadiz,Ath Bilbao,2,3,A,0,3,A,27,9,8,7,4,1,3,5,0,1,LL,21_22,7,5,0.8,0.8,0.8,1.2,2,0.0,-0.3999999999999999
2022-04-21,Levante,Sevilla,2,3,A,1,2,A,15,13,6,6,10,4,1,5,0,0,LL,21_22,7,5,2.0,1.6,1.4,1.4,2,0.6000000000000001,0.20000000000000018
2022-04-21,Espanol,Vallecano,0,1,A,0,1,A,6,13,2,2,3,10,4,4,0,0,LL,21_22,7,3,0.8,0.8,0.8,1.2,4,0.0,-0.3999999999999999
2022-04-21,Burnley,Southampton,2,0,H,2,0,H,16,11,6,3,10,10,2,2,0,0,PL,23_22,4,4,0.8,1.8,0.8,2.2,0,0.0,-0.40000000000000013
2022-04-23,Arsenal,Man United,3,1,H,2,1,H,14,14,7,5,1,7,3,4,0,0,PL,23_22,6,7,1.2,1.6,1.4,2.0,-1,-0.19999999999999996,-0.3999999999999999
2022-04-23,Brentford,Tottenham,0,0,D,0,0,D,15,9,2,0,12,8,2,1,0,0,PL,23_22,12,12,2.2,0.8,2.8,0.6,0,-0.5999999999999996,0.20000000000000007
2022-04-23,Norwich,Newcastle,0,3,A,0,2,A,5,13,2,7,2,3,0,2,0,0,PL,23_22,4,9,1.2,1.6,1.0,1.4,-5,0.19999999999999996,0.20000000000000018
2022-04-23,Man City,Watford,5,1,H,3,1,H,21,5,8,2,11,4,1,0,0,0,PL,23_22,11,3,2.2,0.6,0.6,2.4,8,1.6,-1.7999999999999998
2022-04-23,Leicester,Aston Villa,0,0,D,0,0,D,5,11,2,3,7,6,3,2,0,0,PL,23_22,8,3,1.4,1.2,1.0,1.8,5,0.3999999999999999,-0.6000000000000001
2022-04-23,Verona,Sampdoria,1,1,D,0,1,A,12,4,1,3,4,5,1,3,0,0,SA,21_22,7,3,1.0,1.2,0.8,1.6,4,0.19999999999999996,-0.40000000000000013
2022-04-23,Inter,Roma,3,1,H,2,0,H,11,9,8,2,4,3,2,2,0,0,SA,21_22,11,11,1.6,0.6,1.6,0.6,0,0.0,0.0
2022-04-23,Venezia,Atalanta,1,3,A,0,1,A,8,19,2,5,0,7,0,3,0,0,SA,21_22,0,4,0.2,1.4,0.8,1.4,-4,-0.6000000000000001,0.0
2022-04-23,Torino,Spezia,2,1,H,1,0,H,14,7,6,2,5,6,1,2,0,0,SA,21_22,6,7,0.6,0.6,1.0,1.4,-1,-0.4,-0.7999999999999999
2022-04-24,Lazio,Milan,1,2,A,1,0,H,7,25,2,8,2,8,3,4,0,0,SA,21_22,10,11,1.6,1.2,0.8,0.0,-1,0.8,1.2
2022-04-24,Genoa,Cagliari,1,0,H,0,0,D,13,11,2,1,2,3,3,2,0,0,SA,21_22,4,3,0.4,1.4,0.6,2.0,1,-0.19999999999999996,-0.6000000000000001
2022-04-24,Barcelona,Vallecano,0,1,A,0,1,A,18,3,5,1,9,1,4,6,0,0,LL,21_22,12,5,1.8,0.6,0.8,1.0,7,1.0,-0.4
2022-04-24,Salernitana,Fiorentina,2,1,H,1,0,H,10,8,4,3,6,4,1,1,0,0,SA,21_22,6,13,0.8,1.2,1.4,0.6,-7,-0.5999999999999999,0.6
2022-04-24,Bologna,Udinese,2,2,D,1,1,D,10,17,3,5,2,4,2,2,0,0,SA,21_22,5,9,0.6,0.6,2.4,1.2,-4,-1.7999999999999998,-0.6
2022-04-24,Empoli,Napoli,3,2,H,0,1,A,17,16,7,2,10,7,4,1,0,0,SA,21_22,2,10,0.4,1.4,2.0,1.4,-8,-1.6,0.0
2022-04-24,Burnley,Wolves,1,0,H,0,0,D,14,10,5,4,3,6,3,1,0,0,PL,23_22,7,9,1.2,1.4,1.8,1.0,-2,-0.6000000000000001,0.3999999999999999
2022-04-24,Chelsea,West Ham,1,0,H,0,0,D,26,6,5,2,3,1,1,0,0,1,PL,23_22,9,7,2.6,1.8,1.2,1.6,2,1.4000000000000001,0.19999999999999996
2022-04-24,Brighton,Southampton,2,2,D,2,1,H,8,18,5,5,6,6,1,0,0,0,PL,23_22,7,4,0.6,1.2,0.6,2.2,3,0.0,-1.0000000000000002
2022-04-24,Liverpool,Everton,2,0,H,0,0,D,18,9,4,1,13,1,2,5,0,0,PL,23_22,13,7,2.4,0.4,1.2,1.2,6,1.2,-0.7999999999999999
2022-04-25,Crystal Palace,Leeds,0,0,D,0,0,D,17,9,7,2,6,3,2,2,0,0,PL,23_22,7,10,1.2,0.6,1.8,1.4,-3,-0.6000000000000001,-0.7999999999999999
2022-04-25,Sassuolo,Juventus,1,2,A,1,1,D,22,10,7,5,6,4,2,2,0,0,SA,21_22,7,10,1.8,1.4,1.6,0.8,-3,0.19999999999999996,0.5999999999999999
2022-04-27,Bologna,Inter,2,1,H,1,1,D,5,26,3,7,0,7,1,3,0,0,SA,21_22,6,13,1.0,0.8,2.0,0.6,-7,-1.0,0.20000000000000007
2022-04-27,Atalanta,Torino,4,4,D,2,2,D,16,5,5,4,8,0,2,2,0,0,SA,21_22,6,8,1.4,1.6,0.8,0.6,-2,0.5999999999999999,1.0
2022-04-27,Fiorentina,Udinese,0,4,A,0,2,A,18,17,7,8,14,2,3,4,0,0,SA,21_22,10,10,1.4,1.0,2.6,1.2,0,-1.2000000000000002,-0.19999999999999996
2022-04-28,Man United,Chelsea,1,1,D,0,0,D,6,21,3,6,2,9,0,1,0,0,PL,23_22,4,9,1.0,2.2,2.2,1.6,-5,-1.2000000000000002,0.6000000000000001
2022-04-29,Sevilla,Cadiz,1,1,D,1,0,H,11,10,6,4,5,6,2,2,0,0,LL,21_22,7,7,1.8,1.6,1.0,1.0,0,0.8,0.6000000000000001
2022-04-30,Aston Villa,Norwich,2,0,H,1,0,H,21,9,6,3,2,3,4,1,0,0,PL,23_22,1,4,0.4,1.8,1.0,1.6,-3,-0.6,0.19999999999999996
2022-04-30,Spezia,Lazio,3,4,A,2,1,H,9,22,3,9,4,5,3,1,0,0,SA,21_22,4,7,0.8,1.8,1.6,1.6,-3,-0.8,0.19999999999999996
2022-04-30,Ath Bilbao,Ath Madrid,2,0,H,1,0,H,11,9,4,3,5,3,3,3,0,0,LL,21_22,8,10,1.4,1.4,1.4,0.6,-2,0.0,0.7999999999999999
2022-04-30,Valencia,Levante,1,1,D,1,0,H,6,24,1,6,1,7,4,3,1,0,LL,21_22,5,6,0.6,1.0,2.2,2.0,-1,-1.6,-1.0
2022-04-30,Real Madrid,Espanol,4,0,H,2,0,H,11,20,5,6,6,8,2,0,0,0,LL,21_22,12,6,2.0,1.6,0.6,0.8,6,1.4,0.8
2022-04-30,Alaves,Villarreal,2,1,H,2,0,H,11,16,5,6,5,8,5,2,0,0,LL,21_22,3,7,1.0,2.0,1.0,1.0,-4,0.0,1.0
2022-04-30,Napoli,Sassuolo,6,1,H,4,0,H,18,13,8,4,4,3,0,3,0,0,SA,21_22,7,6,2.0,1.8,1.6,1.4,1,0.3999999999999999,0.40000000000000013
2022-04-30,Newcastle,Liverpool,0,1,A,0,1,A,4,24,2,10,0,6,1,3,0,0,PL,23_22,12,13,1.6,1.2,2.4,0.4,-1,-0.7999999999999998,0.7999999999999999
2022-04-30,Cagliari,Verona,1,2,A,0,2,A,14,13,5,4,2,2,2,4,0,0,SA,21_22,3,8,0.6,1.8,1.0,1.0,-5,-0.4,0.8
2022-04-30,Leeds,Man City,0,4,A,0,1,A,7,19,2,6,3,6,1,2,0,0,PL,23_22,11,11,1.8,0.8,2.4,0.6,0,-0.5999999999999999,0.20000000000000007
2022-04-30,Wolves,Brighton,0,3,A,0,1,A,11,17,1,9,7,3,2,1,0,0,PL,23_22,6,8,1.0,1.2,1.0,1.2,-2,0.0,0.0
2022-04-30,Watford,Burnley,1,2,A,1,0,H,13,17,1,6,5,6,1,2,0,0,PL,23_22,3,10,0.8,2.6,1.4,1.0,-7,-0.5999999999999999,1.6
2022-04-30,Southampton,Crystal Palace,1,2,A,1,0,H,8,14,3,5,6,7,1,3,0,0,PL,23_22,5,5,0.8,2.2,0.8,0.6,0,0.0,1.6
2022-04-30,Sampdoria,Genoa,1,0,H,1,0,H,10,14,2,4,1,2,3,1,0,0,SA,21_22,4,6,0.8,1.2,0.6,1.4,-2,0.20000000000000007,-0.19999999999999996
2022-05-01,Udinese,Inter,1,2,A,0,2,A,7,12,3,5,5,11,2,1,0,0,SA,21_22,10,12,2.4,1.0,2.0,0.8,-2,0.3999999999999999,0.19999999999999996
2022-05-01,Empoli,Torino,1,3,A,0,0,D,11,13,4,3,5,4,5,2,2,0,SA,21_22,5,9,1.0,1.6,1.6,1.2,-4,-0.6000000000000001,0.40000000000000013
2022-05-01,Milan,Fiorentina,1,0,H,0,0,D,13,8,2,2,2,2,1,3,0,0,SA,21_22,11,9,1.0,0.2,1.2,1.6,2,-0.19999999999999996,-1.4000000000000001
2022-05-01,Vallecano,Sociedad,1,1,D,0,1,A,13,8,7,3,8,5,2,1,0,0,LL,21_22,8,8,1.0,0.8,0.6,0.4,0,0.4,0.4
2022-05-01,Granada,Celta,1,1,D,0,0,D,15,13,6,6,5,4,1,3,0,0,LL,21_22,5,4,1.6,2.4,0.6,1.0,1,1.0,1.4
2022-05-01,Elche,Osasuna,1,1,D,0,0,D,11,9,4,3,7,4,4,2,0,0,LL,21_22,6,9,1.2,1.0,1.6,1.8,-3,-0.40000000000000013,-0.8
2022-05-01,Roma,Bologna,0,0,D,0,0,D,17,10,5,4,10,5,0,1,0,0,SA,21_22,10,9,1.6,1.0,1.4,0.8,1,0.20000000000000018,0.19999999999999996
2022-05-01,Everton,Chelsea,1,0,H,0,0,D,9,17,4,5,3,8,3,5,0,0,PL,23_22,4,7,1.0,1.6,2.2,1.8,-3,-1.2000000000000002,-0.19999999999999996
2022-05-01,Tottenham,Leicester,3,1,H,1,0,H,13,6,7,2,7,3,2,3,0,0,PL,23_22,10,6,2.4,0.6,1.0,1.0,4,1.4,-0.4
2022-05-01,West Ham,Arsenal,1,2,A,1,1,D,8,13,3,7,3,7,2,2,0,0,PL,23_22,4,6,0.8,1.6,1.6,1.8,-2,-0.8,-0.19999999999999996
2022-05-01,Juventus,Venezia,2,1,H,1,0,H,17,9,4,3,8,4,3,3,0,0,SA,21_22,10,0,1.4,0.8,0.4,1.8,10,0.9999999999999999,-1.0
2022-05-01,Barcelona,Mallorca,2,1,H,1,0,H,17,6,5,2,5,2,2,3,0,0,LL,21_22,9,6,1.0,0.8,0.6,1.2,3,0.4,-0.3999999999999999
2022-05-02,Atalanta,Salernitana,1,1,D,0,1,A,20,11,5,9,11,4,3,2,0,0,SA,21_22,4,9,2.0,2.4,1.2,1.0,-5,0.8,1.4
2022-05-02,Getafe,Betis,0,0,D,0,0,D,13,9,2,4,2,4,1,1,0,0,LL,21_22,7,8,1.0,1.0,1.2,0.6,-1,-0.19999999999999996,0.4
2022-05-02,Man United,Brentford,3,0,H,1,0,H,9,12,5,4,3,8,1,0,0,0,PL,23_22,4,10,1.0,2.2,1.8,0.8,-6,-0.8,1.4000000000000001
2022-05-05,Salernitana,Venezia,2,1,H,1,0,H,19,10,4,4,6,4,2,7,0,1,SA,21_22,10,0,1.4,1.0,0.6,1.8,10,0.7999999999999999,-0.8
2022-05-06,Levante,Sociedad,2,1,H,0,0,D,16,21,7,6,7,6,2,3,0,0,LL,21_22,7,8,2.2,1.6,0.8,0.6,-1,1.4000000000000001,1.0
2022-05-06,Genoa,Juventus,2,1,H,0,0,D,18,12,6,4,9,2,2,3,0,0,SA,21_22,3,10,0.4,1.6,1.4,1.0,-7,-0.9999999999999999,0.6000000000000001
2022-05-06,Inter,Empoli,4,2,H,2,2,D,37,4,10,2,15,2,1,0,0,0,SA,21_22,12,4,2.2,1.0,1.0,2.0,8,1.2000000000000002,-1.0
2022-05-07,Cadiz,Elche,3,0,H,0,0,D,17,4,7,2,8,1,1,0,0,1,LL,21_22,5,7,1.0,1.2,1.4,1.0,-2,-0.3999999999999999,0.19999999999999996
2022-05-07,Mallorca,Granada,2,6,A,1,1,D,18,14,8,7,5,5,3,2,0,0,LL,21_22,6,3,0.8,1.4,1.2,2.2,3,-0.3999999999999999,-0.8000000000000003
2022-05-07,Ath Bilbao,Valencia,0,0,D,0,0,D,10,4,5,1,4,2,4,4,0,1,LL,21_22,10,3,1.6,1.2,0.6,1.2,7,1.0,0.0
2022-05-07,Celta,Alaves,4,0,H,2,0,H,15,3,7,1,7,1,1,3,0,1,LL,21_22,4,6,0.8,1.2,1.0,1.6,-2,-0.19999999999999996,-0.40000000000000013
2022-05-07,Betis,Barcelona,1,2,A,0,0,D,14,11,5,5,4,8,1,2,0,0,LL,21_22,8,9,1.2,0.6,1.2,1.0,-1,0.0,-0.4
2022-05-07,Brentford,Southampton,3,0,H,2,0,H,18,19,5,4,4,7,0,1,0,0,PL,23_22,10,4,1.6,1.0,0.8,2.4,6,0.8,-1.4
2022-05-07,Burnley,Aston Villa,1,3,A,0,2,A,14,12,6,7,4,5,1,2,0,0,PL,23_22,10,4,1.2,0.8,0.6,1.4,6,0.6,-0.5999999999999999
2022-05-07,Chelsea,Wolves,2,2,D,0,0,D,19,14,6,4,9,3,1,3,0,0,PL,23_22,7,3,2.0,1.2,0.8,1.8,4,1.2,-0.6000000000000001
2022-05-07,Torino,Napoli,0,1,A,0,0,D,10,11,3,6,6,4,2,3,0,0,SA,21_22,9,7,2.0,1.4,2.8,1.8,2,-0.7999999999999998,-0.40000000000000013
2022-05-07,Sassuolo,Udinese,1,1,D,1,0,H,15,13,6,6,6,9,2,2,0,0,SA,21_22,3,7,1.0,2.4,2.2,1.2,-4,-1.2000000000000002,1.2
2022-05-07,Lazio,Sampdoria,2,0,H,1,0,H,16,9,10,2,6,0,1,1,0,0,SA,21_22,10,4,2.4,1.6,0.6,1.2,6,1.7999999999999998,0.40000000000000013
2022-05-07,Crystal Palace,Watford,1,0,H,1,0,H,15,6,7,1,8,5,2,1,0,1,PL,23_22,7,0,1.2,0.8,0.6,2.8,7,0.6,-1.9999999999999998
2022-05-07,Brighton,Man United,4,0,H,1,0,H,17,15,6,5,7,6,0,2,0,0,PL,23_22,10,7,1.6,1.2,1.6,2.0,3,0.0,-0.8
2022-05-07,Liverpool,Tottenham,1,1,D,0,0,D,22,8,3,3,11,5,3,2,0,0,PL,23_22,13,10,2.2,0.4,2.4,0.6,3,-0.19999999999999973,-0.19999999999999996
2022-05-08,Leicester,Everton,1,2,A,1,2,A,16,10,9,4,6,1,3,0,0,0,PL,23_22,5,7,1.0,1.4,1.0,1.2,-2,0.0,0.19999999999999996
2022-05-08,Norwich,West Ham,0,4,A,0,3,A,8,13,2,5,9,5,1,1,0,0,PL,23_22,4,4,0.8,1.6,0.8,1.4,0,0.0,0.20000000000000018
2022-05-08,Salernitana,Cagliari,1,1,D,0,0,D,13,9,2,3,7,6,5,2,1,1,SA,21_22,13,3,1.6,0.8,0.8,2.0,10,0.8,-1.2
2022-05-08,Verona,Milan,1,3,A,1,1,D,10,18,3,8,5,8,2,1,0,0,SA,21_22,10,11,1.2,1.0,1.0,0.2,-1,0.19999999999999996,0.8
2022-05-08,Getafe,Vallecano,0,0,D,0,0,D,12,12,6,1,4,5,3,4,0,0,LL,21_22,7,8,0.8,0.8,0.8,0.6,-1,0.0,0.20000000000000007
2022-05-08,Villarreal,Sevilla,1,1,D,0,0,D,14,7,6,2,4,2,3,0,0,0,LL,21_22,7,7,1.2,1.2,2.0,1.8,0,-0.8,-0.6000000000000001
2022-05-08,Espanol,Osasuna,1,1,D,0,1,A,12,12,3,5,6,6,1,3,0,0,LL,21_22,3,7,0.4,1.6,1.2,1.8,-4,-0.7999999999999999,-0.19999999999999996
2022-05-08,Ath Madrid,Real Madrid,1,0,H,1,0,H,16,15,2,6,4,6,2,4,0,0,LL,21_22,7,15,1.2,1.0,2.8,0.8,-8,-1.5999999999999999,0.19999999999999996
2022-05-08,Spezia,Atalanta,1,3,A,1,1,D,5,17,1,6,0,3,2,3,0,0,SA,21_22,4,5,1.2,1.8,2.0,2.0,-1,-0.8,-0.19999999999999996
2022-05-08,Venezia,Bologna,4,3,H,2,1,H,18,23,9,10,4,8,2,4,0,0,SA,21_22,0,9,0.8,2.0,1.4,0.8,-9,-0.5999999999999999,1.2
2022-05-08,Man City,Newcastle,5,0,H,2,0,H,21,7,9,3,8,2,1,3,0,0,PL,23_22,13,12,3.2,0.6,1.4,0.4,1,1.8000000000000003,0.19999999999999996
2022-05-08,Arsenal,Leeds,2,1,H,2,0,H,19,3,9,2,8,2,2,2,0,1,PL,23_22,9,8,2.0,1.4,1.4,1.4,1,0.6000000000000001,0.0
2022-05-09,Fiorentina,Roma,2,0,H,2,0,H,12,6,7,1,5,3,3,1,0,0,SA,21_22,6,8,1.0,1.8,1.0,1.0,-2,0.0,0.8
2022-05-10,Barcelona,Celta,3,1,H,2,0,H,10,13,4,5,2,8,3,0,0,1,LL,21_22,9,7,1.0,0.8,1.4,0.8,2,-0.3999999999999999,0.0
2022-05-10,Aston Villa,Liverpool,1,2,A,1,1,D,9,17,4,6,2,3,0,0,0,0,PL,23_22,7,11,1.2,1.4,2.0,0.6,-4,-0.8,0.7999999999999999
2022-05-10,Valencia,Betis,0,3,A,0,0,D,19,9,5,5,7,3,1,3,0,0,LL,21_22,3,5,0.6,1.2,0.6,0.8,-2,0.0,0.3999999999999999
2022-05-10,Granada,Ath Bilbao,1,0,H,1,0,H,12,8,2,1,2,7,4,2,0,1,LL,21_22,5,8,2.0,2.2,1.2,1.0,-3,0.8,1.2000000000000002
2022-05-11,Leicester,Norwich,3,0,H,0,0,D,20,9,8,5,10,2,0,0,0,0,PL,23_22,2,3,0.8,1.6,0.8,2.4,-1,0.0,-0.7999999999999998
2022-05-11,Wolves,Man City,1,5,A,1,3,A,7,16,3,5,6,2,0,1,0,0,PL,23_22,4,13,0.8,1.6,3.8,0.6,-9,-3.0,1.0
2022-05-11,Watford,Everton,0,0,D,0,0,D,6,16,0,5,1,13,1,2,0,0,PL,23_22,0,10,0.6,2.6,1.0,0.8,-10,-0.4,1.8
2022-05-11,Alaves,Espanol,2,1,H,1,1,D,27,5,9,3,12,3,3,3,0,1,LL,21_22,6,4,0.8,1.6,0.6,1.6,2,0.20000000000000007,0.0
2022-05-11,Leeds,Chelsea,0,3,A,0,1,A,5,17,0,4,1,5,1,0,1,0,PL,23_22,5,5,1.0,1.4,1.2,1.6,0,-0.19999999999999996,-0.20000000000000018
2022-05-11,Sevilla,Mallorca,0,0,D,0,0,D,18,10,4,2,6,3,4,6,0,0,LL,21_22,8,6,2.2,1.8,1.2,2.4,2,1.0000000000000002,-0.5999999999999999
2022-05-11,Elche,Ath Madrid,0,2,A,0,1,A,9,11,0,6,6,3,2,2,0,0,LL,21_22,7,7,1.2,1.2,0.6,0.8,0,0.6,0.3999999999999999
2022-05-11,Osasuna,Getafe,1,1,D,1,1,D,12,6,1,0,7,2,2,4,0,1,LL,21_22,8,5,1.2,1.2,0.6,0.8,3,0.6,0.3999999999999999
2022-05-12,Tottenham,Arsenal,3,0,H,2,0,H,16,8,6,4,2,2,1,3,0,1,PL,23_22,8,12,1.6,0.6,2.2,1.2,-4,-0.6000000000000001,-0.6
2022-05-12,Sociedad,Cadiz,3,0,H,1,0,H,13,14,7,1,2,12,4,2,0,0,LL,21_22,5,7,0.8,1.0,1.6,1.2,-2,-0.8,-0.19999999999999996
2022-05-12,Vallecano,Villarreal,1,5,A,1,4,A,17,11,3,8,9,3,5,2,0,0,LL,21_22,8,8,0.6,0.4,1.4,1.0,0,-0.7999999999999999,-0.6
2022-05-12,Real Madrid,Levante,6,0,H,4,0,H,27,16,16,1,6,6,2,1,0,0,LL,21_22,12,7,2.4,0.8,2.2,1.8,5,0.19999999999999973,-1.0
2022-05-14,Espanol,Valencia,1,1,D,1,1,D,5,18,3,5,2,3,4,1,0,0,LL,21_22,1,2,0.6,2.0,0.4,1.6,-1,0.19999999999999996,0.3999999999999999
2022-05-14,Roma,Venezia,1,1,D,0,1,A,46,4,16,2,20,2,2,5,0,1,SA,21_22,5,3,0.8,1.4,1.4,2.2,2,-0.5999999999999999,-0.8000000000000003
2022-05-14,Verona,Torino,0,1,A,0,1,A,10,11,5,5,4,4,4,2,0,0,SA,21_22,7,8,1.2,1.6,2.0,1.6,-1,-0.8,0.0
2022-05-14,Empoli,Salernitana,1,1,D,1,0,H,16,28,6,9,3,11,2,2,0,0,SA,21_22,4,11,1.4,2.6,1.4,0.8,-7,0.0,1.8
2022-05-14,Udinese,Spezia,2,3,A,1,2,A,17,10,6,6,4,2,3,2,0,0,SA,21_22,5,1,1.6,1.2,1.2,2.4,4,0.40000000000000013,-1.2
2022-05-15,Bologna,Sassuolo,1,3,A,0,1,A,8,16,2,7,4,9,0,1,0,0,SA,21_22,6,4,1.6,1.6,1.0,2.2,2,0.6000000000000001,-0.6000000000000001
2022-05-15,Napoli,Genoa,3,0,H,1,0,H,17,11,9,3,9,2,1,1,0,0,SA,21_22,7,6,2.4,1.6,0.8,1.6,1,1.5999999999999999,0.0
2022-05-15,Milan,Atalanta,2,0,H,0,0,D,12,12,6,2,4,6,3,2,0,0,SA,21_22,13,8,1.6,0.4,2.4,1.8,5,-0.7999999999999998,-1.4
2022-05-15,Cagliari,Inter,1,3,A,0,1,A,10,17,2,7,2,5,0,2,0,0,SA,21_22,4,12,0.8,1.2,2.6,1.4,-8,-1.8,-0.19999999999999996
2022-05-15,Tottenham,Burnley,1,0,H,1,0,H,21,8,8,1,8,2,3,2,0,0,PL,23_22,8,10,1.4,0.6,1.4,1.0,-2,0.0,-0.4
2022-05-15,Aston Villa,Crystal Palace,1,1,D,0,0,D,13,16,4,4,1,5,1,3,0,0,PL,23_22,7,7,1.2,1.4,0.8,0.8,0,0.3999999999999999,0.5999999999999999
2022-05-15,Wolves,Norwich,1,1,D,0,1,A,17,11,4,2,5,3,0,3,0,0,PL,23_22,1,0,0.6,2.4,0.4,3.0,1,0.19999999999999996,-0.6000000000000001
2022-05-15,Watford,Leicester,1,5,A,1,2,A,13,13,5,7,7,3,0,1,0,0,PL,23_22,1,5,0.6,2.0,1.2,1.2,-4,-0.6,0.8
2022-05-15,Ath Bilbao,Osasuna,2,0,H,1,0,H,14,8,8,1,10,6,0,0,0,0,LL,21_22,7,6,1.0,1.0,1.2,1.4,1,-0.19999999999999996,-0.3999999999999999
2022-05-15,Ath Madrid,Sevilla,1,1,D,1,0,H,12,8,3,4,4,5,2,5,0,0,LL,21_22,10,6,1.0,0.6,1.4,1.4,4,-0.3999999999999999,-0.7999999999999999
2022-05-15,Betis,Granada,2,0,H,1,0,H,11,14,4,4,4,9,0,1,0,0,LL,21_22,5,8,0.8,0.6,1.8,1.4,-3,-1.0,-0.7999999999999999
2022-05-15,Cadiz,Real Madrid,1,1,D,1,1,D,21,16,7,7,10,2,7,2,0,0,LL,21_22,7,12,1.4,1.4,3.2,0.8,-5,-1.8000000000000003,0.5999999999999999
2022-05-15,Getafe,Barcelona,0,0,D,0,0,D,9,5,3,1,5,5,1,2,0,0,LL,21_22,6,12,0.8,0.6,1.6,0.8,-6,-0.8,-0.20000000000000007
2022-05-15,Levante,Alaves,3,1,H,0,1,A,15,6,5,2,3,4,8,6,0,0,LL,21_22,7,9,1.8,2.4,1.2,1.6,-2,0.6000000000000001,0.7999999999999998
2022-05-15,Celta,Elche,1,0,H,1,0,H,14,10,5,1,7,5,2,2,0,0,LL,21_22,7,7,1.6,1.2,1.0,1.2,0,0.6000000000000001,0.0
2022-05-15,Villarreal,Sociedad,1,2,A,1,0,H,10,11,4,6,4,3,4,2,0,0,LL,21_22,10,5,2.2,1.0,1.0,0.8,5,1.2000000000000002,0.19999999999999996
2022-05-15,Everton,Brentford,2,3,A,2,1,H,10,18,5,7,5,2,0,3,2,0,PL,23_22,8,10,0.8,0.8,1.4,0.8,-2,-0.5999999999999999,0.0
2022-05-15,Leeds,Brighton,1,1,D,0,1,A,19,16,5,6,8,1,3,2,0,0,PL,23_22,4,10,0.8,1.8,2.0,1.0,-6,-1.2,0.8
2022-05-15,West Ham,Man City,2,2,D,2,0,H,6,31,2,8,4,9,3,1,0,0,PL,23_22,4,15,1.2,1.2,4.4,0.4,-11,-3.2,0.7999999999999999
2022-05-15,Mallorca,Vallecano,2,1,H,1,0,H,12,11,5,4,5,3,1,0,0,0,LL,21_22,4,8,1.0,2.4,0.8,1.2,-4,0.19999999999999996,1.2
2022-05-16,Sampdoria,Fiorentina,4,1,H,2,0,H,12,12,5,1,4,5,2,3,1,0,SA,21_22,4,6,0.6,1.4,0.8,1.4,-2,-0.20000000000000007,0.0
2022-05-16,Newcastle,Arsenal,2,0,H,0,0,D,16,11,4,2,12,8,0,3,0,0,PL,23_22,9,12,1.2,1.4,2.2,1.6,-3,-1.0000000000000002,-0.20000000000000018
2022-05-16,Juventus,Lazio,2,2,D,2,0,H,4,18,2,7,0,9,3,3,0,0,SA,21_22,10,10,1.6,1.2,2.4,1.4,0,-0.7999999999999998,-0.19999999999999996
2022-05-17,Southampton,Liverpool,1,2,A,1,1,D,4,24,2,5,1,9,2,0,0,0,PL,23_22,4,13,0.8,1.8,2.0,0.4,-9,-1.2,1.4
2022-05-19,Chelsea,Leicester,1,1,D,1,1,D,20,2,7,1,6,0,4,1,0,0,PL,23_22,8,7,1.4,0.8,2.0,1.2,1,-0.6000000000000001,-0.3999999999999999
2022-05-19,Aston Villa,Burnley,1,1,D,0,1,A,22,10,9,5,13,6,0,1,0,1,PL,23_22,8,9,1.4,0.8,1.2,1.0,-1,0.19999999999999996,-0.19999999999999996
2022-05-19,Everton,Crystal Palace,3,2,H,0,2,A,12,7,6,5,4,5,2,3,0,0,PL,23_22,7,8,1.0,1.2,0.8,0.6,-1,0.19999999999999996,0.6
2022-05-20,Real Madrid,Betis,0,0,D,0,0,D,17,11,3,2,8,5,0,0,0,0,LL,21_22,10,7,2.8,0.6,1.2,0.6,3,1.5999999999999999,0.0
2022-05-20,Vallecano,Levante,2,4,A,1,3,A,19,14,8,7,7,3,0,3,0,0,LL,21_22,5,7,0.8,1.6,1.6,2.4,-2,-0.8,-0.7999999999999998
2022-05-20,Torino,Roma,0,3,A,0,2,A,13,14,2,6,5,6,2,2,0,0,SA,21_22,10,3,2.0,1.4,0.6,1.4,7,1.4,0.0
2022-05-21,Lazio,Verona,3,3,D,2,2,D,19,10,7,7,6,4,2,6,0,0,SA,21_22,8,7,2.0,1.6,1.2,1.4,1,0.8,0.20000000000000018
2022-05-21,Fiorentina,Juventus,2,0,H,1,0,H,13,1,4,0,6,2,3,3,0,0,SA,21_22,3,8,0.8,2.2,1.6,1.4,-5,-0.8,0.8000000000000003
2022-05-21,Atalanta,Empoli,0,1,A,0,0,D,40,7,10,3,15,2,1,1,0,0,SA,21_22,8,4,2.2,1.8,1.6,2.8,4,0.6000000000000001,-0.9999999999999998
2022-05-21,Genoa,Bologna,0,1,A,0,0,D,18,11,5,4,9,9,3,1,0,0,SA,21_22,6,5,0.6,1.4,1.6,2.0,1,-1.0,-0.6000000000000001
2022-05-21,Valencia,Celta,2,0,H,1,0,H,10,9,3,3,3,3,3,3,0,0,LL,21_22,3,7,0.4,1.4,1.4,1.2,-4,-0.9999999999999999,0.19999999999999996
2022-05-22,Barcelona,Villarreal,0,2,A,0,1,A,14,4,3,3,12,1,3,1,0,0,LL,21_22,10,7,1.4,0.8,2.0,1.2,3,-0.6000000000000001,-0.3999999999999999
2022-05-22,Osasuna,Mallorca,0,2,A,0,0,D,11,14,1,6,5,7,2,2,0,0,LL,21_22,3,7,0.8,1.6,1.4,2.0,-4,-0.5999999999999999,-0.3999999999999999
2022-05-22,Granada,Espanol,0,0,D,0,0,D,15,10,5,5,7,3,1,0,0,0,LL,21_22,8,2,1.6,1.0,0.6,1.8,6,1.0,-0.8
2022-05-22,Alaves,Cadiz,0,1,A,0,0,D,9,13,2,6,4,4,0,1,0,0,LL,21_22,6,5,1.2,2.2,1.4,1.6,1,-0.19999999999999996,0.6000000000000001
2022-05-22,Elche,Getafe,3,1,H,1,1,D,19,7,9,2,8,3,2,2,0,0,LL,21_22,4,7,0.4,1.4,0.6,0.2,-3,-0.19999999999999996,1.2
2022-05-22,Norwich,Tottenham,0,5,A,0,2,A,9,19,0,13,3,2,3,1,0,0,PL,23_22,1,11,0.2,2.6,1.6,0.4,-10,-1.4000000000000001,2.2
2022-05-22,Man City,Aston Villa,3,2,H,0,1,A,24,4,5,2,13,1,0,1,0,0,PL,23_22,13,8,4.2,0.8,1.6,1.0,5,2.6,-0.19999999999999996
2022-05-22,Spezia,Napoli,0,3,A,0,3,A,16,10,4,4,4,2,1,2,0,0,SA,21_22,3,10,1.8,2.8,2.6,1.0,-7,-0.8,1.7999999999999998
2022-05-22,Leicester,Southampton,4,1,H,0,0,D,12,7,6,2,3,3,0,1,0,0,PL,23_22,7,1,2.2,1.4,0.8,2.2,6,1.4000000000000001,-0.8000000000000003
2022-05-22,Liverpool,Wolves,3,1,H,1,1,D,29,7,8,5,5,3,1,0,0,0,PL,23_22,13,2,1.6,0.6,0.8,2.4,11,0.8,-1.7999999999999998
2022-05-22,Brentford,Leeds,1,2,A,0,0,D,14,14,5,6,3,2,2,1,1,0,PL,23_22,10,2,1.6,1.2,0.4,2.0,8,1.2000000000000002,-0.8
2022-05-22,Sevilla,Ath Bilbao,1,0,H,0,0,D,13,9,3,1,5,0,3,3,0,0,LL,21_22,7,10,1.2,1.0,1.4,0.6,-3,-0.19999999999999996,0.4
2022-05-22,Inter,Sampdoria,3,0,H,0,0,D,27,9,12,3,8,2,1,2,0,0,SA,21_22,12,7,2.6,1.4,1.4,1.2,5,1.2000000000000002,0.19999999999999996
2022-05-22,Sassuolo,Milan,0,3,A,0,3,A,15,18,3,12,3,7,2,1,0,0,SA,21_22,4,15,1.2,2.2,2.0,0.4,-11,-0.8,1.8000000000000003
2022-05-22,Salernitana,Udinese,0,4,A,0,3,A,25,19,10,11,7,1,1,1,0,0,SA,21_22,9,5,1.4,1.0,2.0,1.6,4,-0.6000000000000001,-0.6000000000000001
2022-05-22,Venezia,Cagliari,0,0,D,0,0,D,7,31,1,7,6,11,0,3,0,0,SA,21_22,4,4,1.6,2.2,0.8,1.4,0,0.8,0.8000000000000003
2022-05-22,Brighton,West Ham,3,1,H,0,1,A,18,7,7,2,5,6,1,1,0,0,PL,23_22,8,5,2.0,1.2,1.6,1.2,3,0.3999999999999999,0.0
2022-05-22,Crystal Palace,Man United,1,0,H,1,0,H,6,10,3,4,3,6,2,4,0,0,PL,23_22,8,4,1.2,1.0,1.0,2.4,4,0.19999999999999996,-1.4
2022-05-22,Sociedad,Ath Madrid,1,2,A,0,0,D,12,6,3,5,3,2,4,2,0,0,LL,21_22,7,8,1.4,1.0,0.8,0.6,-1,0.5999999999999999,0.4
2022-05-22,Burnley,Newcastle,1,2,A,0,1,A,12,8,5,6,8,2,1,0,0,0,PL,23_22,7,9,1.0,1.2,1.2,1.2,-2,-0.19999999999999996,0.0
2022-05-22,Chelsea,Watford,2,1,H,1,0,H,19,8,8,3,3,3,0,0,0,0,PL,23_22,6,1,1.4,1.0,0.6,2.6,5,0.7999999999999999,-1.6
2022-05-22,Arsenal,Everton,5,1,H,2,1,H,26,6,9,2,12,2,0,1,0,0,PL,23_22,9,10,1.4,1.6,1.6,1.2,-1,-0.20000000000000018,0.40000000000000013
2022-08-05,Crystal Palace,Arsenal,0,2,A,0,1,A,10,10,2,2,3,5,1,2,0,0,PL,23_24,10,9,1.4,1.0,1.8,1.6,1,-0.40000000000000013,-0.6000000000000001
2022-08-06,Newcastle,Nott'm Forest,2,0,H,0,0,D,23,5,10,0,11,1,0,3,0,0,PL,23_24,9,0,1.4,1.4,0.0,0.0,9,1.4,1.4
2022-08-06,Tottenham,Southampton,4,1,H,2,1,H,18,10,8,2,10,2,3,0,0,0,PL,23_24,13,1,2.6,0.4,1.0,2.6,12,1.6,-2.2
2022-08-06,Everton,Chelsea,0,1,A,0,1,A,8,15,4,6,4,16,3,2,0,0,PL,23_24,7,8,1.6,2.2,1.6,1.0,-1,0.0,1.2000000000000002
2022-08-06,Leeds,Wolves,2,1,H,1,1,D,12,15,4,6,6,4,2,0,0,0,PL,23_24,4,2,0.8,2.2,1.0,2.8,2,-0.19999999999999996,-0.5999999999999996
2022-08-06,Bournemouth,Aston Villa,2,0,H,1,0,H,7,15,3,2,5,5,3,3,0,0,PL,23_24,0,5,0.0,0.0,1.6,1.6,-5,-1.6,-1.6
2022-08-06,Fulham,Liverpool,2,2,D,1,0,H,9,11,3,4,4,4,2,0,0,0,PL,23_24,1,13,0.4,2.0,1.8,0.8,-12,-1.4,1.2
2022-08-07,Leicester,Brentford,2,2,D,1,0,H,14,8,5,3,5,6,0,0,0,0,PL,23_24,10,7,2.8,1.0,1.4,1.4,3,1.4,-0.3999999999999999
2022-08-07,Man United,Brighton,1,2,A,0,2,A,17,15,5,4,6,2,4,1,0,0,PL,23_24,4,11,1.0,1.8,2.6,0.8,-7,-1.6,1.0
2022-08-07,West Ham,Man City,0,2,A,0,1,A,6,14,1,2,1,4,0,1,0,0,PL,23_24,4,13,1.6,1.6,3.8,1.0,-9,-2.1999999999999997,0.6000000000000001
2022-08-12,Osasuna,Sevilla,2,1,H,1,1,D,12,10,5,3,5,2,5,3,0,0,LL,22_23,3,7,0.6,1.4,0.8,0.6,-4,-0.20000000000000007,0.7999999999999999
2022-08-13,Valladolid,Villarreal,0,3,A,0,0,D,12,10,6,4,4,5,1,0,0,0,LL,22_23,1,7,0.6,2.4,2.0,1.2,-6,-1.4,1.2
2022-08-13,Aston Villa,Everton,2,1,H,1,0,H,12,15,4,4,5,8,4,1,0,0,PL,23_24,2,4,1.0,1.8,1.2,2.2,-2,-0.19999999999999996,-0.40000000000000013
2022-08-13,Arsenal,Leicester,4,2,H,2,0,H,19,6,7,2,6,2,1,1,0,0,PL,23_24,9,11,1.8,1.4,3.0,1.0,-2,-1.2,0.3999999999999999
2022-08-13,Brighton,Newcastle,0,0,D,0,0,D,13,4,7,1,7,3,2,3,0,0,PL,23_24,13,9,2.6,0.6,1.2,1.4,4,1.4000000000000001,-0.7999999999999999
2022-08-13,Man City,Bournemouth,4,0,H,3,0,H,19,3,7,1,11,1,0,3,0,0,PL,23_24,13,3,3.4,1.0,2.0,0.0,10,1.4,1.0
2022-08-13,Southampton,Leeds,2,2,D,0,0,D,14,13,4,5,2,5,1,3,0,0,PL,23_24,0,7,0.8,3.0,1.2,1.6,-7,-0.3999999999999999,1.4
2022-08-13,Wolves,Fulham,0,0,D,0,0,D,7,9,1,3,5,3,3,3,0,0,PL,23_24,2,2,1.2,2.6,0.8,2.0,0,0.3999999999999999,0.6000000000000001
2022-08-13,Brentford,Man United,4,0,H,4,0,H,13,15,7,4,8,2,0,4,0,0,PL,23_24,7,4,1.8,1.8,1.0,1.6,3,0.8,0.19999999999999996
2022-08-13,Monza,Torino,1,2,A,0,1,A,15,13,4,6,2,7,1,2,0,0,SA,22_23,0,7,0.0,0.0,1.6,1.8,-7,-1.6,-1.8
2022-08-13,Lecce,Inter,1,2,A,0,1,A,10,19,4,9,6,8,4,2,0,0,SA,22_23,0,12,0.0,0.0,2.6,1.2,-12,-2.6,-1.2
2022-08-13,Sampdoria,Atalanta,0,2,A,0,1,A,11,9,1,3,3,2,4,6,0,0,SA,22_23,7,5,1.2,1.4,1.6,1.8,2,-0.40000000000000013,-0.40000000000000013
2022-08-13,Milan,Udinese,4,2,H,2,2,D,14,9,5,4,5,1,1,4,0,0,SA,22_23,15,7,2.2,0.4,2.4,1.2,8,-0.19999999999999973,-0.7999999999999999
2022-08-13,Celta,Espanol,2,2,D,1,0,H,8,10,3,2,3,3,5,2,0,0,LL,22_23,7,3,1.4,1.2,0.6,1.6,4,0.7999999999999999,-0.40000000000000013
2022-08-13,Barcelona,Vallecano,0,0,D,0,0,D,21,4,6,2,8,0,3,6,1,0,LL,22_23,10,2,1.4,1.0,1.0,2.4,8,0.3999999999999999,-1.4
2022-08-14,Nott'm Forest,West Ham,1,0,H,1,0,H,13,19,6,5,6,7,4,1,0,0,PL,23_24,0,4,0.0,2.0,1.6,1.8,-4,-1.6,0.19999999999999996
2022-08-14,Almeria,Real Madrid,1,2,A,1,0,H,10,29,6,15,2,15,3,1,0,0,LL,22_23,0,8,0.0,0.0,2.2,0.4,-8,-2.2,-0.4
2022-08-14,Fiorentina,Cremonese,3,2,H,2,1,H,27,13,11,4,11,4,0,3,0,1,SA,22_23,6,0,1.0,1.8,0.0,0.0,6,1.0,1.8
2022-08-14,Lazio,Bologna,2,1,H,0,1,A,9,11,6,3,3,2,2,6,1,1,SA,22_23,8,7,2.4,2.0,1.4,1.6,1,1.0,0.3999999999999999
2022-08-14,Salernitana,Roma,0,1,A,0,1,A,13,20,2,5,4,2,3,2,0,0,SA,22_23,6,5,1.0,1.6,1.0,1.2,1,0.0,0.40000000000000013
2022-08-14,Spezia,Empoli,1,0,H,1,0,H,9,18,2,5,6,4,2,1,0,0,SA,22_23,3,7,1.6,2.8,1.6,2.0,-4,0.0,0.7999999999999998
2022-08-14,Chelsea,Tottenham,2,2,D,1,0,H,16,10,3,5,8,5,3,0,0,0,PL,23_24,11,13,1.8,0.8,2.8,0.4,-2,-0.9999999999999998,0.4
2022-08-14,Valencia,Girona,1,0,H,1,0,H,17,5,2,1,4,4,2,3,1,0,LL,22_23,6,0,0.8,1.0,0.0,0.0,6,0.8,1.0
2022-08-14,Cadiz,Sociedad,0,1,A,0,1,A,7,15,2,7,3,6,4,2,0,0,LL,22_23,8,7,1.2,1.0,1.6,1.2,1,-0.40000000000000013,-0.19999999999999996
2022-08-15,Ath Bilbao,Mallorca,0,0,D,0,0,D,23,6,6,2,7,2,0,6,0,0,LL,22_23,7,7,0.8,0.4,1.4,1.8,0,-0.5999999999999999,-1.4
2022-08-15,Liverpool,Crystal Palace,1,1,D,0,1,A,24,7,4,3,4,2,2,4,1,0,PL,23_24,11,7,2.0,1.2,1.0,1.2,4,1.0,0.0
2022-08-15,Juventus,Sassuolo,3,0,H,2,0,H,14,19,4,7,3,2,1,3,0,0,SA,22_23,7,4,1.4,1.6,1.2,2.6,3,0.19999999999999996,-1.0
2022-08-15,Verona,Napoli,2,5,A,1,2,A,6,25,3,8,4,8,2,2,0,0,SA,22_23,5,12,1.4,1.8,3.0,0.8,-7,-1.6,1.0
2022-08-15,Betis,Elche,3,0,H,2,0,H,17,4,8,2,8,4,3,6,0,1,LL,22_23,8,4,1.2,0.4,0.8,1.6,4,0.3999999999999999,-1.2000000000000002
2022-08-15,Getafe,Ath Madrid,0,3,A,0,1,A,10,12,0,5,3,6,2,1,0,0,LL,22_23,4,10,0.4,0.8,1.2,0.8,-6,-0.7999999999999999,0.0
2022-08-19,Sevilla,Valladolid,1,1,D,0,0,D,18,6,2,3,12,2,3,2,1,1,LL,22_23,6,0,0.8,0.8,0.4,2.8,6,0.4,-1.9999999999999998
2022-08-19,Espanol,Vallecano,0,2,A,0,1,A,13,8,1,3,9,2,2,5,1,1,LL,22_23,4,2,1.0,1.2,0.8,2.2,2,0.19999999999999996,-1.0000000000000002
2022-08-20,Torino,Lazio,0,0,D,0,0,D,10,7,1,2,6,4,0,5,0,0,SA,22_23,9,11,1.2,1.2,2.6,1.8,-2,-1.4000000000000001,-0.6000000000000001
2022-08-20,Udinese,Salernitana,0,0,D,0,0,D,15,17,2,6,6,6,2,4,1,0,SA,22_23,4,5,2.0,2.0,0.8,1.6,-1,1.2,0.3999999999999999
2022-08-20,Inter,Spezia,3,0,H,1,0,H,19,2,8,0,10,4,0,0,0,0,SA,22_23,15,6,2.8,1.0,1.6,2.4,9,1.1999999999999997,-1.4
2022-08-20,Sassuolo,Lecce,1,0,H,1,0,H,12,7,3,1,5,4,5,1,0,0,SA,22_23,4,0,1.0,2.8,1.0,2.0,4,0.0,0.7999999999999998
2022-08-20,Leicester,Southampton,1,2,A,0,0,D,6,9,1,3,2,5,2,3,0,0,PL,23_24,8,1,2.8,1.8,1.0,3.0,7,1.7999999999999998,-1.2
2022-08-20,Tottenham,Wolves,1,0,H,0,0,D,11,20,4,3,8,6,2,2,0,0,PL,23_24,13,2,3.0,0.6,0.8,2.2,11,2.2,-1.6
2022-08-20,Crystal Palace,Aston Villa,3,1,H,1,1,D,17,13,9,5,4,2,2,1,0,0,PL,23_24,5,5,1.0,1.4,1.2,1.6,0,-0.19999999999999996,-0.20000000000000018
2022-08-20,Everton,Nott'm Forest,1,1,D,0,0,D,19,14,8,5,6,2,3,2,0,0,PL,23_24,3,3,1.4,2.6,0.5,1.0,0,0.8999999999999999,1.6
2022-08-20,Fulham,Brentford,3,2,H,2,1,H,18,13,9,5,6,3,3,2,0,0,PL,23_24,3,10,0.8,1.6,2.6,1.2,-7,-1.8,0.40000000000000013
2022-08-20,Mallorca,Betis,1,2,A,0,1,A,13,8,7,3,5,2,7,8,0,0,LL,22_23,8,10,1.2,1.4,1.8,0.4,-2,-0.6000000000000001,0.9999999999999999
2022-08-20,Bournemouth,Arsenal,0,3,A,0,2,A,6,14,1,6,3,4,2,1,0,0,PL,23_24,3,9,1.0,2.0,2.2,1.6,-6,-1.2000000000000002,0.3999999999999999
2022-08-20,Celta,Real Madrid,1,4,A,1,2,A,15,16,2,7,2,2,2,2,0,0,LL,22_23,7,8,1.6,1.4,1.8,0.6,-1,-0.19999999999999996,0.7999999999999999
2022-08-20,Osasuna,Cadiz,2,0,H,1,0,H,16,9,3,2,2,2,2,5,0,1,LL,22_23,5,7,0.8,1.4,1.0,1.0,-2,-0.19999999999999996,0.3999999999999999
2022-08-21,Sociedad,Barcelona,1,4,A,1,1,D,10,15,5,7,3,6,2,1,0,0,LL,22_23,9,8,1.6,1.0,1.0,0.8,1,0.6000000000000001,0.19999999999999996
2022-08-21,Ath Bilbao,Valencia,1,0,H,1,0,H,12,10,2,0,6,3,5,2,0,0,LL,22_23,5,8,0.4,0.4,0.8,0.8,-3,-0.4,-0.4
2022-08-21,Ath Madrid,Villarreal,0,2,A,0,0,D,13,19,5,5,5,6,2,3,1,0,LL,22_23,13,10,1.8,0.4,2.4,0.8,3,-0.5999999999999999,-0.4
2022-08-21,Atalanta,Milan,1,1,D,1,0,H,11,18,2,7,4,6,4,3,0,0,SA,22_23,7,15,1.2,1.0,2.6,0.6,-8,-1.4000000000000001,0.4
2022-08-21,Napoli,Monza,4,0,H,2,0,H,22,4,5,1,10,4,2,1,0,0,SA,22_23,15,0,3.6,0.6,1.0,2.0,15,2.6,-1.4
2022-08-21,Newcastle,Man City,3,3,D,2,1,H,12,21,6,10,5,5,4,2,0,0,PL,23_24,10,13,1.2,1.2,3.2,1.0,-3,-2.0,0.19999999999999996
2022-08-21,West Ham,Brighton,0,2,A,0,1,A,13,11,3,2,5,4,2,0,0,0,PL,23_24,4,11,1.4,1.6,2.0,0.6,-7,-0.6000000000000001,1.0
2022-08-21,Empoli,Fiorentina,0,0,D,0,0,D,4,19,2,2,1,9,1,3,1,0,SA,22_23,4,9,1.0,1.8,1.6,1.4,-5,-0.6000000000000001,0.40000000000000013
2022-08-21,Leeds,Chelsea,3,0,H,2,0,H,12,14,6,3,4,6,0,1,0,1,PL,23_24,8,11,1.4,1.6,1.8,0.8,-3,-0.40000000000000013,0.8
2022-08-21,Bologna,Verona,1,1,D,1,1,D,17,19,5,3,9,8,3,3,1,0,SA,22_23,4,4,1.2,1.8,1.6,2.6,0,-0.40000000000000013,-0.8
2022-08-22,Sampdoria,Juventus,0,0,D,0,0,D,10,10,1,4,3,4,3,2,0,0,SA,22_23,6,7,1.0,1.6,1.6,1.4,-1,-0.6000000000000001,0.20000000000000018
2022-08-22,Girona,Getafe,3,1,H,1,0,H,12,7,6,3,5,2,3,6,0,1,LL,22_23,0,3,0.0,1.0,0.4,1.4,-3,-0.4,-0.3999999999999999
2022-08-22,Elche,Almeria,1,1,D,1,1,D,13,12,3,7,6,5,1,4,0,1,LL,22_23,3,0,0.6,2.0,1.0,2.0,3,-0.4,0.0
2022-08-22,Man United,Liverpool,2,1,H,1,0,H,12,17,4,5,6,8,3,1,0,0,PL,23_24,3,11,0.8,2.2,2.0,1.2,-8,-1.2,1.0000000000000002
2022-08-22,Roma,Cremonese,1,0,H,0,0,D,27,14,12,3,5,6,0,3,0,0,SA,22_23,8,0,1.0,0.6,2.0,3.0,8,-1.0,-2.4
2022-08-26,Monza,Udinese,1,2,A,1,1,D,10,15,5,4,3,5,3,2,0,0,SA,22_23,0,5,0.5,3.0,1.8,1.6,-5,-1.3,1.4
2022-08-26,Betis,Osasuna,1,0,H,1,0,H,7,12,1,2,2,4,0,3,1,0,LL,22_23,13,7,2.0,0.2,1.0,1.2,6,1.0,-1.0
2022-08-26,Girona,Celta,0,1,A,0,0,D,11,11,3,6,2,4,2,1,0,0,LL,22_23,3,4,1.5,1.0,1.0,2.2,-1,0.5,-1.2000000000000002
2022-08-26,Lazio,Inter,3,1,H,1,0,H,11,19,7,7,2,4,2,1,0,0,SA,22_23,9,15,1.8,1.2,3.0,0.8,-6,-1.2,0.3999999999999999
2022-08-27,Southampton,Man United,0,1,A,0,0,D,17,11,5,6,5,3,0,3,0,0,PL,23_24,4,3,1.4,2.6,0.6,2.4,1,0.7999999999999999,0.20000000000000018
2022-08-27,Brentford,Everton,1,1,D,0,1,A,19,14,5,7,8,5,2,2,0,0,PL,23_24,7,4,2.4,1.8,1.2,2.2,3,1.2,-0.40000000000000013
2022-08-27,Brighton,Leeds,1,0,H,0,0,D,13,10,4,2,5,3,2,3,0,0,PL,23_24,11,11,1.6,0.6,2.0,1.0,0,-0.3999999999999999,-0.4
2022-08-27,Chelsea,Leicester,2,1,H,0,0,D,7,17,3,5,3,11,1,2,1,0,PL,23_24,8,5,1.2,1.4,2.0,2.0,3,-0.8,-0.6000000000000001
2022-08-27,Elche,Sociedad,0,1,A,0,1,A,12,9,5,5,4,6,3,3,0,0,LL,22_23,4,9,0.8,1.6,1.6,1.4,-5,-0.8,0.20000000000000018
2022-08-27,Vallecano,Mallorca,0,2,A,0,1,A,15,9,0,4,7,3,1,3,0,0,LL,22_23,4,8,1.2,2.2,1.0,0.6,-4,0.19999999999999996,1.6
2022-08-27,Liverpool,Bournemouth,9,0,H,5,0,H,19,5,12,2,8,1,0,1,0,0,PL,23_24,8,3,1.8,1.4,0.67,2.33,5,1.13,-0.9300000000000002
2022-08-27,Man City,Crystal Palace,4,2,H,0,2,A,18,2,5,2,6,1,1,2,0,0,PL,23_24,11,7,2.8,1.4,1.4,1.4,4,1.4,0.0
2022-08-27,Almeria,Sevilla,2,1,H,1,1,D,11,13,5,5,5,2,5,8,0,0,LL,22_23,1,6,1.0,1.5,0.8,0.8,-5,0.19999999999999996,0.7
2022-08-27,Arsenal,Fulham,2,1,H,0,0,D,22,11,8,3,9,2,2,3,0,0,PL,23_24,12,6,2.8,1.0,1.2,1.4,6,1.5999999999999999,-0.3999999999999999
2022-08-27,Cremonese,Torino,1,2,A,0,1,A,16,14,6,5,3,3,0,3,0,0,SA,22_23,0,7,1.0,2.0,0.6,1.0,-7,0.4,1.0
2022-08-27,Juventus,Roma,1,1,D,1,0,H,14,8,3,4,4,5,2,2,0,0,SA,22_23,5,10,1.2,1.2,1.2,0.6,-5,0.0,0.6
2022-08-27,Milan,Bologna,2,0,H,1,0,H,19,8,7,0,5,1,2,1,0,0,SA,22_23,13,4,2.6,0.8,1.4,2.0,9,1.2000000000000002,-1.2
2022-08-27,Spezia,Sassuolo,2,2,D,2,1,H,7,21,2,8,2,6,2,1,1,0,SA,22_23,6,7,1.0,2.2,1.0,1.6,-1,0.0,0.6000000000000001
2022-08-28,Nott'm Forest,Tottenham,0,2,A,0,1,A,17,18,1,7,6,1,6,1,0,0,PL,23_24,4,13,0.67,1.0,2.6,0.6,-9,-1.9300000000000002,0.4
2022-08-28,Getafe,Villarreal,0,0,D,0,0,D,8,11,2,6,1,4,1,5,0,0,LL,22_23,2,12,0.6,2.0,2.6,0.6,-10,-2.0,1.4
2022-08-28,Aston Villa,West Ham,0,1,A,0,0,D,9,7,3,2,3,2,2,0,0,0,PL,23_24,4,1,1.2,2.0,0.6,2.0,3,0.6,0.0
2022-08-28,Wolves,Newcastle,1,1,D,1,0,H,10,21,4,6,4,13,2,1,0,0,PL,23_24,2,11,0.6,1.4,1.8,0.8,-9,-1.2000000000000002,0.5999999999999999
2022-08-28,Espanol,Real Madrid,1,3,A,1,1,D,15,19,4,6,7,7,0,0,1,0,LL,22_23,3,11,0.8,1.4,2.6,0.6,-8,-1.8,0.7999999999999999
2022-08-28,Lecce,Empoli,1,1,D,1,1,D,15,9,5,3,3,5,1,2,0,0,SA,22_23,0,5,0.5,1.5,0.8,1.2,-5,-0.30000000000000004,0.30000000000000004
2022-08-28,Fiorentina,Napoli,0,0,D,0,0,D,10,13,5,2,2,3,2,3,0,0,SA,22_23,10,15,1.6,1.2,3.2,0.4,-5,-1.6,0.7999999999999999
2022-08-28,Verona,Atalanta,0,1,A,0,0,D,14,15,2,7,7,6,3,3,0,0,SA,22_23,2,7,1.4,2.6,1.2,1.0,-5,0.19999999999999996,1.6
2022-08-28,Salernitana,Sampdoria,4,0,H,2,0,H,9,17,6,6,6,3,2,2,0,0,SA,22_23,3,4,0.4,1.4,0.8,1.6,-1,-0.4,-0.20000000000000018
2022-08-28,Barcelona,Valladolid,4,0,H,2,0,H,24,8,9,3,14,4,0,3,0,0,LL,22_23,8,1,1.4,0.8,0.6,2.4,7,0.7999999999999999,-1.5999999999999999
2022-08-29,Cadiz,Ath Bilbao,0,4,A,0,1,A,9,20,3,8,0,6,2,1,0,0,LL,22_23,4,7,0.4,1.4,0.6,0.4,-3,-0.19999999999999996,0.9999999999999999
2022-08-29,Valencia,Ath Madrid,0,1,A,0,0,D,12,13,2,7,6,2,4,3,0,0,LL,22_23,7,10,0.8,1.0,1.6,0.8,-3,-0.8,0.19999999999999996
2022-08-30,Inter,Cremonese,3,1,H,2,0,H,18,11,7,4,6,6,0,3,0,0,SA,22_23,12,0,2.4,1.0,1.0,2.0,12,1.4,-1.0
2022-08-30,Roma,Monza,3,0,H,2,0,H,14,13,7,1,5,4,0,3,0,0,SA,22_23,11,0,1.4,0.4,0.67,2.67,11,0.7299999999999999,-2.27
2022-08-30,Leeds,Everton,1,1,D,0,1,A,14,7,5,2,10,2,3,3,0,0,PL,23_24,10,2,1.8,1.0,0.8,2.0,8,1.0,-1.0
2022-08-30,Southampton,Chelsea,2,1,H,2,1,H,9,10,7,4,5,3,2,1,0,0,PL,23_24,4,10,1.2,2.4,1.4,1.4,-6,-0.19999999999999996,1.0
2022-08-30,Fulham,Brighton,2,1,H,0,0,D,10,7,3,4,3,3,2,1,0,0,PL,23_24,5,13,1.2,1.6,1.6,0.4,-8,-0.40000000000000013,1.2000000000000002
2022-08-30,Crystal Palace,Brentford,1,1,D,0,0,D,13,9,4,3,4,6,1,2,0,0,PL,23_24,7,5,1.4,1.6,2.0,1.6,2,-0.6000000000000001,0.0
2022-08-30,Sassuolo,Milan,0,0,D,0,0,D,8,10,3,2,3,8,5,2,0,0,SA,22_23,7,13,1.2,1.8,2.4,0.6,-6,-1.2,1.2000000000000002
2022-08-31,Liverpool,Newcastle,2,1,H,0,1,A,23,5,6,2,13,0,0,2,0,0,PL,23_24,8,9,3.2,1.2,1.6,1.0,-1,1.6,0.19999999999999996
2022-08-31,Man City,Nott'm Forest,6,0,H,3,0,H,17,8,9,1,10,1,0,1,0,0,PL,23_24,13,4,3.2,1.4,0.5,1.25,9,2.7,0.1499999999999999
2022-08-31,West Ham,Tottenham,1,1,D,0,1,A,14,13,4,4,3,4,2,5,0,0,PL,23_24,3,13,0.4,1.6,2.8,0.6,-10,-2.4,1.0
2022-08-31,Bournemouth,Wolves,0,0,D,0,0,D,5,17,2,4,2,5,2,1,0,0,PL,23_24,3,2,0.5,4.0,0.6,1.4,1,-0.09999999999999998,2.6
2022-08-31,Napoli,Lecce,1,1,D,1,1,D,19,9,7,4,6,4,1,4,0,0,SA,22_23,13,1,3.0,0.4,0.67,1.33,12,2.33,-0.93
2022-08-31,Juventus,Spezia,2,0,H,1,0,H,15,9,3,0,7,3,0,2,0,0,SA,22_23,6,7,1.2,1.0,1.2,2.0,-1,0.0,-1.0
2022-08-31,Udinese,Fiorentina,1,0,H,1,0,H,8,12,3,2,3,7,1,2,0,0,SA,22_23,7,8,2.0,1.6,1.2,1.2,-1,0.8,0.40000000000000013
2022-08-31,Sampdoria,Lazio,1,1,D,0,1,A,10,13,3,6,5,7,0,2,0,0,SA,22_23,4,9,0.8,2.0,2.0,1.4,-5,-1.2,0.6000000000000001
2022-08-31,Empoli,Verona,1,1,D,1,0,H,16,9,4,3,7,10,0,4,0,0,SA,22_23,6,2,0.6,0.6,1.2,2.2,4,-0.6,-1.6
2022-08-31,Arsenal,Aston Villa,2,1,H,1,0,H,22,4,9,3,10,3,2,3,0,0,PL,23_24,15,3,3.2,0.8,1.0,2.0,12,2.2,-1.2
2022-09-01,Atalanta,Torino,3,1,H,1,0,H,12,8,5,2,7,2,1,3,0,0,SA,22_23,7,10,0.8,0.8,1.0,1.0,-3,-0.19999999999999996,-0.19999999999999996
2022-09-01,Leicester,Man United,0,1,A,0,1,A,10,9,2,2,1,3,1,3,0,0,PL,23_24,4,6,2.0,2.2,0.8,1.6,-2,1.2,0.6000000000000001
2022-09-01,Bologna,Salernitana,1,1,D,0,0,D,11,20,4,4,1,8,2,2,0,0,SA,22_23,4,5,0.8,1.6,1.0,1.2,-1,-0.19999999999999996,0.40000000000000013
2022-09-02,Celta,Cadiz,3,0,H,0,0,D,9,7,5,0,2,2,1,2,0,0,LL,22_23,7,4,1.0,1.6,0.4,1.6,3,0.6,0.0
2022-09-03,Mallorca,Girona,1,1,D,0,0,D,10,10,4,4,6,3,4,2,0,0,LL,22_23,10,3,1.4,0.6,1.0,1.0,7,0.3999999999999999,-0.4
2022-09-03,Sociedad,Ath Madrid,1,1,D,0,1,A,12,15,5,7,7,7,5,4,0,0,LL,22_23,9,10,1.2,1.4,1.4,0.8,-1,-0.19999999999999996,0.5999999999999999
2022-09-03,Real Madrid,Betis,2,1,H,1,1,D,22,8,4,4,9,2,0,1,0,0,LL,22_23,11,13,2.0,0.8,1.6,0.2,-2,0.3999999999999999,0.6000000000000001
2022-09-03,Sevilla,Barcelona,0,3,A,0,2,A,9,18,4,7,4,4,2,4,0,0,LL,22_23,5,8,1.0,1.2,1.6,0.6,-3,-0.6000000000000001,0.6
2022-09-03,Chelsea,West Ham,2,1,H,0,0,D,8,6,3,3,10,3,4,2,0,0,PL,23_24,7,4,1.2,1.6,0.4,1.2,3,0.7999999999999999,0.40000000000000013
2022-09-03,Aston Villa,Man City,1,1,D,0,0,D,3,13,1,4,1,4,2,0,0,0,PL,23_24,3,13,0.8,1.8,3.8,1.0,-10,-3.0,0.8
2022-09-03,Wolves,Southampton,1,0,H,1,0,H,7,12,2,1,5,6,4,2,0,0,PL,23_24,3,7,0.4,0.8,1.4,1.8,-4,-0.9999999999999999,-1.0
2022-09-03,Tottenham,Fulham,2,1,H,1,0,H,23,9,10,3,10,3,3,4,0,0,PL,23_24,11,8,2.0,0.8,1.6,1.4,3,0.3999999999999999,-0.5999999999999999
2022-09-03,Nott'm Forest,Bournemouth,2,3,A,2,0,H,11,8,3,3,4,6,2,1,0,0,PL,23_24,4,4,0.4,2.2,0.4,3.2,0,0.0,-1.0
2022-09-03,Newcastle,Crystal Palace,0,0,D,0,0,D,23,19,6,9,13,5,2,1,0,0,PL,23_24,6,5,1.4,1.2,1.4,1.8,1,0.0,-0.6000000000000001
2022-09-03,Brentford,Leeds,5,2,H,2,1,H,14,17,8,6,2,6,2,2,0,0,PL,23_24,6,8,2.0,1.4,1.6,1.0,-2,0.3999999999999999,0.3999999999999999
2022-09-03,Everton,Liverpool,0,0,D,0,0,D,14,23,3,8,7,9,2,2,0,0,PL,23_24,3,8,0.8,1.2,3.0,1.2,-5,-2.2,0.0
2022-09-03,Fiorentina,Juventus,1,1,D,1,1,D,17,4,5,1,10,2,1,3,0,0,SA,22_23,8,8,1.0,0.6,1.2,0.6,0,-0.19999999999999996,0.0
2022-09-03,Milan,Inter,3,2,H,1,1,D,21,16,5,5,2,5,5,2,0,0,SA,22_23,11,12,2.0,0.6,2.4,1.0,-1,-0.3999999999999999,-0.4
2022-09-03,Lazio,Napoli,1,2,A,1,1,D,8,19,2,7,6,8,4,0,0,0,SA,22_23,9,11,1.8,1.2,2.6,0.6,-2,-0.8,0.6
2022-09-04,Ath Bilbao,Espanol,0,1,A,0,0,D,17,9,2,2,4,2,3,2,0,0,LL,22_23,10,3,1.4,0.2,0.8,1.6,7,0.5999999999999999,-1.4000000000000001
2022-09-04,Villarreal,Elche,4,0,H,2,0,H,18,7,10,0,6,4,1,3,0,0,LL,22_23,10,4,1.6,0.4,0.8,1.4,6,0.8,-0.9999999999999999
2022-09-04,Valencia,Getafe,5,1,H,3,0,H,24,7,9,4,9,1,3,6,1,1,LL,22_23,7,2,0.8,0.6,0.4,1.8,5,0.4,-1.2000000000000002
2022-09-04,Brighton,Leicester,5,2,H,2,2,D,23,6,11,4,10,1,1,1,0,0,PL,23_24,10,1,1.2,0.6,1.2,2.2,9,0.0,-1.6
2022-09-04,Cremonese,Sassuolo,0,0,D,0,0,D,10,17,0,7,2,3,1,1,0,0,SA,22_23,0,5,1.0,2.25,0.6,1.6,-5,0.4,0.6499999999999999
2022-09-04,Verona,Sampdoria,2,1,H,2,1,H,17,11,9,3,7,2,2,2,0,0,SA,22_23,3,2,1.4,2.2,0.2,2.0,1,1.2,0.20000000000000018
2022-09-04,Osasuna,Vallecano,2,1,H,0,0,D,13,5,6,3,4,0,2,2,0,0,LL,22_23,6,4,0.8,1.2,1.0,1.6,2,-0.19999999999999996,-0.40000000000000013
2022-09-04,Man United,Arsenal,3,1,H,1,0,H,10,16,6,3,2,5,3,3,0,0,PL,23_24,9,15,1.0,1.4,2.6,0.8,-6,-1.6,0.5999999999999999
2022-09-04,Udinese,Roma,4,0,H,1,0,H,11,12,5,2,3,7,3,2,0,0,SA,22_23,10,13,1.8,1.0,1.8,0.2,-3,0.0,0.8
2022-09-04,Spezia,Bologna,2,2,D,1,1,D,15,13,5,6,7,2,4,1,0,0,SA,22_23,4,5,0.6,2.0,0.8,1.2,-1,-0.20000000000000007,0.8
2022-09-05,Monza,Atalanta,0,2,A,0,0,D,11,13,3,6,4,9,1,1,0,0,SA,22_23,0,10,0.5,2.75,1.4,0.6,-10,-0.8999999999999999,2.15
2022-09-05,Salernitana,Empoli,2,2,D,1,1,D,15,11,4,5,6,7,3,2,0,0,SA,22_23,5,6,1.0,1.2,0.6,0.6,-1,0.4,0.6
2022-09-05,Torino,Lecce,1,0,H,1,0,H,13,10,4,2,4,4,2,1,0,0,SA,22_23,7,2,1.0,1.6,0.75,1.25,5,0.25,0.3500000000000001
2022-09-05,Valladolid,Almeria,1,0,H,0,0,D,14,12,6,1,2,8,1,6,0,0,LL,22_23,1,4,0.6,2.8,1.33,1.33,-3,-0.7300000000000001,1.4699999999999998
2022-09-09,Girona,Valladolid,2,1,H,1,1,D,14,14,5,4,3,12,0,2,0,0,LL,22_23,4,4,1.0,1.0,0.6,2.0,0,0.4,-1.0
2022-09-10,Espanol,Sevilla,2,3,A,1,3,A,19,11,5,7,9,3,3,5,0,1,LL,22_23,5,4,0.8,1.4,0.8,1.6,1,0.0,-0.20000000000000018
2022-09-10,Vallecano,Valencia,2,1,H,1,0,H,14,17,6,4,7,7,5,2,0,0,LL,22_23,4,9,1.0,1.6,1.6,0.6,-5,-0.6000000000000001,1.0
2022-09-10,Sampdoria,Milan,1,2,A,0,1,A,10,15,4,4,2,4,5,2,0,1,SA,22_23,2,11,0.4,1.8,2.0,1.0,-9,-1.6,0.8
2022-09-10,Ath Madrid,Celta,4,1,H,1,0,H,10,14,4,3,4,7,2,3,0,0,LL,22_23,10,7,1.4,0.8,1.4,1.6,3,0.0,-0.8
2022-09-10,Inter,Torino,1,0,H,0,0,D,16,9,3,7,6,5,1,2,0,0,SA,22_23,9,10,2.2,1.6,1.2,1.0,-1,1.0000000000000002,0.6000000000000001
2022-09-10,Napoli,Spezia,1,0,H,0,0,D,28,10,6,1,10,5,1,2,0,0,SA,22_23,11,5,2.4,0.8,1.0,1.8,6,1.4,-1.0
2022-09-10,Cadiz,Barcelona,0,4,A,0,0,D,6,16,0,8,5,6,1,2,0,0,LL,22_23,3,10,0.2,2.0,2.2,0.6,-7,-2.0,1.4
2022-09-11,Sassuolo,Udinese,1,3,A,1,0,H,5,17,2,4,5,6,1,3,1,0,SA,22_23,6,10,0.6,1.0,1.8,1.0,-4,-1.2000000000000002,0.0
2022-09-11,Lecce,Monza,1,1,D,0,1,A,7,2,3,1,8,5,3,3,0,0,SA,22_23,2,0,0.6,1.2,0.4,2.6,2,0.19999999999999996,-1.4000000000000001
2022-09-11,Lazio,Verona,2,0,H,0,0,D,15,7,6,1,3,5,2,5,0,0,SA,22_23,8,5,1.4,1.0,1.2,1.8,3,0.19999999999999996,-0.8
2022-09-11,Betis,Villarreal,1,0,H,0,0,D,16,14,5,3,9,8,1,1,0,0,LL,22_23,10,13,1.4,0.6,2.2,0.0,-3,-0.8000000000000003,0.6
2022-09-11,Elche,Ath Bilbao,1,4,A,0,4,A,9,16,2,8,5,5,3,0,0,0,LL,22_23,4,7,0.8,2.0,1.0,0.4,-3,-0.19999999999999996,1.6
2022-09-11,Getafe,Sociedad,2,1,H,1,0,H,8,13,3,6,3,7,4,1,0,0,LL,22_23,1,7,0.6,2.8,1.0,1.4,-6,-0.4,1.4
2022-09-11,Juventus,Salernitana,2,2,D,0,2,A,22,11,7,5,8,2,5,4,2,1,SA,22_23,9,6,1.4,0.4,1.4,0.8,3,0.0,-0.4
2022-09-11,Atalanta,Cremonese,1,1,D,0,0,D,14,7,6,4,3,3,2,5,0,0,SA,22_23,13,1,1.8,0.4,0.8,1.8,12,1.0,-1.4
2022-09-11,Real Madrid,Mallorca,4,1,H,1,1,D,22,5,7,2,4,3,3,5,0,0,LL,22_23,13,8,2.2,0.8,1.2,0.6,5,1.0000000000000002,0.20000000000000007
2022-09-11,Bologna,Fiorentina,2,1,H,0,0,D,12,13,4,2,6,8,1,4,0,1,SA,22_23,3,6,1.0,1.6,0.8,0.8,-3,0.19999999999999996,0.8
2022-09-12,Almeria,Osasuna,0,1,A,0,1,A,7,15,2,4,5,10,0,2,0,0,LL,22_23,4,9,1.0,1.25,1.2,1.0,-5,-0.19999999999999996,0.25
2022-09-12,Empoli,Roma,1,2,A,1,1,D,20,13,3,7,7,7,3,1,1,0,SA,22_23,4,10,0.8,1.0,1.2,1.0,-6,-0.3999999999999999,0.0
2022-09-16,Aston Villa,Southampton,1,0,H,1,0,H,11,7,3,1,6,3,3,1,0,0,PL,23_24,4,7,1.0,1.6,1.2,1.2,-3,-0.19999999999999996,0.40000000000000013
2022-09-16,Salernitana,Lecce,1,2,A,0,1,A,8,13,4,4,4,5,1,3,0,0,SA,22_23,7,3,1.8,1.0,0.6,1.0,4,1.2000000000000002,0.0
2022-09-16,Nott'm Forest,Fulham,2,3,A,1,0,H,11,15,3,7,2,10,2,4,0,0,PL,23_24,4,7,0.8,2.4,1.4,1.4,-3,-0.5999999999999999,1.0
2022-09-16,Valladolid,Cadiz,0,1,A,0,0,D,18,7,6,1,8,2,1,4,0,0,LL,22_23,4,0,0.6,2.0,0.0,2.8,4,0.6,-0.7999999999999998
2022-09-17,Spezia,Sampdoria,2,1,H,1,1,D,6,11,3,8,3,6,4,5,0,0,SA,22_23,2,2,0.8,2.0,0.6,1.8,0,0.20000000000000007,0.19999999999999996
2022-09-17,Torino,Sassuolo,0,1,A,0,0,D,12,10,3,5,4,3,4,1,0,0,SA,22_23,7,6,0.8,1.0,0.8,1.0,1,0.0,0.0
2022-09-17,Bologna,Empoli,0,1,A,0,0,D,16,12,3,5,5,8,2,3,0,0,SA,22_23,6,4,1.2,1.4,1.0,1.2,2,0.19999999999999996,0.19999999999999996
2022-09-17,Ath Bilbao,Vallecano,3,2,H,3,1,H,14,11,7,2,2,7,1,2,0,0,LL,22_23,10,7,1.8,0.4,1.0,1.0,3,0.8,-0.6
2022-09-17,Mallorca,Almeria,1,0,H,1,0,H,5,9,2,3,5,2,3,6,0,0,LL,22_23,5,4,1.0,1.4,0.8,1.2,1,0.19999999999999996,0.19999999999999996
2022-09-17,Tottenham,Leicester,6,2,H,2,2,D,16,19,11,7,6,1,1,2,0,0,PL,23_24,11,0,1.6,0.8,1.2,2.8,11,0.40000000000000013,-1.9999999999999998
2022-09-17,Newcastle,Bournemouth,1,1,D,0,0,D,20,10,7,3,8,1,2,2,0,0,PL,23_24,4,4,1.0,1.2,0.6,3.6,0,0.4,-2.4000000000000004
2022-09-17,Wolves,Man City,0,3,A,0,2,A,6,16,1,7,5,7,2,1,1,0,PL,23_24,6,11,0.4,0.4,3.6,1.2,-5,-3.2,-0.7999999999999999
2022-09-17,Barcelona,Elche,3,0,H,2,0,H,25,1,9,1,6,0,2,2,0,1,LL,22_23,13,1,3.0,0.2,0.4,2.6,12,2.6,-2.4
2022-09-17,Valencia,Celta,3,0,H,1,0,H,14,6,7,2,5,4,3,2,0,1,LL,22_23,6,7,1.4,1.0,1.6,2.0,-1,-0.20000000000000018,-1.0
2022-09-18,Osasuna,Getafe,0,2,A,0,1,A,12,10,4,4,8,1,7,3,1,1,LL,22_23,12,4,1.4,0.6,0.8,2.4,8,0.5999999999999999,-1.7999999999999998
2022-09-18,Betis,Girona,2,1,H,1,1,D,9,8,3,3,2,4,0,3,0,0,LL,22_23,12,7,1.6,0.6,1.2,1.0,5,0.40000000000000013,-0.4
2022-09-18,Sociedad,Espanol,2,1,H,2,1,H,14,14,6,4,4,2,3,0,0,0,LL,22_23,7,4,1.0,1.4,1.2,2.0,3,-0.19999999999999996,-0.6000000000000001
2022-09-18,Ath Madrid,Real Madrid,1,2,A,0,2,A,12,6,5,3,8,1,4,2,1,0,LL,22_23,10,15,1.8,0.8,3.0,1.0,-5,-1.2,-0.19999999999999996
2022-09-18,Everton,West Ham,1,0,H,0,0,D,7,14,2,4,5,14,3,1,0,0,PL,23_24,4,4,0.8,1.0,0.6,1.2,0,0.20000000000000007,-0.19999999999999996
2022-09-18,Villarreal,Sevilla,1,1,D,0,1,A,17,12,7,1,6,4,1,5,0,0,LL,22_23,10,4,1.8,0.2,1.2,2.0,6,0.6000000000000001,-1.8
2022-09-18,Monza,Juventus,1,0,H,0,0,D,17,10,4,2,5,3,2,1,0,1,SA,22_23,1,7,0.4,2.4,1.2,0.8,-6,-0.7999999999999999,1.5999999999999999
2022-09-18,Cremonese,Lazio,0,4,A,0,3,A,18,14,3,6,8,5,1,1,0,0,SA,22_23,2,8,0.6,1.4,1.4,0.8,-6,-0.7999999999999999,0.5999999999999999
2022-09-18,Brentford,Arsenal,0,3,A,0,2,A,5,13,2,7,3,3,0,2,0,0,PL,23_24,8,12,2.6,1.4,2.4,1.4,-4,0.20000000000000018,0.0
2022-09-18,Milan,Napoli,1,2,A,0,0,D,22,9,5,4,9,4,4,3,0,0,SA,22_23,11,11,1.6,0.8,1.6,0.4,0,0.0,0.4
2022-09-18,Roma,Atalanta,0,1,A,0,1,A,21,4,5,1,5,1,0,7,0,0,SA,22_23,10,11,1.4,1.2,1.6,0.6,-1,-0.20000000000000018,0.6
2022-09-18,Fiorentina,Verona,2,0,H,1,0,H,15,8,9,1,7,3,4,4,0,0,SA,22_23,3,5,0.4,0.8,0.8,1.2,-2,-0.4,-0.3999999999999999
2022-09-18,Udinese,Inter,3,1,H,1,1,D,20,14,6,3,7,4,3,4,0,0,SA,22_23,13,9,2.0,0.4,2.0,1.4,4,0.0,-0.9999999999999999
2022-09-30,Ath Bilbao,Almeria,4,0,H,2,0,H,17,8,4,2,11,2,1,3,0,0,LL,22_23,12,4,2.4,0.8,0.6,1.0,8,1.7999999999999998,-0.19999999999999996
2022-10-01,Arsenal,Tottenham,3,1,H,1,1,D,22,7,9,3,5,2,2,1,0,1,PL,23_24,12,13,2.2,1.0,2.4,0.8,-1,-0.19999999999999973,0.19999999999999996
2022-10-01,Empoli,Milan,1,3,A,0,0,D,16,19,4,6,3,7,4,2,0,0,SA,22_23,6,10,1.2,1.2,1.6,1.0,-4,-0.40000000000000013,0.19999999999999996
2022-10-01,Inter,Roma,1,2,A,1,1,D,15,10,2,3,5,1,4,3,0,0,SA,22_23,6,7,1.6,2.0,1.2,1.4,-1,0.40000000000000013,0.6000000000000001
2022-10-01,Napoli,Torino,3,1,H,3,1,H,15,16,7,3,4,4,0,2,0,0,SA,22_23,11,6,1.2,0.6,0.8,1.2,5,0.3999999999999999,-0.6
2022-10-01,Cadiz,Villarreal,0,0,D,0,0,D,10,14,2,6,6,5,2,3,1,0,LL,22_23,3,8,0.2,2.6,1.4,0.4,-5,-1.2,2.2
2022-10-01,Getafe,Valladolid,2,3,A,2,2,D,14,14,6,7,4,2,2,4,0,0,LL,22_23,7,4,1.2,1.8,0.6,1.6,3,0.6,0.19999999999999996
2022-10-01,Mallorca,Barcelona,0,1,A,0,1,A,13,11,3,3,5,5,2,4,0,0,LL,22_23,7,15,1.2,1.4,3.6,0.2,-8,-2.4000000000000004,1.2
2022-10-01,West Ham,Wolves,2,0,H,1,0,H,18,15,5,4,1,6,2,2,0,0,PL,23_24,4,5,0.6,1.2,0.4,1.0,-1,0.19999999999999996,0.19999999999999996
2022-10-01,Southampton,Everton,1,2,A,0,0,D,22,12,6,5,7,6,2,2,0,0,PL,23_24,6,7,0.8,1.0,0.8,0.6,-1,0.0,0.4
2022-10-01,Liverpool,Brighton,3,3,D,1,2,A,15,6,7,6,9,2,1,1,0,0,PL,23_24,8,10,2.6,0.8,1.8,0.8,-2,0.8,0.0
2022-10-01,Fulham,Newcastle,1,4,A,0,3,A,3,19,1,10,1,8,2,0,1,0,PL,23_24,9,4,2.0,1.8,1.2,1.4,5,0.8,0.40000000000000013
2022-10-01,Crystal Palace,Chelsea,1,2,A,1,1,D,7,13,3,3,5,2,1,3,0,0,PL,23_24,6,7,1.4,1.4,1.4,1.8,-1,0.0,-0.40000000000000013
2022-10-01,Sevilla,Ath Madrid,0,2,A,0,1,A,14,20,3,6,5,7,3,2,0,0,LL,22_23,5,7,1.2,1.8,1.4,1.2,-2,-0.19999999999999996,0.6000000000000001
2022-10-01,Bournemouth,Brentford,0,0,D,0,0,D,7,13,1,4,7,8,1,2,0,0,PL,23_24,5,5,0.8,3.0,1.8,2.0,0,-1.0,1.0
2022-10-02,Leeds,Aston Villa,0,0,D,0,0,D,9,19,1,7,2,9,3,2,1,0,PL,23_24,5,4,1.6,1.8,0.8,1.4,1,0.8,0.40000000000000013
2022-10-02,Man City,Man United,6,3,H,4,0,H,22,12,10,8,5,1,0,3,0,0,PL,23_24,11,12,3.4,1.2,1.4,1.2,-1,2.0,0.0
2022-10-02,Sassuolo,Salernitana,5,0,H,2,0,H,17,6,11,1,1,2,1,1,0,0,SA,22_23,6,6,0.8,1.0,2.0,1.4,0,-1.2,-0.3999999999999999
2022-10-02,Juventus,Bologna,3,0,H,1,0,H,17,9,6,1,2,4,0,1,0,0,SA,22_23,6,5,1.2,1.0,1.0,1.4,1,0.19999999999999996,-0.3999999999999999
2022-10-02,Espanol,Valencia,2,2,D,0,0,D,10,12,5,5,6,4,2,1,1,1,LL,22_23,3,6,1.0,2.0,1.8,1.0,-3,-0.8,1.0
2022-10-02,Celta,Betis,1,0,H,1,0,H,11,9,4,4,5,3,4,3,0,1,LL,22_23,6,12,1.2,2.2,1.4,0.8,-6,-0.19999999999999996,1.4000000000000001
2022-10-02,Girona,Sociedad,3,5,A,2,2,D,16,11,8,5,2,2,3,1,0,0,LL,22_23,7,7,1.4,1.2,1.2,1.6,0,0.19999999999999996,-0.40000000000000013
2022-10-02,Real Madrid,Osasuna,1,1,D,1,0,H,22,8,4,2,10,2,1,2,0,1,LL,22_23,15,9,3.0,1.0,1.0,0.8,6,2.0,0.19999999999999996
2022-10-02,Lecce,Cremonese,1,1,D,1,1,D,6,13,1,4,1,8,3,1,0,0,SA,22_23,6,2,1.0,1.0,0.6,2.0,4,0.4,-1.0
2022-10-02,Lazio,Spezia,4,0,H,2,0,H,13,14,6,2,3,6,0,2,0,0,SA,22_23,10,5,2.2,0.8,1.2,1.6,5,1.0000000000000002,-0.8
2022-10-02,Sampdoria,Monza,0,3,A,0,1,A,3,13,1,6,2,4,2,2,0,0,SA,22_23,1,4,0.8,2.2,0.6,1.6,-3,0.20000000000000007,0.6000000000000001
2022-10-02,Atalanta,Fiorentina,1,0,H,0,0,D,10,16,5,5,1,5,2,2,0,0,SA,22_23,13,5,1.6,0.4,0.8,0.8,8,0.8,-0.4
2022-10-03,Verona,Udinese,1,2,A,1,0,H,7,21,2,8,4,9,3,3,0,0,SA,22_23,4,15,0.6,1.4,2.6,0.6,-11,-2.0,0.7999999999999999
2022-10-03,Vallecano,Elche,2,1,H,1,1,D,15,5,6,2,13,3,1,8,0,0,LL,22_23,6,1,1.4,1.6,0.4,2.6,5,0.9999999999999999,-1.0
2022-10-03,Leicester,Nott'm Forest,4,0,H,3,0,H,17,10,7,3,6,6,2,4,0,0,PL,23_24,0,1,1.2,3.2,1.0,3.0,-1,0.19999999999999996,0.20000000000000018
2022-10-07,Osasuna,Valencia,1,2,A,0,1,A,11,15,2,7,7,5,3,6,2,1,LL,22_23,7,7,0.8,1.0,2.2,1.2,0,-1.4000000000000001,-0.19999999999999996
2022-10-08,Ath Madrid,Girona,2,1,H,1,0,H,13,11,7,4,8,3,3,1,0,0,LL,22_23,10,4,1.8,0.8,1.4,2.0,6,0.40000000000000013,-1.2
2022-10-08,Almeria,Vallecano,3,1,H,3,0,H,10,12,4,4,7,6,4,2,1,0,LL,22_23,3,6,0.4,1.6,1.4,1.8,-3,-0.9999999999999999,-0.19999999999999996
2022-10-08,Getafe,Real Madrid,0,1,A,0,1,A,9,19,2,4,4,4,0,0,0,0,LL,22_23,7,13,1.4,1.8,2.4,1.0,-6,-1.0,0.8
2022-10-08,Sevilla,Ath Bilbao,1,1,D,1,0,H,10,21,3,4,5,7,4,0,0,1,LL,22_23,4,12,1.0,2.0,3.0,0.8,-8,-2.0,1.2
2022-10-08,Man City,Southampton,4,0,H,2,0,H,21,5,8,0,9,1,0,1,0,0,PL,23_24,13,3,4.0,1.2,0.6,1.2,10,3.4,0.0
2022-10-08,Newcastle,Brentford,5,1,H,2,0,H,16,6,6,3,9,5,0,1,0,0,PL,23_24,6,6,1.4,1.0,1.4,1.4,0,0.0,-0.3999999999999999
2022-10-08,Chelsea,Wolves,3,0,H,1,0,H,20,8,7,2,4,2,2,0,0,0,PL,23_24,9,5,1.4,1.6,0.4,1.2,4,0.9999999999999999,0.40000000000000013
2022-10-08,Bournemouth,Leicester,2,1,H,0,1,A,10,9,4,5,7,2,1,2,0,0,PL,23_24,6,3,0.8,2.4,1.8,2.8,3,-1.0,-0.3999999999999999
2022-10-08,Bologna,Sampdoria,1,1,D,1,0,H,10,9,3,3,2,5,2,3,0,0,SA,22_23,5,1,1.0,1.6,0.8,2.0,4,0.19999999999999996,-0.3999999999999999
2022-10-08,Milan,Juventus,2,0,H,1,0,H,21,10,3,3,9,3,2,3,0,0,SA,22_23,10,8,1.8,1.2,1.6,0.8,2,0.19999999999999996,0.3999999999999999
2022-10-08,Sassuolo,Inter,1,2,A,0,1,A,15,16,3,4,6,5,3,2,0,0,SA,22_23,8,6,1.4,0.6,1.6,1.8,2,-0.20000000000000018,-1.2000000000000002
2022-10-08,Brighton,Tottenham,0,1,A,0,1,A,14,8,4,3,6,2,1,2,0,0,PL,23_24,10,10,2.4,1.4,2.4,1.4,0,0.0,0.0
2022-10-09,Roma,Lecce,2,1,H,1,1,D,20,6,6,3,13,4,2,2,0,1,SA,22_23,9,6,1.4,1.4,1.0,1.0,3,0.3999999999999999,0.3999999999999999
2022-10-09,Cremonese,Napoli,1,4,A,0,1,A,12,21,1,10,5,2,2,0,0,0,SA,22_23,3,13,0.6,1.8,1.8,0.8,-10,-1.2000000000000002,1.0
2022-10-09,Udinese,Atalanta,2,2,D,0,1,A,10,9,2,5,5,3,2,3,0,0,SA,22_23,15,13,2.6,0.6,1.6,0.4,2,1.0,0.19999999999999996
2022-10-09,Salernitana,Verona,2,1,H,1,0,H,14,12,4,2,1,6,3,3,1,1,SA,22_23,3,4,1.2,2.4,0.8,1.6,-1,0.3999999999999999,0.7999999999999998
2022-10-09,Monza,Spezia,2,0,H,1,0,H,7,9,4,1,3,6,3,2,0,0,SA,22_23,7,4,1.0,1.2,0.8,2.0,3,0.19999999999999996,-0.8
2022-10-09,Torino,Empoli,1,1,D,0,0,D,20,6,7,2,6,1,2,4,0,0,SA,22_23,3,5,0.6,1.6,1.2,1.6,-2,-0.6,0.0
2022-10-09,Crystal Palace,Leeds,2,1,H,1,1,D,13,10,5,4,5,3,3,3,0,0,PL,23_24,5,5,1.4,1.6,1.2,1.4,0,0.19999999999999996,0.20000000000000018
2022-10-09,West Ham,Fulham,3,1,H,1,1,D,17,8,8,2,4,2,1,3,0,0,PL,23_24,7,6,1.0,0.8,1.6,2.2,1,-0.6000000000000001,-1.4000000000000001
2022-10-09,Everton,Man United,1,2,A,1,2,A,11,12,2,4,5,4,2,1,0,0,PL,23_24,9,12,1.0,0.6,2.0,1.6,-3,-1.0,-1.0
2022-10-09,Arsenal,Liverpool,3,2,H,2,1,H,11,8,7,3,4,3,1,2,0,0,PL,23_24,12,8,2.2,1.2,3.0,1.2,4,-0.7999999999999998,0.0
2022-10-09,Barcelona,Celta,1,0,H,1,0,H,13,14,5,3,6,3,2,4,0,0,LL,22_23,15,9,3.0,0.0,1.2,1.4,6,1.8,-1.4
2022-10-09,Sociedad,Villarreal,1,0,H,1,0,H,17,5,5,1,9,3,5,3,0,0,LL,22_23,10,6,2.0,1.4,1.0,0.4,4,1.0,0.9999999999999999
2022-10-09,Cadiz,Espanol,2,2,D,1,0,H,8,9,3,6,8,3,4,4,0,0,LL,22_23,4,4,0.2,2.2,1.4,2.0,0,-1.2,0.20000000000000018
2022-10-09,Valladolid,Betis,0,0,D,0,0,D,12,4,3,1,3,1,1,1,0,1,LL,22_23,6,9,1.0,1.8,1.0,0.8,-3,0.0,1.0
2022-10-10,Fiorentina,Lazio,0,4,A,0,2,A,24,10,3,6,9,2,4,1,0,0,SA,22_23,4,10,0.8,1.0,2.4,0.6,-6,-1.5999999999999999,0.4
2022-10-10,Elche,Mallorca,1,1,D,1,0,H,7,11,2,4,5,7,4,5,1,1,LL,22_23,0,7,0.4,2.8,1.0,1.2,-7,-0.6,1.5999999999999999
2022-10-10,Nott'm Forest,Aston Villa,1,1,D,1,1,D,6,12,3,2,1,4,3,3,0,0,PL,23_24,0,5,0.8,3.6,0.6,0.8,-5,0.20000000000000007,2.8
2022-10-14,Brentford,Brighton,2,0,H,1,0,H,7,21,3,7,2,11,3,1,0,0,PL,23_24,5,7,1.4,2.2,2.0,1.6,-2,-0.6000000000000001,0.6000000000000001
2022-10-14,Vallecano,Getafe,0,0,D,0,0,D,16,6,3,3,4,1,2,3,0,0,LL,22_23,6,6,1.6,2.0,1.4,2.0,0,0.20000000000000018,0.0
2022-10-15,Tottenham,Everton,2,0,H,0,0,D,21,4,7,0,7,1,1,4,0,0,PL,23_24,10,8,2.2,1.4,1.0,0.8,2,1.2000000000000002,0.5999999999999999
2022-10-15,Wolves,Nott'm Forest,1,0,H,0,0,D,9,10,2,2,4,5,2,2,0,0,PL,23_24,4,1,0.2,1.6,1.0,3.4,3,-0.8,-1.7999999999999998
2022-10-15,Fulham,Bournemouth,2,2,D,1,2,A,19,10,4,6,5,6,2,0,0,0,PL,23_24,6,9,1.6,2.4,1.2,0.8,-3,0.40000000000000013,1.5999999999999999
2022-10-15,Ath Bilbao,Ath Madrid,0,1,A,0,0,D,13,3,3,1,6,1,0,6,0,0,LL,22_23,10,10,2.4,1.0,2.0,1.0,0,0.3999999999999999,0.0
2022-10-15,Mallorca,Sevilla,0,1,A,0,0,D,9,4,5,1,1,3,2,3,0,0,LL,22_23,5,5,0.8,1.4,1.0,1.8,0,-0.19999999999999996,-0.40000000000000013
2022-10-15,Leicester,Crystal Palace,0,0,D,0,0,D,14,8,5,1,9,2,2,2,0,0,PL,23_24,3,5,1.8,2.8,1.2,1.6,-2,0.6000000000000001,1.1999999999999997
2022-10-15,Empoli,Monza,1,0,H,1,0,H,11,16,5,4,2,9,5,3,0,1,SA,22_23,5,10,1.2,1.6,1.4,0.6,-5,-0.19999999999999996,1.0
2022-10-15,Torino,Juventus,0,1,A,0,0,D,15,14,2,8,3,6,2,0,0,0,SA,22_23,4,5,0.6,1.2,1.2,1.2,-1,-0.6,0.0
2022-10-15,Valencia,Elche,2,2,D,2,1,H,20,8,8,6,6,1,3,6,0,0,LL,22_23,10,1,2.6,1.2,0.6,2.8,9,2.0,-1.5999999999999999
2022-10-15,Atalanta,Sassuolo,2,1,H,1,1,D,16,11,4,3,3,3,1,4,0,0,SA,22_23,11,7,1.4,0.6,1.6,1.0,4,-0.20000000000000018,-0.4
2022-10-15,Girona,Cadiz,1,1,D,0,0,D,23,9,6,2,6,2,5,4,0,0,LL,22_23,4,5,1.6,2.2,0.6,1.8,-1,1.0,0.40000000000000013
2022-10-16,Southampton,West Ham,1,1,D,1,0,H,10,25,8,4,4,14,1,1,0,0,PL,23_24,3,7,0.6,1.8,1.4,1.0,-4,-0.7999999999999999,0.8
2022-10-16,Celta,Sociedad,1,2,A,1,1,D,10,8,3,6,1,6,5,7,1,0,LL,22_23,6,10,1.0,1.6,2.0,1.4,-4,-1.0,0.20000000000000018
2022-10-16,Real Madrid,Barcelona,3,1,H,2,0,H,8,18,4,5,2,3,2,2,0,0,LL,22_23,13,15,2.0,0.8,2.4,0.0,-2,-0.3999999999999999,0.8
2022-10-16,Espanol,Valladolid,1,0,H,0,0,D,15,14,3,2,6,4,1,4,0,0,LL,22_23,5,7,1.6,1.8,1.0,1.0,-2,0.6000000000000001,0.8
2022-10-16,Betis,Almeria,3,1,H,1,0,H,15,12,6,5,9,3,1,1,0,0,LL,22_23,7,3,0.8,0.8,0.6,1.6,4,0.20000000000000007,-0.8
2022-10-16,Napoli,Bologna,3,2,H,1,1,D,30,16,11,3,6,4,0,4,0,0,SA,22_23,15,5,2.4,0.8,1.0,1.6,10,1.4,-0.8
2022-10-16,Spezia,Cremonese,2,2,D,2,1,H,15,24,6,4,6,8,2,0,0,0,SA,22_23,4,3,0.8,2.0,0.6,2.0,1,0.20000000000000007,0.0
2022-10-16,Liverpool,Man City,1,0,H,0,0,D,13,16,2,6,5,6,3,1,0,0,PL,23_24,8,13,3.2,1.4,4.0,0.8,-5,-0.7999999999999998,0.5999999999999999
2022-10-16,Verona,Milan,1,2,A,1,1,D,19,16,5,6,9,3,3,2,0,0,SA,22_23,3,12,0.8,1.8,2.2,1.2,-9,-1.4000000000000001,0.6000000000000001
2022-10-16,Man United,Newcastle,0,0,D,0,0,D,15,9,2,2,4,4,3,1,0,0,PL,23_24,12,8,2.0,1.6,2.2,1.0,4,-0.20000000000000018,0.6000000000000001
2022-10-16,Leeds,Arsenal,0,1,A,0,1,A,16,9,4,4,6,3,0,2,0,0,PL,23_24,2,12,0.8,1.8,2.4,1.4,-10,-1.5999999999999999,0.40000000000000013
2022-10-16,Aston Villa,Chelsea,0,2,A,0,1,A,18,8,7,4,7,1,0,3,0,0,PL,23_24,6,12,0.8,0.8,2.0,1.0,-6,-1.2,-0.19999999999999996
2022-10-16,Inter,Salernitana,2,0,H,1,0,H,16,8,6,3,6,4,0,1,0,0,SA,22_23,6,5,1.4,1.8,1.4,2.4,1,0.0,-0.5999999999999999
2022-10-16,Lazio,Udinese,0,0,D,0,0,D,8,12,3,2,7,3,1,4,0,0,SA,22_23,12,13,3.0,0.4,2.8,1.0,-1,0.20000000000000018,-0.6
2022-10-17,Lecce,Fiorentina,1,1,D,1,0,H,6,10,2,5,2,8,5,5,1,0,SA,22_23,5,4,1.0,1.2,0.8,1.6,1,0.19999999999999996,-0.40000000000000013
2022-10-17,Villarreal,Osasuna,2,0,H,1,0,H,12,14,9,3,8,4,2,6,0,0,LL,22_23,5,7,1.0,0.6,1.0,1.2,-2,0.0,-0.6
2022-10-17,Sampdoria,Roma,0,1,A,0,1,A,8,7,1,4,4,3,5,3,0,0,SA,22_23,1,9,0.8,2.0,1.2,1.6,-8,-0.3999999999999999,0.3999999999999999
2022-10-18,Crystal Palace,Wolves,2,1,H,0,1,A,14,10,4,4,4,3,3,1,0,0,PL,23_24,6,6,0.8,0.8,0.4,1.6,0,0.4,-0.8
2022-10-18,Brighton,Nott'm Forest,0,0,D,0,0,D,19,3,7,0,9,1,3,1,0,0,PL,23_24,4,1,1.8,2.0,1.0,2.4,3,0.8,-0.3999999999999999
2022-10-18,Sevilla,Valencia,1,1,D,0,1,A,18,13,5,5,11,6,4,7,1,0,LL,22_23,8,8,1.2,1.2,2.0,1.4,0,-0.8,-0.19999999999999996
2022-10-18,Getafe,Ath Bilbao,2,2,D,1,1,D,11,14,4,4,7,4,7,4,0,0,LL,22_23,7,10,1.2,1.0,2.4,1.0,-3,-1.2,0.0
2022-10-18,Ath Madrid,Vallecano,1,1,D,1,0,H,12,14,4,4,3,4,3,0,0,0,LL,22_23,12,7,2.0,0.8,1.4,1.6,5,0.6000000000000001,-0.8
2022-10-19,Newcastle,Everton,1,0,H,1,0,H,16,1,4,0,8,2,2,4,0,0,PL,23_24,9,7,2.0,0.6,0.8,1.0,2,1.2,-0.4
2022-10-19,Cadiz,Betis,0,0,D,0,0,D,13,12,3,3,4,9,1,2,0,1,LL,22_23,6,10,0.8,1.4,1.2,0.6,-4,-0.3999999999999999,0.7999999999999999
2022-10-19,Valladolid,Celta,4,1,H,1,1,D,9,22,7,5,3,7,1,1,0,0,LL,22_23,4,3,0.8,1.2,0.6,2.0,1,0.20000000000000007,-0.8
2022-10-19,Sociedad,Mallorca,1,0,H,1,0,H,14,12,7,3,10,7,1,2,0,0,LL,22_23,12,4,2.2,1.4,0.6,1.4,8,1.6,0.0
2022-10-19,Bournemouth,Southampton,0,1,A,0,1,A,15,9,3,3,7,3,1,3,0,0,PL,23_24,9,1,1.6,1.2,0.4,1.8,8,1.2000000000000002,-0.6000000000000001
2022-10-19,Elche,Real Madrid,0,3,A,0,1,A,10,10,3,7,8,2,1,1,0,0,LL,22_23,2,13,1.0,2.4,2.2,0.8,-11,-1.2000000000000002,1.5999999999999999
2022-10-19,Liverpool,West Ham,1,0,H,1,0,H,22,8,7,3,8,3,0,0,0,0,PL,23_24,8,7,1.6,1.4,1.4,1.0,1,0.20000000000000018,0.3999999999999999
2022-10-19,Brentford,Chelsea,0,0,D,0,0,D,8,14,5,5,6,2,0,0,0,0,PL,23_24,7,12,1.6,2.0,2.0,0.8,-5,-0.3999999999999999,1.2
2022-10-19,Man United,Tottenham,2,0,H,0,0,D,28,9,10,2,8,3,1,0,0,0,PL,23_24,10,12,1.8,1.6,2.4,1.2,-2,-0.5999999999999999,0.40000000000000013
2022-10-20,Almeria,Girona,3,2,H,3,0,H,13,14,7,5,4,5,1,3,0,0,LL,22_23,3,4,0.8,2.0,1.6,2.2,-1,-0.8,-0.20000000000000018
2022-10-20,Leicester,Leeds,2,0,H,2,0,H,5,14,1,2,2,9,2,1,0,0,PL,23_24,4,2,1.8,2.6,0.8,1.8,2,1.0,0.8
2022-10-20,Osasuna,Espanol,1,0,H,0,0,D,17,5,5,3,9,2,1,2,0,0,LL,22_23,4,5,0.6,1.4,1.6,1.8,-1,-1.0,-0.40000000000000013
2022-10-20,Fulham,Aston Villa,3,0,H,1,0,H,18,12,8,6,9,7,0,2,0,1,PL,23_24,4,6,1.6,2.6,0.6,0.8,-2,1.0,1.8
2022-10-20,Barcelona,Villarreal,3,0,H,3,0,H,16,5,5,1,8,0,0,1,0,0,LL,22_23,12,5,2.0,0.6,0.6,0.6,7,1.4,0.0
2022-10-21,Juventus,Empoli,4,0,H,1,0,H,21,12,7,4,6,4,2,2,0,0,SA,22_23,7,7,1.2,1.0,1.0,1.2,0,0.19999999999999996,-0.19999999999999996
2022-10-22,Nott'm Forest,Liverpool,1,0,H,0,0,D,10,15,7,7,2,11,2,1,0,0,PL,23_24,2,8,0.6,1.8,1.4,1.2,-6,-0.7999999999999999,0.6000000000000001
2022-10-22,Valencia,Mallorca,1,2,A,0,0,D,13,10,3,5,5,3,3,5,0,0,LL,22_23,9,4,2.0,1.2,0.4,0.8,5,1.6,0.3999999999999999
2022-10-22,Everton,Crystal Palace,3,0,H,1,0,H,9,9,6,2,3,4,3,4,0,0,PL,23_24,6,8,0.8,1.2,1.0,0.8,-2,-0.19999999999999996,0.3999999999999999
2022-10-22,Man City,Brighton,3,1,H,2,0,H,10,8,4,2,7,3,1,3,0,0,PL,23_24,10,5,2.8,1.0,1.6,1.6,5,1.1999999999999997,-0.6000000000000001
2022-10-22,Chelsea,Man United,1,1,D,0,0,D,6,13,2,6,6,4,1,4,0,0,PL,23_24,13,10,1.8,0.4,2.0,1.6,3,-0.19999999999999996,-1.2000000000000002
2022-10-22,Real Madrid,Sevilla,3,1,H,1,0,H,18,9,6,2,4,3,1,4,0,0,LL,22_23,13,6,2.0,0.6,0.8,1.0,7,1.2,-0.4
2022-10-22,Valladolid,Sociedad,1,0,H,1,0,H,9,20,2,2,4,10,2,3,0,0,LL,22_23,7,15,1.4,1.0,2.2,1.0,-8,-0.8000000000000003,0.0
2022-10-22,Salernitana,Spezia,1,0,H,0,0,D,17,14,4,2,4,7,2,4,0,0,SA,22_23,4,4,1.0,2.4,0.8,2.0,0,0.19999999999999996,0.3999999999999999
2022-10-22,Milan,Monza,4,1,H,2,0,H,12,16,7,6,2,2,1,1,0,0,SA,22_23,12,10,2.0,1.0,1.4,0.4,2,0.6000000000000001,0.6
2022-10-22,Fiorentina,Inter,3,4,A,1,2,A,10,8,4,7,1,2,4,3,0,0,SA,22_23,4,9,0.8,1.6,1.4,1.2,-5,-0.5999999999999999,0.40000000000000013
2022-10-22,Vallecano,Cadiz,5,1,H,2,0,H,28,3,11,0,10,1,1,4,1,2,LL,22_23,5,7,1.2,1.6,0.8,0.6,-2,0.3999999999999999,1.0
2022-10-23,Espanol,Elche,2,2,D,1,1,D,13,9,5,4,5,3,2,3,0,0,LL,22_23,5,2,1.2,1.4,0.8,2.2,3,0.3999999999999999,-0.8000000000000003
2022-10-23,Betis,Ath Madrid,1,2,A,0,0,D,17,9,4,3,7,4,2,3,0,0,LL,22_23,8,10,1.0,0.6,1.4,0.8,-2,-0.3999999999999999,-0.20000000000000007
2022-10-23,Girona,Osasuna,1,1,D,1,1,D,7,9,1,2,3,5,2,3,0,0,LL,22_23,1,4,1.6,2.6,0.6,1.4,-3,1.0,1.2000000000000002
2022-10-23,Villarreal,Almeria,2,1,H,0,1,A,11,15,5,4,10,4,4,1,1,0,LL,22_23,5,6,0.6,1.0,1.4,2.2,-1,-0.7999999999999999,-1.2000000000000002
2022-10-23,Barcelona,Ath Bilbao,4,0,H,3,0,H,10,5,7,3,1,2,2,2,0,0,LL,22_23,12,8,1.8,0.6,2.0,1.2,4,-0.19999999999999996,-0.6
2022-10-23,Tottenham,Newcastle,1,2,A,0,2,A,17,13,5,5,6,7,4,2,0,0,PL,23_24,9,11,2.0,1.4,2.2,0.6,-2,-0.20000000000000018,0.7999999999999999
2022-10-23,Wolves,Leicester,0,4,A,0,2,A,21,5,5,4,9,2,2,1,0,0,PL,23_24,3,7,0.4,2.0,1.8,1.6,-4,-1.4,0.3999999999999999
2022-10-23,Leeds,Fulham,2,3,A,1,1,D,14,11,5,5,3,6,1,1,0,0,PL,23_24,1,7,0.6,2.0,2.0,2.2,-6,-1.4,-0.20000000000000018
2022-10-23,Aston Villa,Brentford,4,0,H,3,0,H,19,12,11,3,7,6,1,0,0,0,PL,23_24,5,5,0.4,1.2,0.6,1.6,0,-0.19999999999999996,-0.40000000000000013
2022-10-23,Southampton,Arsenal,1,1,D,0,1,A,10,12,3,3,9,4,2,1,0,0,PL,23_24,4,12,0.6,1.6,2.2,1.2,-8,-1.6,0.40000000000000013
2022-10-23,Roma,Napoli,0,1,A,0,0,D,6,12,0,5,3,4,3,4,0,0,SA,22_23,12,15,1.4,0.8,2.6,1.0,-3,-1.2000000000000002,-0.19999999999999996
2022-10-23,Atalanta,Lazio,0,2,A,0,1,A,7,12,0,5,5,8,4,2,1,0,SA,22_23,11,13,1.4,0.8,2.8,0.0,-2,-1.4,0.8
2022-10-23,Bologna,Lecce,2,0,H,2,0,H,12,9,3,3,9,4,5,2,0,0,SA,22_23,4,6,1.0,1.8,1.2,1.2,-2,-0.19999999999999996,0.6000000000000001
2022-10-23,Udinese,Torino,1,2,A,1,1,D,16,15,4,4,7,4,3,4,0,0,SA,22_23,11,1,2.0,1.0,0.4,1.4,10,1.6,-0.3999999999999999
2022-10-24,Sassuolo,Verona,2,1,H,1,1,D,14,13,3,5,4,5,1,3,0,0,SA,22_23,6,0,1.8,1.4,0.6,2.0,6,1.2000000000000002,-0.6000000000000001
2022-10-24,Cremonese,Sampdoria,0,1,A,0,0,D,21,8,4,4,5,1,3,4,0,0,SA,22_23,3,1,1.0,2.4,0.6,1.8,2,0.4,0.5999999999999999
2022-10-24,West Ham,Bournemouth,2,0,H,1,0,H,20,5,4,3,5,0,0,2,0,0,PL,23_24,7,6,1.2,0.8,1.0,1.0,1,0.19999999999999996,-0.19999999999999996
2022-10-24,Celta,Getafe,1,1,D,0,1,A,17,4,5,1,10,0,1,1,0,0,LL,22_23,3,5,0.6,2.0,1.2,1.2,-2,-0.6,0.8
2022-10-28,Mallorca,Espanol,1,1,D,0,0,D,12,7,5,2,4,4,4,1,0,0,LL,22_23,4,6,0.6,1.0,1.4,1.4,-2,-0.7999999999999999,-0.3999999999999999
2022-10-29,Almeria,Celta,3,1,H,0,1,A,19,8,5,3,6,4,4,0,0,1,LL,22_23,6,4,1.6,2.4,0.8,1.6,2,0.8,0.7999999999999998
2022-10-29,Cadiz,Ath Madrid,3,2,H,1,0,H,10,15,7,7,5,3,2,4,0,0,LL,22_23,4,13,0.8,1.6,1.6,0.6,-9,-0.8,1.0
2022-10-29,Fulham,Everton,0,0,D,0,0,D,24,9,6,4,13,4,2,1,0,0,PL,23_24,7,6,2.0,2.2,1.2,1.2,1,0.8,1.0000000000000002
2022-10-29,Sevilla,Vallecano,0,1,A,0,0,D,10,15,4,5,6,6,6,1,0,0,LL,22_23,5,8,0.8,1.4,1.8,1.2,-3,-1.0,0.19999999999999996
2022-10-29,Valencia,Barcelona,0,1,A,0,0,D,3,13,2,2,3,10,4,5,0,0,LL,22_23,6,12,1.6,1.6,2.0,0.6,-6,-0.3999999999999999,1.0
2022-10-29,Brighton,Chelsea,4,1,H,3,0,H,19,15,9,7,8,7,1,2,0,0,PL,23_24,2,11,0.8,1.8,1.6,0.4,-9,-0.8,1.4
2022-10-29,Brentford,Wolves,1,1,D,0,0,D,12,14,3,4,3,6,3,3,0,1,PL,23_24,5,3,0.6,1.8,0.4,2.2,2,0.19999999999999996,-0.40000000000000013
2022-10-29,Bournemouth,Tottenham,2,3,A,1,0,H,6,23,4,7,2,19,1,2,0,0,PL,23_24,5,6,0.8,1.2,1.0,1.4,-1,-0.19999999999999996,-0.19999999999999996
2022-10-29,Leicester,Man City,0,1,A,0,0,D,10,15,5,5,3,10,0,0,0,0,PL,23_24,10,12,2.2,0.4,3.2,1.0,-2,-1.0,-0.6
2022-10-29,Crystal Palace,Southampton,1,0,H,1,0,H,12,14,3,4,8,4,3,3,0,0,PL,23_24,7,5,1.0,1.4,0.8,1.6,2,0.19999999999999996,-0.20000000000000018
2022-10-29,Liverpool,Leeds,1,2,A,1,1,D,22,14,10,6,14,5,0,1,0,0,PL,23_24,7,1,1.4,1.4,0.6,1.6,6,0.7999999999999999,-0.20000000000000018
2022-10-29,Newcastle,Aston Villa,4,0,H,1,0,H,20,3,7,0,3,0,1,1,0,0,PL,23_24,13,5,2.4,0.6,1.0,1.2,8,1.4,-0.6
2022-10-29,Napoli,Sassuolo,4,0,H,3,0,H,18,10,6,6,11,5,0,3,0,1,SA,22_23,15,9,2.6,1.0,2.0,1.0,6,0.6000000000000001,0.0
2022-10-29,Inter,Sampdoria,3,0,H,2,0,H,17,9,8,2,3,3,1,6,0,0,SA,22_23,9,4,2.0,1.8,0.6,1.4,5,1.4,0.40000000000000013
2022-10-29,Lecce,Juventus,0,1,A,0,0,D,5,13,0,5,7,7,3,5,0,0,SA,22_23,5,9,1.0,1.4,1.6,0.6,-4,-0.6000000000000001,0.7999999999999999
2022-10-30,Empoli,Atalanta,0,2,A,0,1,A,13,20,3,6,7,2,2,1,0,0,SA,22_23,7,10,0.8,1.6,1.2,1.0,-3,-0.3999999999999999,0.6000000000000001
2022-10-30,Cremonese,Udinese,0,0,D,0,0,D,13,13,2,3,7,4,1,0,0,0,SA,22_23,2,8,0.8,2.4,1.6,1.2,-6,-0.8,1.2
2022-10-30,Spezia,Fiorentina,1,2,A,1,1,D,10,27,6,5,5,5,5,3,1,0,SA,22_23,4,4,0.8,2.0,1.2,2.0,0,-0.3999999999999999,0.0
2022-10-30,Lazio,Salernitana,1,3,A,1,0,H,13,10,4,6,4,5,3,3,0,0,SA,22_23,13,6,2.8,0.0,0.8,2.0,7,1.9999999999999998,-2.0
2022-10-30,Torino,Milan,2,1,H,2,0,H,7,12,4,1,6,1,5,2,0,0,SA,22_23,4,12,0.8,1.4,2.4,1.0,-8,-1.5999999999999999,0.3999999999999999
2022-10-30,Osasuna,Valladolid,2,0,H,2,0,H,20,7,10,2,1,8,1,3,0,0,LL,22_23,5,10,0.8,1.2,1.6,0.8,-5,-0.8,0.3999999999999999
2022-10-30,Man United,West Ham,1,0,H,1,0,H,16,13,3,5,5,10,1,3,0,0,PL,23_24,8,10,1.6,1.6,1.6,0.6,-2,0.0,1.0
2022-10-30,Arsenal,Nott'm Forest,5,0,H,1,0,H,24,5,10,2,9,4,0,1,0,0,PL,23_24,13,5,2.2,0.8,0.4,1.2,8,1.8000000000000003,-0.3999999999999999
2022-10-30,Real Madrid,Girona,1,1,D,0,0,D,19,8,6,2,7,1,3,3,1,0,LL,22_23,13,2,2.2,0.6,1.6,2.4,11,0.6000000000000001,-1.7999999999999998
2022-10-30,Ath Bilbao,Villarreal,1,0,H,0,0,D,19,6,7,3,6,2,2,1,0,0,LL,22_23,5,7,1.4,1.6,0.8,1.0,-2,0.5999999999999999,0.6000000000000001
2022-10-30,Sociedad,Betis,0,2,A,0,0,D,14,10,7,4,5,3,4,4,0,0,LL,22_23,12,5,1.8,1.0,0.8,0.8,7,1.0,0.19999999999999996
2022-10-31,Verona,Roma,1,3,A,1,1,D,7,14,3,6,2,4,3,1,1,0,SA,22_23,0,9,0.8,2.0,1.0,0.8,-9,-0.19999999999999996,1.2
2022-10-31,Monza,Bologna,1,2,A,0,0,D,9,10,3,5,4,5,4,2,0,0,SA,22_23,9,4,1.4,1.0,1.0,1.6,5,0.3999999999999999,-0.6000000000000001
2022-10-31,Elche,Getafe,0,1,A,0,0,D,12,8,5,3,6,2,0,3,0,1,LL,22_23,3,3,1.2,2.0,1.0,1.4,0,0.19999999999999996,0.6000000000000001
2022-11-04,Udinese,Lecce,1,1,D,0,1,A,16,9,5,1,3,2,2,3,0,0,SA,22_23,6,2,1.0,1.0,0.6,1.4,4,0.4,-0.3999999999999999
2022-11-04,Girona,Ath Bilbao,2,1,H,0,0,D,19,11,10,7,7,1,1,1,0,0,LL,22_23,3,5,1.2,1.6,0.8,1.6,-2,0.3999999999999999,0.0
2022-11-05,Celta,Osasuna,1,2,A,1,2,A,13,8,5,4,2,3,1,5,0,0,LL,22_23,1,7,0.8,2.2,1.0,1.0,-6,-0.19999999999999996,1.2000000000000002
2022-11-05,Everton,Leicester,0,2,A,0,1,A,12,22,2,8,8,3,0,0,0,0,PL,23_24,4,7,0.8,1.0,1.4,0.6,-3,-0.5999999999999999,0.4
2022-11-05,Wolves,Brighton,2,3,A,2,2,D,8,19,5,8,4,9,2,0,1,0,PL,23_24,4,4,0.6,2.0,1.0,1.4,0,-0.4,0.6000000000000001
2022-11-05,Nott'm Forest,Brentford,2,2,D,1,1,D,15,6,7,2,3,3,2,2,0,0,PL,23_24,5,5,0.4,1.4,0.8,2.0,0,-0.4,-0.6000000000000001
2022-11-05,Man City,Fulham,2,1,H,1,1,D,16,4,5,2,9,0,2,4,1,0,PL,23_24,12,8,2.8,1.0,1.8,1.4,4,0.9999999999999998,-0.3999999999999999
2022-11-05,Valladolid,Elche,2,1,H,1,0,H,16,4,11,2,8,4,2,0,0,0,LL,22_23,7,3,1.0,0.8,1.0,1.8,4,0.0,-1.0
2022-11-05,Leeds,Bournemouth,4,3,H,1,2,A,18,9,4,6,13,3,2,2,0,0,PL,23_24,3,4,1.0,1.8,1.2,1.8,-1,-0.19999999999999996,0.0
2022-11-05,Salernitana,Cremonese,2,2,D,2,1,H,11,11,2,5,2,2,2,2,0,0,SA,22_23,9,3,1.2,1.8,0.8,1.6,6,0.3999999999999999,0.19999999999999996
2022-11-05,Atalanta,Napoli,1,2,A,1,2,A,17,7,4,5,5,2,5,1,0,0,SA,22_23,10,15,1.4,1.0,3.0,0.8,-5,-1.6,0.19999999999999996
2022-11-05,Milan,Spezia,2,1,H,1,0,H,23,13,11,5,3,6,6,4,1,0,SA,22_23,12,1,2.4,1.0,0.6,2.2,11,1.7999999999999998,-1.2000000000000002
2022-11-05,Barcelona,Almeria,2,0,H,0,0,D,27,4,13,1,9,1,2,1,0,0,LL,22_23,12,9,2.0,0.6,2.2,1.8,3,-0.20000000000000018,-1.2000000000000002
2022-11-05,Empoli,Sassuolo,1,0,H,0,0,D,17,10,1,3,3,6,2,0,0,0,SA,22_23,4,6,0.6,2.0,1.8,1.8,-2,-1.2000000000000002,0.19999999999999996
2022-11-05,Getafe,Cadiz,0,0,D,0,0,D,13,15,2,4,5,5,5,2,2,1,LL,22_23,6,6,0.8,0.8,1.4,2.0,0,-0.5999999999999999,-1.2
2022-11-06,Sociedad,Valencia,1,1,D,1,1,D,9,14,4,3,1,11,2,0,1,0,LL,22_23,9,5,0.8,0.8,1.2,1.4,4,-0.3999999999999999,-0.5999999999999999
2022-11-06,Ath Madrid,Espanol,1,1,D,0,0,D,27,6,7,2,12,2,3,5,0,1,LL,22_23,10,6,1.6,1.2,1.2,1.2,4,0.40000000000000013,0.0
2022-11-06,Villarreal,Mallorca,0,2,A,0,1,A,9,7,2,5,5,2,4,6,0,0,LL,22_23,6,5,0.8,1.2,0.8,1.0,1,0.0,0.19999999999999996
2022-11-06,Betis,Sevilla,1,1,D,1,0,H,9,22,4,6,1,4,4,5,2,1,LL,22_23,8,5,1.2,0.6,0.8,1.2,3,0.3999999999999999,-0.6
2022-11-06,Tottenham,Liverpool,1,2,A,0,2,A,14,13,5,6,5,3,0,0,0,0,PL,23_24,9,6,1.4,1.2,1.0,1.2,3,0.3999999999999999,0.0
2022-11-06,West Ham,Crystal Palace,1,2,A,1,1,D,5,15,2,6,2,5,1,1,0,0,PL,23_24,7,10,1.2,0.8,1.0,1.0,-3,0.19999999999999996,-0.19999999999999996
2022-11-06,Bologna,Torino,2,1,H,0,1,A,9,7,5,2,3,1,3,3,0,0,SA,22_23,7,7,1.4,1.6,1.2,1.4,0,0.19999999999999996,0.20000000000000018
2022-11-06,Monza,Verona,2,0,H,0,0,D,14,7,3,2,5,2,3,1,0,1,SA,22_23,6,0,1.4,1.4,1.0,2.2,6,0.3999999999999999,-0.8000000000000003
2022-11-06,Sampdoria,Fiorentina,0,2,A,0,1,A,14,5,2,4,4,4,1,0,0,0,SA,22_23,4,4,0.4,1.6,1.2,2.2,0,-0.7999999999999999,-0.6000000000000001
2022-11-06,Roma,Lazio,0,1,A,0,1,A,8,5,2,3,4,2,2,3,0,0,SA,22_23,12,10,1.6,0.8,2.2,0.6,2,-0.6000000000000001,0.20000000000000007
2022-11-06,Juventus,Inter,2,0,H,0,0,D,8,14,3,4,2,8,2,2,0,0,SA,22_23,12,12,1.8,0.4,2.4,1.2,0,-0.5999999999999999,-0.7999999999999999
2022-11-06,Southampton,Newcastle,1,4,A,0,1,A,16,7,5,4,8,2,1,0,0,0,PL,23_24,5,13,0.6,1.4,2.4,0.4,-8,-1.7999999999999998,0.9999999999999999
2022-11-06,Aston Villa,Man United,3,1,H,2,1,H,6,8,4,3,3,5,3,3,0,0,PL,23_24,4,11,1.0,2.0,1.2,0.4,-7,-0.19999999999999996,1.6
2022-11-06,Chelsea,Arsenal,0,1,A,0,0,D,5,14,1,2,4,6,5,2,0,0,PL,23_24,8,13,1.4,1.0,2.6,0.8,-5,-1.2000000000000002,0.19999999999999996
2022-11-07,Vallecano,Real Madrid,3,2,H,2,2,D,15,16,7,2,4,5,4,5,0,0,LL,22_23,8,13,1.6,1.0,2.2,0.6,-5,-0.6000000000000001,0.4
2022-11-08,Elche,Girona,1,2,A,1,1,D,11,21,2,3,2,5,3,2,0,0,LL,22_23,2,6,1.0,2.0,1.4,1.4,-4,-0.3999999999999999,0.6000000000000001
2022-11-08,Osasuna,Barcelona,1,2,A,1,0,H,15,9,3,3,2,5,4,4,0,2,LL,22_23,10,12,1.2,0.8,2.2,0.6,-2,-1.0000000000000002,0.20000000000000007
2022-11-08,Ath Bilbao,Valladolid,3,0,H,1,0,H,19,8,6,0,10,2,3,1,0,0,LL,22_23,4,9,0.8,1.8,1.4,1.0,-5,-0.5999999999999999,0.8
2022-11-08,Cremonese,Milan,0,0,D,0,0,D,6,16,1,5,2,4,4,3,0,0,SA,22_23,3,12,1.0,1.8,2.2,1.0,-9,-1.2000000000000002,0.8
2022-11-08,Spezia,Udinese,1,1,D,1,1,D,21,10,6,2,9,0,3,3,0,0,SA,22_23,1,4,0.8,1.8,0.8,1.0,-3,0.0,0.8
2022-11-08,Napoli,Empoli,2,0,H,0,0,D,18,6,4,1,5,0,1,6,0,1,SA,22_23,15,7,2.8,0.8,0.6,1.4,8,2.1999999999999997,-0.5999999999999999
2022-11-09,Sassuolo,Roma,1,1,D,0,0,D,14,10,6,4,3,2,5,3,0,0,SA,22_23,3,9,0.8,2.0,1.2,0.8,-6,-0.3999999999999999,1.2
2022-11-09,Fiorentina,Salernitana,2,1,H,1,0,H,18,4,7,1,4,3,0,1,0,0,SA,22_23,7,10,1.6,2.0,1.6,1.2,-3,0.0,0.8
2022-11-09,Lecce,Atalanta,2,1,H,2,1,H,15,12,3,4,4,3,1,2,0,0,SA,22_23,2,7,0.6,1.4,1.4,1.4,-5,-0.7999999999999999,0.0
2022-11-09,Sevilla,Sociedad,1,2,A,1,2,A,6,17,3,9,2,1,2,2,2,0,LL,22_23,5,7,0.8,1.2,0.8,1.0,-2,0.0,0.19999999999999996
2022-11-09,Espanol,Villarreal,0,1,A,0,0,D,14,10,6,3,4,7,1,3,0,0,LL,22_23,6,6,1.0,1.0,0.8,1.4,0,0.19999999999999996,-0.3999999999999999
2022-11-09,Torino,Sampdoria,2,0,H,1,0,H,8,11,5,1,4,3,1,3,0,0,SA,22_23,7,4,1.2,1.2,0.4,1.4,3,0.7999999999999999,-0.19999999999999996
2022-11-09,Almeria,Getafe,1,0,H,1,0,H,8,11,3,3,7,6,8,4,1,0,LL,22_23,6,7,1.6,2.0,0.8,0.6,-1,0.8,1.4
2022-11-09,Inter,Bologna,6,1,H,3,1,H,13,10,7,4,4,4,1,5,0,0,SA,22_23,12,10,2.2,1.2,1.8,1.2,2,0.40000000000000013,0.0
2022-11-09,Mallorca,Ath Madrid,1,0,H,1,0,H,9,17,3,5,2,5,5,3,0,0,LL,22_23,7,8,1.0,0.8,1.4,1.2,-1,-0.3999999999999999,-0.3999999999999999
2022-11-10,Real Madrid,Cadiz,2,1,H,1,0,H,18,10,5,5,7,1,3,3,0,0,LL,22_23,10,6,2.4,1.2,1.0,1.6,4,1.4,-0.40000000000000013
2022-11-10,Lazio,Monza,1,0,H,0,0,D,12,8,4,0,4,3,2,1,0,0,SA,22_23,10,6,1.6,0.6,1.2,1.4,4,0.40000000000000013,-0.7999999999999999
2022-11-10,Verona,Juventus,0,1,A,0,0,D,15,11,2,3,5,4,3,2,0,1,SA,22_23,0,12,0.8,2.2,1.6,0.4,-12,-0.8,1.8000000000000003
2022-11-10,Valencia,Betis,3,0,H,0,0,D,15,5,7,1,5,5,1,3,0,1,LL,22_23,3,8,1.0,1.4,1.4,0.8,-5,-0.3999999999999999,0.5999999999999999
2022-11-10,Vallecano,Celta,0,0,D,0,0,D,10,11,3,3,5,3,7,1,0,0,LL,22_23,11,1,2.0,0.8,1.0,2.4,10,1.0,-1.5999999999999999
2022-11-11,Empoli,Cremonese,2,0,H,0,0,D,13,19,6,5,4,9,1,2,0,0,SA,22_23,6,4,0.4,1.6,0.8,1.0,2,-0.4,0.6000000000000001
2022-11-12,Man City,Brentford,1,2,A,1,1,D,29,10,6,8,10,2,2,2,0,0,PL,23_24,12,6,2.0,0.6,1.0,1.4,6,1.0,-0.7999999999999999
2022-11-12,Napoli,Udinese,3,2,H,2,0,H,15,10,5,4,5,3,2,3,0,0,SA,22_23,15,4,2.4,0.6,0.6,0.8,11,1.7999999999999998,-0.20000000000000007
2022-11-12,Newcastle,Chelsea,1,0,H,0,0,D,10,5,3,2,5,3,3,2,0,0,PL,23_24,13,5,2.2,0.4,0.8,1.2,8,1.4000000000000001,-0.7999999999999999
2022-11-12,West Ham,Leicester,0,2,A,0,1,A,18,9,6,6,7,2,3,1,0,0,PL,23_24,4,10,0.8,1.0,1.6,0.2,-6,-0.8,0.8
2022-11-12,Tottenham,Leeds,4,3,H,1,2,A,14,12,8,5,9,2,1,1,0,1,PL,23_24,6,6,1.4,1.6,1.6,2.0,0,-0.20000000000000018,-0.3999999999999999
2022-11-12,Sampdoria,Lecce,0,2,A,0,1,A,11,11,2,3,9,0,2,3,0,0,SA,22_23,3,5,0.2,1.6,0.8,1.2,-2,-0.6000000000000001,0.40000000000000013
2022-11-12,Bologna,Sassuolo,3,0,H,1,0,H,8,9,4,3,4,6,1,0,0,0,SA,22_23,9,4,1.8,2.2,0.8,1.8,5,1.0,0.40000000000000013
2022-11-12,Wolves,Arsenal,0,2,A,0,0,D,11,14,2,4,6,4,3,2,0,0,PL,23_24,4,13,1.0,2.0,2.2,0.6,-9,-1.2000000000000002,1.4
2022-11-12,Liverpool,Southampton,3,1,H,3,1,H,15,9,7,5,6,0,0,2,0,0,PL,23_24,9,5,1.0,0.8,0.8,1.4,4,0.19999999999999996,-0.5999999999999999
2022-11-12,Nott'm Forest,Crystal Palace,1,0,H,0,0,D,9,8,2,0,1,5,1,4,0,0,PL,23_24,5,10,0.6,1.6,1.0,1.0,-5,-0.4,0.6000000000000001
2022-11-12,Bournemouth,Everton,3,0,H,2,0,H,16,15,9,3,3,5,2,0,0,0,PL,23_24,1,4,1.4,2.4,0.6,1.0,-3,0.7999999999999999,1.4
2022-11-13,Juventus,Lazio,3,0,H,1,0,H,13,10,9,3,2,6,2,1,0,0,SA,22_23,15,10,1.8,0.0,1.0,0.6,5,0.8,-0.6
2022-11-13,Milan,Fiorentina,2,1,H,1,1,D,12,11,3,5,5,7,1,4,0,0,SA,22_23,10,10,1.8,1.0,2.0,1.4,0,-0.19999999999999996,-0.3999999999999999
2022-11-13,Brighton,Aston Villa,1,2,A,1,1,D,7,8,2,2,11,4,2,7,0,0,PL,23_24,7,6,1.6,1.6,1.4,2.0,1,0.20000000000000018,-0.3999999999999999
2022-11-13,Fulham,Man United,1,2,A,0,1,A,14,14,7,9,10,3,1,1,0,0,PL,23_24,8,8,1.8,1.2,1.0,0.8,0,0.8,0.3999999999999999
2022-11-13,Roma,Torino,1,1,D,0,0,D,13,10,4,2,7,0,3,2,0,0,SA,22_23,7,9,1.0,0.8,1.4,1.0,-2,-0.3999999999999999,-0.19999999999999996
2022-11-13,Monza,Salernitana,3,0,H,2,0,H,19,5,7,0,6,1,0,2,0,1,SA,22_23,3,7,0.8,1.6,1.4,1.4,-4,-0.5999999999999999,0.20000000000000018
2022-11-13,Verona,Spezia,1,2,A,1,0,H,18,16,5,9,2,10,2,4,0,0,SA,22_23,0,2,0.6,2.0,1.0,1.6,-2,-0.4,0.3999999999999999
2022-11-13,Atalanta,Inter,2,3,A,1,1,D,19,14,7,3,5,4,0,3,0,0,SA,22_23,6,12,1.2,1.4,3.0,1.2,-6,-1.8,0.19999999999999996
2022-12-26,Brentford,Tottenham,2,2,D,1,0,H,9,16,5,8,6,5,3,1,0,0,PL,23_24,6,6,1.0,1.6,1.8,2.2,0,-0.8,-0.6000000000000001
2022-12-26,Crystal Palace,Fulham,0,3,A,0,1,A,4,23,0,11,1,8,0,0,2,0,PL,23_24,9,7,1.0,1.2,1.6,1.2,2,-0.6000000000000001,0.0
2022-12-26,Everton,Wolves,1,2,A,1,1,D,12,7,6,4,2,2,1,6,0,0,PL,23_24,4,1,0.6,1.2,0.8,2.4,3,-0.20000000000000007,-1.2
2022-12-26,Leicester,Newcastle,0,3,A,0,3,A,8,12,2,5,5,5,0,0,0,0,PL,23_24,12,15,2.0,0.2,2.4,0.4,-3,-0.3999999999999999,-0.2
2022-12-26,Southampton,Brighton,1,3,A,0,2,A,14,7,4,4,4,2,1,2,0,0,PL,23_24,4,7,0.8,1.8,1.8,1.6,-3,-1.0,0.19999999999999996
2022-12-26,Aston Villa,Liverpool,1,3,A,0,2,A,12,16,6,9,0,6,0,0,0,0,PL,23_24,9,9,1.8,1.8,1.4,1.0,0,0.40000000000000013,0.8
2022-12-26,Arsenal,West Ham,3,1,H,0,1,A,16,8,5,4,7,5,0,2,0,0,PL,23_24,13,3,2.0,0.2,0.6,1.2,10,1.4,-1.0
2022-12-27,Chelsea,Bournemouth,2,0,H,2,0,H,15,9,5,4,6,8,0,0,0,0,PL,23_24,2,3,0.4,1.4,1.6,2.0,-1,-1.2000000000000002,-0.6000000000000001
2022-12-27,Man United,Nott'm Forest,3,0,H,2,0,H,17,8,8,3,9,9,3,1,0,0,PL,23_24,10,8,1.4,1.0,0.8,1.4,2,0.5999999999999999,-0.3999999999999999
2022-12-28,Leeds,Man City,1,3,A,0,1,A,9,26,1,9,3,5,3,3,0,0,PL,23_24,6,9,2.2,2.6,1.4,1.0,-3,0.8000000000000003,1.6
2022-12-29,Girona,Vallecano,2,2,D,1,1,D,16,12,7,4,2,4,3,2,0,0,LL,22_23,8,11,1.6,1.4,2.0,0.8,-3,-0.3999999999999999,0.5999999999999999
2022-12-29,Betis,Ath Bilbao,0,0,D,0,0,D,9,10,5,0,2,6,1,4,1,0,LL,22_23,5,7,0.8,1.2,1.4,1.6,-2,-0.5999999999999999,-0.40000000000000013
2022-12-29,Ath Madrid,Elche,2,0,H,0,0,D,18,5,4,1,3,5,3,4,1,2,LL,22_23,5,1,1.2,1.4,0.8,2.0,4,0.3999999999999999,-0.6000000000000001
2022-12-30,Valladolid,Real Madrid,0,2,A,0,0,D,14,19,4,8,5,9,2,0,1,0,LL,22_23,9,10,1.4,1.4,2.2,1.2,-1,-0.8000000000000003,0.19999999999999996
2022-12-30,Cadiz,Almeria,1,1,D,0,1,A,12,18,6,9,3,2,2,0,0,0,LL,22_23,5,9,1.0,1.8,1.6,1.4,-4,-0.6000000000000001,0.40000000000000013
2022-12-30,Liverpool,Leicester,2,1,H,2,1,H,21,7,5,2,4,5,0,1,0,0,PL,23_24,9,9,1.8,1.2,1.6,0.8,0,0.19999999999999996,0.3999999999999999
2022-12-30,Celta,Sevilla,1,1,D,1,0,H,17,7,5,5,5,6,2,4,0,1,LL,22_23,2,2,0.8,2.0,0.8,1.6,0,0.0,0.3999999999999999
2022-12-30,West Ham,Brentford,0,2,A,0,2,A,20,9,5,6,8,1,1,0,0,0,PL,23_24,3,6,0.8,1.6,1.4,2.0,-3,-0.5999999999999999,-0.3999999999999999
2022-12-30,Getafe,Mallorca,2,0,H,0,0,D,14,3,6,0,4,2,0,1,0,0,LL,22_23,6,10,0.8,0.8,1.2,0.6,-4,-0.3999999999999999,0.20000000000000007
2022-12-31,Fulham,Southampton,2,1,H,1,0,H,8,9,2,3,4,4,0,1,0,0,PL,23_24,7,1,1.6,1.2,0.8,2.4,6,0.8,-1.2
2022-12-31,Man City,Everton,1,1,D,1,0,H,16,2,3,1,7,1,3,4,0,0,PL,23_24,12,4,2.0,1.0,0.8,1.4,8,1.2,-0.3999999999999999
2022-12-31,Sociedad,Osasuna,2,0,H,1,0,H,9,11,2,3,3,2,1,1,0,0,LL,22_23,7,10,0.8,1.0,1.4,0.8,-3,-0.5999999999999999,0.19999999999999996
2022-12-31,Barcelona,Espanol,1,1,D,1,0,H,21,4,6,1,10,2,6,7,1,1,LL,22_23,15,3,2.4,0.2,0.8,1.2,12,1.5999999999999999,-1.0
2022-12-31,Newcastle,Leeds,0,0,D,0,0,D,16,8,5,1,9,3,3,5,0,0,PL,23_24,15,6,2.8,0.4,2.4,2.8,9,0.3999999999999999,-2.4
2022-12-31,Bournemouth,Crystal Palace,0,2,A,0,2,A,6,15,2,6,2,7,4,1,0,0,PL,23_24,3,6,1.6,2.2,0.6,1.6,-3,1.0,0.6000000000000001
2022-12-31,Wolves,Man United,0,1,A,0,0,D,10,16,3,6,7,5,1,3,0,0,PL,23_24,4,10,1.0,2.2,1.6,1.0,-6,-0.6000000000000001,1.2000000000000002
2022-12-31,Brighton,Arsenal,2,4,A,0,2,A,9,14,5,7,7,4,3,3,0,0,PL,23_24,9,13,2.4,1.8,2.4,0.4,-4,0.0,1.4
2022-12-31,Villarreal,Valencia,2,1,H,1,1,D,14,13,8,4,5,2,1,3,0,0,LL,22_23,6,5,0.6,1.4,1.2,1.0,1,-0.6,0.3999999999999999
2023-01-01,Nott'm Forest,Chelsea,1,1,D,0,1,A,12,7,5,2,1,2,2,2,0,0,PL,23_24,7,4,0.8,2.0,0.8,1.4,3,0.0,0.6000000000000001
2023-01-01,Tottenham,Aston Villa,0,2,A,0,0,D,6,13,2,4,5,3,4,3,0,0,PL,23_24,7,9,2.2,2.2,2.0,1.8,-2,0.20000000000000018,0.40000000000000013
2023-01-02,Brentford,Liverpool,3,1,H,2,0,H,10,16,7,6,4,9,1,3,0,0,PL,23_24,9,12,1.8,1.2,2.2,1.2,-3,-0.40000000000000013,0.0
2023-01-03,Leicester,Fulham,0,1,A,0,1,A,15,11,6,2,6,3,2,6,0,0,PL,23_24,6,7,1.0,1.2,1.4,1.0,-1,-0.3999999999999999,0.19999999999999996
2023-01-03,Arsenal,Newcastle,0,0,D,0,0,D,17,8,4,1,5,5,4,4,0,0,PL,23_24,15,13,3.0,0.6,2.4,0.2,2,0.6000000000000001,0.39999999999999997
2023-01-03,Everton,Brighton,1,4,A,0,1,A,10,19,4,8,5,2,3,1,0,0,PL,23_24,2,9,0.4,1.6,2.6,2.0,-7,-2.2,-0.3999999999999999
2023-01-03,Man United,Bournemouth,3,0,H,1,0,H,18,7,6,4,6,5,0,3,0,0,PL,23_24,12,3,1.6,0.8,1.6,2.2,9,0.0,-1.4000000000000001
2023-01-04,Southampton,Nott'm Forest,0,1,A,0,1,A,8,11,0,1,6,2,2,2,0,0,PL,23_24,0,5,0.8,2.6,0.8,2.2,-5,0.0,0.3999999999999999
2023-01-04,Sassuolo,Sampdoria,1,2,A,0,2,A,16,9,4,4,9,1,2,3,0,0,SA,22_23,4,3,0.6,2.0,0.2,1.8,1,0.39999999999999997,0.19999999999999996
2023-01-04,Crystal Palace,Tottenham,0,4,A,0,0,D,19,14,4,6,10,4,1,2,0,0,PL,23_24,9,7,1.0,1.0,2.0,2.2,2,-1.0,-1.2000000000000002
2023-01-04,Aston Villa,Wolves,1,1,D,0,1,A,13,10,4,3,7,8,1,3,0,0,PL,23_24,9,4,1.6,1.8,1.0,1.6,5,0.6000000000000001,0.19999999999999996
2023-01-04,Udinese,Empoli,1,1,D,0,1,A,21,6,3,1,8,1,2,3,0,1,SA,22_23,3,6,1.0,1.4,0.6,1.6,-3,0.4,-0.20000000000000018
2023-01-04,Fiorentina,Monza,1,1,D,1,0,H,22,10,6,3,9,1,1,3,0,0,SA,22_23,9,6,2.0,1.6,1.4,1.4,3,0.6000000000000001,0.20000000000000018
2023-01-04,Cremonese,Juventus,0,1,A,0,0,D,13,19,3,8,3,8,5,3,0,0,SA,22_23,3,15,0.4,1.0,2.2,0.0,-12,-1.8000000000000003,1.0
2023-01-04,Roma,Bologna,1,0,H,1,0,H,14,10,4,2,3,3,2,3,0,0,SA,22_23,5,12,1.0,1.0,2.0,1.6,-7,-1.0,-0.6000000000000001
2023-01-04,Torino,Verona,1,1,D,0,1,A,9,10,3,2,6,3,1,1,0,0,SA,22_23,10,0,1.6,1.0,0.6,2.0,10,1.0,-1.0
2023-01-04,Salernitana,Milan,1,2,A,0,2,A,8,16,1,10,6,2,4,1,0,0,SA,22_23,7,10,1.4,1.6,1.8,1.0,-3,-0.40000000000000013,0.6000000000000001
2023-01-04,Leeds,West Ham,2,2,D,1,1,D,14,15,6,2,8,1,3,1,0,0,PL,23_24,7,0,2.0,2.2,0.4,2.0,7,1.6,0.20000000000000018
2023-01-04,Inter,Napoli,1,0,H,0,0,D,6,9,1,2,5,4,3,2,0,0,SA,22_23,12,15,3.2,1.6,2.4,0.6,-3,0.8000000000000003,1.0
2023-01-04,Lecce,Lazio,2,1,H,0,1,A,11,8,4,2,4,3,3,2,0,0,SA,22_23,7,9,1.0,1.0,1.0,1.2,-2,0.0,-0.19999999999999996
2023-01-04,Spezia,Atalanta,2,2,D,2,0,H,7,19,3,3,3,8,3,3,0,0,SA,22_23,4,3,1.0,1.4,1.2,1.8,1,-0.19999999999999996,-0.40000000000000013
2023-01-05,Chelsea,Man City,0,1,A,0,0,D,8,12,2,3,3,2,2,0,0,0,PL,23_24,4,10,0.8,1.4,1.6,1.0,-6,-0.8,0.3999999999999999
2023-01-06,Elche,Celta,0,1,A,0,1,A,13,14,5,7,8,4,3,1,1,0,LL,22_23,1,3,0.8,1.8,0.8,1.4,-2,0.0,0.40000000000000013
2023-01-06,Valencia,Cadiz,0,1,A,0,1,A,11,6,2,2,13,2,5,6,0,0,LL,22_23,4,5,1.2,1.2,1.2,2.0,-1,0.0,-0.8
2023-01-07,Espanol,Girona,2,2,D,0,1,A,12,12,6,5,5,2,3,2,0,0,LL,22_23,4,9,1.0,1.2,1.6,1.2,-5,-0.6000000000000001,0.0
2023-01-07,Monza,Inter,2,2,D,1,2,A,13,11,4,3,3,5,0,3,0,0,SA,22_23,7,12,1.4,0.8,2.6,1.0,-5,-1.2000000000000002,-0.19999999999999996
2023-01-07,Juventus,Udinese,1,0,H,0,0,D,14,11,4,3,6,4,1,2,0,0,SA,22_23,15,4,1.6,0.0,1.0,1.2,11,0.6000000000000001,-1.2
2023-01-07,Mallorca,Valladolid,1,0,H,0,0,D,13,9,4,1,6,2,2,3,0,0,LL,22_23,10,6,1.2,0.8,0.6,1.6,4,0.6,-0.8
2023-01-07,Fiorentina,Sassuolo,2,1,H,0,0,D,14,17,5,4,6,3,4,3,0,0,SA,22_23,10,1,1.6,1.0,0.4,2.2,9,1.2000000000000002,-1.2000000000000002
2023-01-07,Villarreal,Real Madrid,2,1,H,0,0,D,17,13,5,3,6,5,4,1,0,0,LL,22_23,9,10,1.0,1.0,2.0,1.2,-1,-1.0,-0.19999999999999996
2023-01-08,Sampdoria,Napoli,0,2,A,0,1,A,9,24,2,8,2,5,3,2,1,0,SA,22_23,3,12,0.4,2.0,2.2,0.8,-9,-1.8000000000000003,1.2
2023-01-08,Spezia,Lecce,0,0,D,0,0,D,10,15,2,4,5,7,0,1,0,0,SA,22_23,5,10,1.4,1.6,1.4,0.8,-5,0.0,0.8
2023-01-08,Lazio,Empoli,2,2,D,1,0,H,18,5,4,2,10,3,4,1,0,0,SA,22_23,6,7,0.8,1.6,0.8,1.0,-1,0.0,0.6000000000000001
2023-01-08,Almeria,Sociedad,0,2,A,0,0,D,6,9,1,6,4,2,1,0,0,0,LL,22_23,7,7,1.2,1.2,1.0,1.0,0,0.19999999999999996,0.19999999999999996
2023-01-08,Ath Madrid,Barcelona,0,1,A,0,1,A,20,10,5,2,7,4,2,3,1,1,LL,22_23,7,13,1.4,1.2,2.0,0.4,-6,-0.6000000000000001,0.7999999999999999
2023-01-08,Sevilla,Getafe,2,1,H,1,0,H,11,11,5,2,4,4,3,3,0,0,LL,22_23,2,8,0.8,1.6,0.8,0.4,-6,0.0,1.2000000000000002
2023-01-08,Vallecano,Betis,1,2,A,1,2,A,15,14,3,3,5,7,3,2,0,0,LL,22_23,11,5,2.2,1.0,0.8,1.2,6,1.4000000000000001,-0.19999999999999996
2023-01-08,Salernitana,Torino,1,1,D,0,1,A,11,23,4,8,6,7,2,3,0,0,SA,22_23,4,8,1.4,2.0,1.4,1.0,-4,0.0,1.0
2023-01-08,Milan,Roma,2,2,D,1,0,H,12,12,5,3,3,4,4,7,0,0,SA,22_23,10,8,1.4,1.0,1.2,0.8,2,0.19999999999999996,0.19999999999999996
2023-01-09,Bologna,Atalanta,1,2,A,1,0,H,12,7,3,3,4,0,3,2,0,0,SA,22_23,9,4,1.6,1.8,1.6,1.8,5,0.0,0.0
2023-01-09,Ath Bilbao,Osasuna,0,0,D,0,0,D,17,3,3,1,14,1,0,1,0,0,LL,22_23,7,7,1.0,1.2,1.2,1.2,0,-0.19999999999999996,0.0
2023-01-09,Verona,Cremonese,2,0,H,2,0,H,9,15,4,5,3,5,3,4,0,0,SA,22_23,1,3,0.6,1.8,0.4,1.0,-2,0.19999999999999996,0.8
2023-01-12,Fulham,Chelsea,2,1,H,1,0,H,8,20,3,10,5,7,4,3,0,1,PL,23_24,9,4,1.6,1.0,0.6,0.8,5,1.0,0.19999999999999996
2023-01-13,Napoli,Juventus,5,1,H,2,1,H,14,11,10,2,2,5,0,1,0,0,SA,22_23,12,15,1.8,0.8,1.6,0.0,-3,0.19999999999999996,0.8
2023-01-13,Celta,Villarreal,1,1,D,0,1,A,21,3,8,1,14,3,0,2,0,0,LL,22_23,5,9,0.8,1.2,1.0,1.0,-4,-0.19999999999999996,0.19999999999999996
2023-01-13,Aston Villa,Leeds,2,1,H,1,0,H,11,16,5,4,0,11,2,2,0,0,PL,23_24,10,5,1.8,1.2,2.0,2.4,5,-0.19999999999999996,-1.2
2023-01-14,Sociedad,Ath Bilbao,3,1,H,2,1,H,11,6,5,2,4,2,5,1,0,1,LL,22_23,10,8,1.4,0.8,1.0,0.4,2,0.3999999999999999,0.4
2023-01-14,Osasuna,Mallorca,1,0,H,0,0,D,15,6,4,2,3,1,2,3,0,0,LL,22_23,7,10,1.0,1.0,1.0,0.6,-3,0.0,0.4
2023-01-14,Girona,Sevilla,2,1,H,0,1,A,19,10,7,2,5,2,3,1,0,0,LL,22_23,9,5,1.8,1.4,1.0,1.2,4,0.8,0.19999999999999996
2023-01-14,Valladolid,Vallecano,0,1,A,0,0,D,9,13,2,6,4,8,2,2,0,0,LL,22_23,3,8,0.4,1.8,1.4,1.2,-5,-0.9999999999999999,0.6000000000000001
2023-01-14,Man United,Man City,2,1,H,0,0,D,8,5,4,1,1,2,3,0,0,0,PL,23_24,12,10,2.0,0.8,1.6,1.0,2,0.3999999999999999,-0.19999999999999996
2023-01-14,Brighton,Liverpool,3,0,H,0,0,D,16,6,9,2,7,1,1,3,0,0,PL,23_24,9,12,2.6,2.0,2.2,1.4,-3,0.3999999999999999,0.6000000000000001
2023-01-14,Everton,Southampton,1,2,A,1,0,H,12,13,4,5,6,4,0,3,0,0,PL,23_24,1,0,0.6,2.4,0.8,2.6,1,-0.20000000000000007,-0.20000000000000018
2023-01-14,Nott'm Forest,Leicester,2,0,H,0,0,D,15,6,5,1,3,5,1,2,0,0,PL,23_24,8,6,1.0,1.2,1.0,1.2,2,0.0,0.0
2023-01-14,Brentford,Bournemouth,2,0,H,1,0,H,12,7,4,2,5,3,1,1,0,0,PL,23_24,11,3,2.2,1.2,1.2,2.2,8,1.0000000000000002,-1.0000000000000002
2023-01-14,Wolves,West Ham,1,0,H,0,0,D,17,16,4,4,4,3,0,2,0,0,PL,23_24,4,1,1.0,1.6,0.8,2.2,3,0.19999999999999996,-0.6000000000000001
2023-01-14,Inter,Verona,1,0,H,1,0,H,11,6,3,1,3,4,0,3,0,0,SA,22_23,10,4,2.4,1.4,0.8,1.2,6,1.5999999999999999,0.19999999999999996
2023-01-14,Lecce,Milan,2,2,D,2,0,H,17,12,3,5,8,4,1,2,0,0,SA,22_23,11,11,1.4,0.6,1.6,1.0,0,-0.20000000000000018,-0.4
2023-01-14,Cremonese,Monza,2,3,A,0,2,A,11,8,7,3,4,2,2,4,0,0,SA,22_23,2,8,0.4,1.4,1.6,0.8,-6,-1.2000000000000002,0.5999999999999999
2023-01-15,Roma,Fiorentina,2,0,H,1,0,H,10,7,4,3,5,9,3,4,0,1,SA,22_23,6,10,1.0,1.0,1.6,1.0,-4,-0.6000000000000001,0.0
2023-01-15,Atalanta,Salernitana,8,2,H,5,1,H,19,7,13,2,5,2,1,0,0,0,SA,22_23,4,2,1.6,2.0,1.0,2.0,2,0.6000000000000001,0.0
2023-01-15,Udinese,Bologna,1,2,A,1,0,H,20,15,4,2,6,4,1,3,0,0,SA,22_23,3,6,1.0,1.4,1.4,2.0,-3,-0.3999999999999999,-0.6000000000000001
2023-01-15,Torino,Spezia,0,1,A,0,1,A,11,13,4,5,7,2,3,3,0,0,SA,22_23,6,6,1.2,1.0,1.2,1.2,0,0.0,-0.19999999999999996
2023-01-15,Sassuolo,Lazio,0,2,A,0,1,A,12,12,2,3,7,3,5,3,0,0,SA,22_23,1,7,0.6,1.8,1.0,1.4,-6,-0.4,0.40000000000000013
2023-01-15,Getafe,Espanol,1,2,A,1,1,D,10,10,2,4,5,1,2,3,0,0,LL,22_23,7,4,0.8,0.6,1.0,1.2,3,-0.19999999999999996,-0.6
2023-01-15,Almeria,Ath Madrid,1,1,D,1,1,D,14,12,3,6,3,4,4,4,0,1,LL,22_23,7,4,1.0,1.2,1.0,1.2,3,0.0,0.0
2023-01-15,Chelsea,Crystal Palace,1,0,H,0,0,D,15,10,5,5,11,7,2,5,0,0,PL,23_24,4,6,0.8,1.0,0.8,1.8,-2,0.0,-0.8
2023-01-15,Tottenham,Arsenal,0,2,A,0,2,A,17,14,7,5,4,3,4,2,0,0,PL,23_24,7,13,2.2,1.8,2.0,0.6,-6,0.20000000000000018,1.2000000000000002
2023-01-15,Newcastle,Fulham,1,0,H,0,0,D,20,5,5,0,10,5,1,3,0,0,PL,23_24,11,12,1.6,0.2,1.8,0.8,-1,-0.19999999999999996,-0.6000000000000001
2023-01-16,Cadiz,Elche,1,1,D,1,0,H,16,12,3,5,3,6,3,2,0,0,LL,22_23,8,0,1.2,1.0,0.4,1.6,8,0.7999999999999999,-0.6000000000000001
2023-01-16,Empoli,Sampdoria,1,0,H,0,0,D,16,16,5,7,3,3,5,6,0,0,SA,22_23,8,3,1.2,1.0,0.4,1.8,5,0.7999999999999999,-0.8
2023-01-18,Crystal Palace,Man United,1,1,D,0,1,A,10,15,5,4,3,3,1,2,0,0,PL,23_24,3,15,0.4,1.8,2.2,0.4,-12,-1.8000000000000003,1.4
2023-01-19,Man City,Tottenham,4,2,H,0,2,A,16,9,6,3,8,3,1,2,0,0,PL,23_24,7,7,1.4,1.2,2.0,1.8,0,-0.6000000000000001,-0.6000000000000001
2023-01-20,Mallorca,Celta,1,0,H,0,0,D,8,10,3,3,4,6,2,3,0,0,LL,22_23,9,6,0.8,0.6,0.8,0.8,3,0.0,-0.20000000000000007
2023-01-21,Fiorentina,Torino,0,1,A,0,1,A,19,9,5,3,5,3,2,2,0,0,SA,22_23,7,6,1.2,1.4,1.0,0.8,1,0.19999999999999996,0.5999999999999999
2023-01-21,Salernitana,Napoli,0,2,A,0,1,A,5,9,2,4,3,4,2,2,0,0,SA,22_23,1,12,1.0,3.2,2.4,0.8,-11,-1.4,2.4000000000000004
2023-01-21,Verona,Lecce,2,0,H,1,0,H,11,9,4,3,5,4,3,0,0,0,SA,22_23,4,11,0.8,1.0,1.6,0.8,-7,-0.8,0.19999999999999996
2023-01-21,Liverpool,Chelsea,0,0,D,0,0,D,15,11,3,2,5,5,3,1,0,0,PL,23_24,9,7,1.8,1.8,1.0,0.8,2,0.8,1.0
2023-01-21,Sevilla,Cadiz,1,0,H,0,0,D,17,4,9,1,8,1,1,4,0,1,LL,22_23,5,6,1.2,1.4,0.8,0.8,-1,0.3999999999999999,0.5999999999999999
2023-01-21,Leicester,Brighton,2,2,D,1,1,D,9,13,2,4,5,6,0,1,0,0,PL,23_24,3,9,0.6,1.6,2.6,1.6,-6,-2.0,0.0
2023-01-21,Southampton,Aston Villa,0,1,A,0,0,D,8,16,5,5,2,2,1,2,0,0,PL,23_24,3,10,1.0,2.0,1.6,1.2,-7,-0.6000000000000001,0.8
2023-01-21,West Ham,Everton,2,0,H,2,0,H,11,5,4,2,4,9,1,1,0,0,PL,23_24,1,1,0.6,2.0,0.8,2.4,0,-0.20000000000000007,-0.3999999999999999
2023-01-21,Espanol,Betis,1,0,H,1,0,H,8,13,2,4,7,4,3,2,0,0,LL,22_23,6,8,1.2,1.2,1.0,1.0,-2,0.19999999999999996,0.19999999999999996
2023-01-21,Vallecano,Sociedad,0,2,A,0,2,A,14,12,2,7,3,4,0,0,0,0,LL,22_23,8,13,1.4,1.2,2.0,0.6,-5,-0.6000000000000001,0.6
2023-01-21,Crystal Palace,Newcastle,0,0,D,0,0,D,6,16,1,7,3,15,4,2,0,0,PL,23_24,4,11,0.6,1.8,1.0,0.0,-7,-0.4,1.8
2023-01-21,Ath Madrid,Valladolid,3,0,H,3,0,H,18,7,8,1,4,1,1,1,0,0,LL,22_23,5,3,0.8,0.8,0.4,1.6,2,0.4,-0.8
2023-01-21,Bournemouth,Nott'm Forest,1,1,D,1,0,H,16,20,4,5,4,6,1,2,0,0,PL,23_24,3,10,0.6,1.8,1.0,0.8,-7,-0.4,1.0
2023-01-22,Spezia,Roma,0,2,A,0,1,A,8,13,0,3,4,0,3,1,0,0,SA,22_23,9,9,1.2,0.8,1.4,0.8,0,-0.19999999999999996,0.0
2023-01-22,Arsenal,Man United,3,2,H,1,1,D,25,6,5,4,12,4,1,2,0,0,PL,23_24,13,13,2.2,0.6,2.0,0.4,0,0.20000000000000018,0.19999999999999996
2023-01-22,Sampdoria,Udinese,0,1,A,0,0,D,9,14,1,5,6,6,3,1,0,0,SA,22_23,3,2,0.4,1.6,1.0,1.6,1,-0.6,0.0
2023-01-22,Monza,Sassuolo,1,1,D,0,1,A,14,13,3,1,10,4,2,2,0,0,SA,22_23,8,1,1.8,1.2,0.6,2.0,7,1.2000000000000002,-0.8
2023-01-22,Juventus,Atalanta,3,3,D,2,1,H,15,14,8,4,6,4,1,2,0,0,SA,22_23,12,7,1.4,1.0,3.0,2.0,5,-1.6,-1.0
2023-01-22,Man City,Wolves,3,0,H,1,0,H,13,10,7,1,5,7,1,2,0,0,PL,23_24,10,7,2.0,1.2,0.8,1.0,3,1.2,0.19999999999999996
2023-01-22,Leeds,Brentford,0,0,D,0,0,D,9,6,5,0,2,3,2,2,0,0,PL,23_24,2,13,1.4,2.2,2.2,0.8,-11,-0.8000000000000003,1.4000000000000001
2023-01-22,Barcelona,Getafe,1,0,H,1,0,H,8,7,4,3,4,2,1,2,0,0,LL,22_23,13,4,1.4,0.4,0.8,1.0,9,0.5999999999999999,-0.6
2023-01-22,Villarreal,Girona,1,0,H,0,0,D,19,8,9,1,3,2,5,5,0,1,LL,22_23,10,11,1.2,1.0,2.0,1.4,-1,-0.8,-0.3999999999999999
2023-01-22,Elche,Osasuna,1,1,D,0,1,A,13,8,4,4,7,2,2,1,0,0,LL,22_23,1,7,0.6,1.6,0.8,1.0,-6,-0.20000000000000007,0.6000000000000001
2023-01-22,Ath Bilbao,Real Madrid,0,2,A,0,1,A,18,10,3,4,12,2,3,2,0,0,LL,22_23,5,7,1.0,1.0,1.6,1.4,-2,-0.6000000000000001,-0.3999999999999999
2023-01-23,Valencia,Almeria,2,2,D,0,0,D,16,14,6,3,6,2,2,1,0,0,LL,22_23,4,5,1.0,1.0,0.6,1.2,-1,0.4,-0.19999999999999996
2023-01-23,Fulham,Tottenham,0,1,A,0,1,A,10,10,5,3,3,8,1,3,0,0,PL,23_24,12,4,1.6,0.6,1.6,2.0,8,0.0,-1.4
2023-01-23,Bologna,Cremonese,1,1,D,0,0,D,21,9,8,2,4,1,2,5,0,0,SA,22_23,6,1,1.4,2.0,0.4,1.6,5,0.9999999999999999,0.3999999999999999
2023-01-23,Inter,Empoli,0,1,A,0,0,D,16,13,1,8,2,3,4,3,1,0,SA,22_23,13,8,2.6,1.0,1.2,1.0,5,1.4000000000000001,0.0
2023-01-24,Lazio,Milan,4,0,H,2,0,H,10,10,5,3,3,4,1,2,0,0,SA,22_23,7,9,1.2,1.4,1.6,1.2,-2,-0.40000000000000013,0.19999999999999996
2023-01-27,Bologna,Spezia,2,0,H,1,0,H,18,6,6,4,5,5,2,2,0,0,SA,22_23,7,8,1.4,1.0,1.0,1.0,-1,0.3999999999999999,0.0
2023-01-27,Lecce,Salernitana,1,2,A,1,2,A,15,10,5,6,4,4,2,4,0,0,SA,22_23,8,1,1.2,1.0,0.8,3.2,7,0.3999999999999999,-2.2
2023-01-27,Almeria,Espanol,3,1,H,1,0,H,19,6,7,3,2,2,3,3,0,0,LL,22_23,6,8,1.0,1.2,1.2,1.0,-2,-0.19999999999999996,0.19999999999999996
2023-01-28,Cremonese,Inter,1,2,A,1,1,D,12,30,4,10,2,14,0,2,0,0,SA,22_23,1,10,0.6,1.8,1.4,1.0,-9,-0.7999999999999999,0.8
2023-01-28,Atalanta,Sampdoria,2,0,H,1,0,H,21,15,5,5,7,4,0,2,0,0,SA,22_23,8,3,3.4,2.2,0.4,1.4,5,3.0,0.8000000000000003
2023-01-28,Cadiz,Mallorca,2,0,H,2,0,H,11,9,4,2,6,2,2,2,0,0,LL,22_23,5,9,0.8,1.0,0.6,0.6,-4,0.20000000000000007,0.4
2023-01-28,Girona,Barcelona,0,1,A,0,0,D,8,8,2,3,4,2,2,3,1,0,LL,22_23,8,13,1.6,1.4,1.4,0.4,-5,0.20000000000000018,0.9999999999999999
2023-01-28,Sevilla,Elche,3,0,H,3,0,H,22,6,8,1,5,2,1,3,0,1,LL,22_23,7,2,1.2,1.2,0.6,1.4,5,0.6,-0.19999999999999996
2023-01-28,Getafe,Betis,0,1,A,0,0,D,6,13,1,2,6,1,4,2,0,0,LL,22_23,3,5,0.8,1.2,0.6,1.2,-2,0.20000000000000007,0.0
2023-01-28,Empoli,Torino,2,2,D,1,0,H,11,16,4,4,5,5,2,0,0,0,SA,22_23,11,6,1.4,0.6,0.8,0.8,5,0.5999999999999999,-0.20000000000000007
2023-01-29,Lazio,Fiorentina,1,1,D,1,0,H,13,17,1,6,3,4,2,3,0,0,SA,22_23,7,4,1.8,1.4,0.8,1.4,3,1.0,0.0
2023-01-29,Milan,Sassuolo,2,5,A,1,3,A,10,9,5,7,2,3,7,4,0,0,SA,22_23,8,1,1.6,2.0,0.6,2.0,7,1.0,0.0
2023-01-29,Juventus,Monza,0,2,A,0,2,A,22,3,8,3,12,1,0,2,0,0,SA,22_23,10,9,1.8,1.6,2.0,1.2,1,-0.19999999999999996,0.40000000000000013
2023-01-29,Real Madrid,Sociedad,0,0,D,0,0,D,20,8,7,3,10,3,1,4,0,0,LL,22_23,9,15,1.8,1.2,2.2,0.4,-6,-0.40000000000000013,0.7999999999999999
2023-01-29,Napoli,Roma,2,1,H,1,0,H,11,11,6,3,3,8,1,2,0,0,SA,22_23,12,11,2.4,0.8,1.6,0.6,1,0.7999999999999998,0.20000000000000007
2023-01-29,Osasuna,Ath Madrid,0,1,A,0,0,D,14,13,4,5,5,4,1,0,0,0,LL,22_23,5,7,0.6,1.0,1.2,0.6,-2,-0.6,0.4
2023-01-29,Valladolid,Valencia,1,0,H,0,0,D,13,15,6,2,4,7,3,1,0,0,LL,22_23,0,5,0.0,2.0,1.4,1.2,-5,-1.4,0.8
2023-01-29,Celta,Ath Bilbao,1,0,H,0,0,D,9,5,3,0,2,5,3,2,0,0,LL,22_23,6,5,0.6,0.6,0.8,1.0,1,-0.20000000000000007,-0.4
2023-01-30,Villarreal,Vallecano,0,1,A,0,0,D,12,11,3,3,5,4,2,3,0,0,LL,22_23,13,5,1.4,0.6,0.8,1.2,8,0.5999999999999999,-0.6
2023-01-30,Udinese,Verona,1,1,D,1,1,D,26,10,8,2,14,6,1,3,0,0,SA,22_23,4,7,1.0,1.4,1.2,0.8,-3,-0.19999999999999996,0.5999999999999999
2023-02-01,Betis,Barcelona,1,2,A,0,0,D,5,13,1,3,1,6,3,0,1,0,LL,22_23,7,13,0.6,1.0,1.2,0.4,-6,-0.6,0.6
2023-02-02,Real Madrid,Valencia,2,0,H,0,0,D,19,4,7,0,6,6,3,1,0,1,LL,22_23,10,4,1.4,0.6,1.2,1.2,6,0.19999999999999996,-0.6
2023-02-03,Ath Bilbao,Cadiz,4,1,H,3,1,H,17,15,9,3,0,3,2,1,1,0,LL,22_23,2,8,0.2,1.2,1.0,0.6,-6,-0.8,0.6
2023-02-03,Chelsea,Fulham,0,0,D,0,0,D,12,10,3,4,6,2,1,4,0,0,PL,23_24,5,9,0.6,0.8,1.0,0.8,-4,-0.4,0.0
2023-02-04,Wolves,Liverpool,3,0,H,2,0,H,12,22,6,4,2,7,1,1,0,0,PL,23_24,7,7,0.8,1.2,1.2,1.6,0,-0.3999999999999999,-0.40000000000000013
2023-02-04,Cremonese,Lecce,0,2,A,0,0,D,12,9,3,4,4,8,1,2,0,0,SA,22_23,1,5,0.8,1.8,1.0,1.4,-4,-0.19999999999999996,0.40000000000000013
2023-02-04,Betis,Celta,3,4,A,2,2,D,15,9,7,7,5,5,2,3,1,0,LL,22_23,7,8,0.8,0.8,0.8,0.6,-1,0.0,0.20000000000000007
2023-02-04,Brighton,Bournemouth,1,0,H,0,0,D,20,12,6,2,7,3,3,1,0,0,PL,23_24,10,1,2.8,1.6,0.2,2.0,9,2.5999999999999996,-0.3999999999999999
2023-02-04,Roma,Empoli,2,0,H,2,0,H,12,11,6,2,7,7,2,1,0,0,SA,22_23,10,9,1.6,0.8,1.4,1.0,1,0.20000000000000018,-0.19999999999999996
2023-02-04,Sassuolo,Atalanta,1,0,H,0,0,D,18,7,8,2,2,7,5,1,0,2,SA,22_23,4,11,1.6,1.8,3.4,1.6,-7,-1.7999999999999998,0.19999999999999996
2023-02-04,Newcastle,West Ham,1,1,D,1,1,D,8,10,2,1,4,2,2,1,0,0,PL,23_24,9,4,0.8,0.0,1.0,1.6,5,-0.19999999999999996,-1.6
2023-02-04,Brentford,Southampton,3,0,H,2,0,H,14,14,4,6,4,4,1,2,0,0,PL,23_24,11,3,1.8,0.6,0.8,1.6,8,1.0,-1.0
2023-02-04,Man United,Crystal Palace,2,1,H,1,0,H,14,10,5,3,5,5,1,2,1,0,PL,23_24,10,5,1.8,1.0,0.6,1.2,5,1.2000000000000002,-0.19999999999999996
2023-02-04,Everton,Arsenal,1,0,H,0,0,D,12,15,4,3,7,5,4,1,0,0,PL,23_24,1,13,0.8,2.2,2.4,1.0,-12,-1.5999999999999999,1.2000000000000002
2023-02-04,Espanol,Osasuna,1,1,D,0,1,A,9,9,4,3,4,3,3,5,1,1,LL,22_23,8,5,1.4,1.4,0.4,0.8,3,0.9999999999999999,0.5999999999999999
2023-02-04,Aston Villa,Leicester,2,4,A,2,3,A,19,9,4,5,11,3,0,2,0,0,PL,23_24,10,1,1.4,1.0,0.6,2.0,9,0.7999999999999999,-1.0
2023-02-04,Elche,Villarreal,3,1,H,2,1,H,18,14,7,2,6,10,4,2,0,0,LL,22_23,2,10,0.4,1.6,1.2,0.8,-8,-0.7999999999999999,0.8
2023-02-04,Ath Madrid,Getafe,1,1,D,0,0,D,12,9,4,1,8,0,3,5,0,0,LL,22_23,10,3,1.4,0.4,0.8,1.2,7,0.5999999999999999,-0.7999999999999999
2023-02-05,Inter,Milan,1,0,H,1,0,H,15,4,4,0,8,0,2,5,0,0,SA,22_23,10,5,1.2,0.8,1.6,2.8,5,-0.40000000000000013,-1.9999999999999998
2023-02-05,Fiorentina,Bologna,1,2,A,1,1,D,18,11,6,7,5,3,2,4,0,0,SA,22_23,5,7,0.8,1.2,1.2,1.0,-2,-0.3999999999999999,0.19999999999999996
2023-02-05,Torino,Udinese,1,0,H,0,0,D,11,11,3,3,6,5,1,1,0,0,SA,22_23,6,5,1.0,1.0,0.8,1.0,1,0.19999999999999996,0.0
2023-02-05,Barcelona,Sevilla,3,0,H,0,0,D,16,3,7,1,8,3,0,2,0,0,LL,22_23,13,10,1.2,0.4,1.6,0.8,3,-0.40000000000000013,-0.4
2023-02-05,Girona,Valencia,1,0,H,0,0,D,20,8,8,4,8,4,1,4,0,0,LL,22_23,5,1,1.2,1.4,0.6,1.6,4,0.6,-0.20000000000000018
2023-02-05,Nott'm Forest,Leeds,1,0,H,1,0,H,6,10,2,4,0,2,4,2,0,0,PL,23_24,8,3,1.0,1.0,0.8,1.4,5,0.19999999999999996,-0.3999999999999999
2023-02-05,Mallorca,Real Madrid,1,0,H,1,0,H,4,20,1,1,1,12,5,5,0,0,LL,22_23,6,10,0.4,1.0,1.4,0.4,-4,-0.9999999999999999,0.6
2023-02-05,Tottenham,Man City,1,0,H,1,0,H,12,15,3,5,4,6,2,3,1,0,PL,23_24,6,10,1.4,1.6,2.0,1.0,-4,-0.6000000000000001,0.6000000000000001
2023-02-05,Sociedad,Valladolid,0,1,A,0,0,D,15,7,4,2,0,4,4,5,0,0,LL,22_23,13,3,1.8,0.2,0.2,1.4,10,1.6,-1.2
2023-02-05,Spezia,Napoli,0,3,A,0,0,D,9,12,3,5,3,6,3,2,0,0,SA,22_23,5,12,0.6,1.2,2.2,0.6,-7,-1.6,0.6
2023-02-06,Vallecano,Almeria,2,0,H,0,0,D,15,14,11,5,3,7,3,3,0,0,LL,22_23,7,6,1.0,1.2,1.4,1.4,1,-0.3999999999999999,-0.19999999999999996
2023-02-06,Verona,Lazio,1,1,D,0,1,A,15,9,4,2,6,5,4,1,0,0,SA,22_23,8,8,1.2,0.6,2.0,1.0,0,-0.8,-0.4
2023-02-06,Monza,Sampdoria,2,2,D,1,1,D,17,11,5,6,9,3,2,4,0,0,SA,22_23,9,3,1.8,1.2,0.4,1.4,6,1.4,-0.19999999999999996
2023-02-07,Salernitana,Juventus,0,3,A,0,2,A,10,17,1,5,6,3,1,1,0,0,SA,22_23,4,7,1.2,2.8,1.2,2.0,-3,0.0,0.7999999999999998
2023-02-08,Man United,Leeds,2,2,D,0,1,A,24,8,7,2,6,5,1,3,0,0,PL,23_24,10,3,2.0,1.2,0.6,1.0,7,1.4,0.19999999999999996
2023-02-10,Cadiz,Girona,2,0,H,2,0,H,12,7,3,1,5,6,4,4,0,0,LL,22_23,7,7,1.0,1.2,1.0,1.0,0,0.0,0.19999999999999996
2023-02-10,Milan,Torino,1,0,H,0,0,D,9,12,4,2,3,8,1,4,0,0,SA,22_23,2,8,1.2,2.8,1.0,0.8,-6,0.19999999999999996,1.9999999999999998
2023-02-11,Southampton,Wolves,1,2,A,1,0,H,17,11,2,2,5,2,2,2,0,1,PL,23_24,3,7,0.6,1.6,1.0,1.0,-4,-0.4,0.6000000000000001
2023-02-11,Valencia,Ath Bilbao,1,2,A,1,1,D,18,11,8,3,7,1,2,2,0,0,LL,22_23,1,4,0.4,1.4,1.0,1.4,-3,-0.6,0.0
2023-02-11,Lazio,Atalanta,0,2,A,0,1,A,13,23,5,10,5,7,1,2,0,0,SA,22_23,9,10,2.0,0.8,3.0,1.4,-1,-1.0,-0.5999999999999999
2023-02-11,Lecce,Roma,1,1,D,1,1,D,8,12,3,5,3,7,4,1,0,0,SA,22_23,5,10,1.0,1.2,1.8,0.8,-5,-0.8,0.3999999999999999
2023-02-11,Empoli,Spezia,2,2,D,0,2,A,25,9,8,3,7,3,1,5,1,1,SA,22_23,8,4,1.2,1.2,0.2,1.4,4,1.0,-0.19999999999999996
2023-02-11,Crystal Palace,Brighton,1,1,D,0,0,D,6,17,1,7,1,6,4,1,0,0,PL,23_24,2,10,0.4,1.6,2.4,1.4,-8,-2.0,0.20000000000000018
2023-02-11,Fulham,Nott'm Forest,2,0,H,1,0,H,16,10,3,1,5,4,0,1,0,0,PL,23_24,7,11,0.6,0.6,1.2,0.4,-4,-0.6,0.19999999999999996
2023-02-11,Leicester,Tottenham,4,1,H,3,1,H,15,11,7,4,1,5,5,2,0,0,PL,23_24,4,9,1.4,1.8,1.6,1.2,-5,-0.20000000000000018,0.6000000000000001
2023-02-11,Bournemouth,Newcastle,1,1,D,1,1,D,11,15,5,7,4,6,2,3,0,0,PL,23_24,1,7,0.2,1.8,0.4,0.2,-6,-0.2,1.6
2023-02-11,Arsenal,Brentford,1,1,D,0,0,D,23,9,7,2,7,4,0,2,0,0,PL,23_24,10,13,1.8,1.0,2.0,0.2,-3,-0.19999999999999996,0.8
2023-02-11,Sevilla,Mallorca,2,0,H,2,0,H,15,6,6,0,8,2,5,2,0,0,LL,22_23,9,9,1.4,1.2,0.6,0.6,0,0.7999999999999999,0.6
2023-02-11,Almeria,Betis,2,3,A,1,2,A,16,12,9,7,8,2,2,3,0,0,LL,22_23,5,6,1.2,1.6,1.4,1.6,-1,-0.19999999999999996,0.0
2023-02-11,West Ham,Chelsea,1,1,D,1,1,D,10,12,2,4,5,6,1,1,0,0,PL,23_24,5,5,1.0,1.2,0.4,0.6,0,0.6,0.6
2023-02-12,Napoli,Cremonese,3,0,H,1,0,H,15,6,10,1,9,7,0,2,0,0,SA,22_23,15,1,2.8,0.4,0.8,2.0,14,1.9999999999999998,-1.6
2023-02-12,Celta,Ath Madrid,0,1,A,0,0,D,14,10,3,2,7,5,2,2,0,1,LL,22_23,10,8,1.4,1.0,1.2,0.6,2,0.19999999999999996,0.4
2023-02-12,Valladolid,Osasuna,0,0,D,0,0,D,18,15,5,4,10,4,1,3,0,0,LL,22_23,6,6,0.4,1.0,0.6,0.6,0,-0.19999999999999996,0.4
2023-02-12,Villarreal,Barcelona,0,1,A,0,1,A,11,7,2,4,6,2,4,4,0,0,LL,22_23,7,15,1.0,1.2,1.6,0.2,-8,-0.6000000000000001,1.0
2023-02-12,Getafe,Vallecano,1,1,D,0,1,A,13,19,4,4,5,6,4,4,1,0,LL,22_23,1,9,0.6,1.4,1.0,0.8,-8,-0.4,0.5999999999999999
2023-02-12,Juventus,Fiorentina,1,0,H,1,0,H,7,11,3,2,5,6,5,2,0,0,SA,22_23,7,4,1.6,2.0,0.8,1.4,3,0.8,0.6000000000000001
2023-02-12,Bologna,Monza,0,1,A,0,1,A,12,5,3,4,3,2,1,4,0,0,SA,22_23,10,9,1.6,1.0,2.0,1.4,1,-0.3999999999999999,-0.3999999999999999
2023-02-12,Udinese,Sassuolo,2,2,D,2,2,D,17,6,8,1,10,7,2,2,0,0,SA,22_23,4,7,0.6,1.0,1.6,1.4,-3,-1.0,-0.3999999999999999
2023-02-12,Leeds,Man United,0,2,A,0,0,D,16,11,6,5,7,3,2,1,0,0,PL,23_24,3,8,1.0,1.4,1.8,1.6,-5,-0.8,-0.20000000000000018
2023-02-12,Man City,Aston Villa,3,1,H,3,0,H,17,6,9,2,8,4,1,2,0,0,PL,23_24,9,10,1.8,1.0,1.6,1.2,-1,0.19999999999999996,-0.19999999999999996
2023-02-13,Liverpool,Everton,2,0,H,1,0,H,15,6,6,1,3,3,1,3,0,0,PL,23_24,4,4,0.6,2.0,0.8,1.8,0,-0.20000000000000007,0.19999999999999996
2023-02-13,Sampdoria,Inter,0,0,D,0,0,D,7,25,2,5,3,7,3,1,0,0,SA,22_23,1,10,0.4,1.6,1.2,0.8,-9,-0.7999999999999999,0.8
2023-02-13,Verona,Salernitana,1,0,H,1,0,H,14,8,4,3,5,1,2,3,0,0,SA,22_23,8,4,1.2,0.6,1.0,3.0,4,0.19999999999999996,-2.4
2023-02-13,Espanol,Sociedad,2,3,A,0,1,A,10,11,6,5,4,3,4,1,1,0,LL,22_23,8,10,1.4,1.4,1.4,0.4,-2,0.0,0.9999999999999999
2023-02-15,Arsenal,Man City,1,3,A,1,1,D,10,9,1,6,1,3,2,3,0,0,PL,23_24,8,9,1.2,0.8,2.2,1.2,-1,-1.0000000000000002,-0.3999999999999999
2023-02-15,Real Madrid,Elche,4,0,H,3,0,H,26,7,13,0,6,4,1,3,0,0,LL,22_23,7,5,1.0,0.6,1.0,1.4,2,0.0,-0.7999999999999999
2023-02-17,Sassuolo,Napoli,0,2,A,0,2,A,11,15,2,4,1,3,2,2,0,0,SA,22_23,8,15,1.8,1.4,3.0,0.4,-7,-1.2,0.9999999999999999
2023-02-17,Girona,Almeria,6,2,H,4,0,H,14,16,8,4,1,7,1,1,0,0,LL,22_23,6,5,0.6,1.0,1.6,1.8,1,-1.0,-0.8
2023-02-18,Osasuna,Real Madrid,0,2,A,0,0,D,11,11,4,6,5,5,3,2,0,0,LL,22_23,6,10,0.6,0.6,1.6,0.2,-4,-1.0,0.39999999999999997
2023-02-18,Mallorca,Villarreal,4,2,H,2,1,H,13,8,5,4,4,4,5,0,0,1,LL,22_23,6,4,0.4,1.0,0.6,1.2,2,-0.19999999999999996,-0.19999999999999996
2023-02-18,Betis,Valladolid,2,1,H,2,1,H,16,17,10,3,4,6,3,5,0,0,LL,22_23,6,7,1.6,1.8,0.4,0.8,-1,1.2000000000000002,1.0
2023-02-18,Newcastle,Liverpool,0,2,A,0,2,A,14,13,4,7,6,7,1,1,1,0,PL,23_24,7,4,0.6,0.4,0.6,1.8,3,0.0,-1.4
2023-02-18,Wolves,Bournemouth,0,1,A,0,0,D,15,5,4,1,12,2,3,3,0,0,PL,23_24,10,2,1.4,1.0,0.4,1.6,8,0.9999999999999999,-0.6000000000000001
2023-02-18,Chelsea,Southampton,0,1,A,0,1,A,17,8,5,5,8,2,3,6,0,0,PL,23_24,6,3,0.6,0.6,0.6,1.6,3,0.0,-1.0
2023-02-18,Brighton,Fulham,0,1,A,0,0,D,21,5,7,2,10,2,0,5,0,0,PL,23_24,11,7,2.2,0.8,0.8,0.6,4,1.4000000000000001,0.20000000000000007
2023-02-18,Sampdoria,Bologna,1,2,A,0,1,A,9,12,4,5,1,8,3,1,0,0,SA,22_23,2,10,0.4,1.2,1.4,0.8,-8,-0.9999999999999999,0.3999999999999999
2023-02-18,Brentford,Crystal Palace,1,1,D,0,0,D,12,10,5,4,2,6,2,2,0,0,PL,23_24,11,3,1.8,0.4,0.6,1.0,8,1.2000000000000002,-0.6
2023-02-18,Aston Villa,Arsenal,2,4,A,2,1,H,7,20,5,5,2,9,2,1,0,0,PL,23_24,7,7,1.4,1.8,1.4,1.4,0,0.0,0.40000000000000013
2023-02-18,Inter,Udinese,3,1,H,1,1,D,19,9,7,1,3,8,2,2,0,0,SA,22_23,10,5,0.8,0.4,1.0,1.2,5,-0.19999999999999996,-0.7999999999999999
2023-02-18,Monza,Milan,0,1,A,0,1,A,11,14,5,8,10,3,4,2,0,0,SA,22_23,11,4,1.8,1.0,1.0,2.4,7,0.8,-1.4
2023-02-18,Everton,Leeds,1,0,H,0,0,D,15,8,6,0,6,4,2,3,0,0,PL,23_24,3,2,0.6,2.0,0.6,1.4,1,0.0,0.6000000000000001
2023-02-18,Sociedad,Celta,1,1,D,1,0,H,9,18,3,4,3,7,3,5,0,1,LL,22_23,10,7,1.6,0.8,1.2,1.2,3,0.40000000000000013,-0.3999999999999999
2023-02-18,Nott'm Forest,Man City,1,1,D,0,1,A,4,26,1,6,0,10,1,0,0,0,PL,23_24,10,12,1.0,0.6,2.6,1.0,-2,-1.6,-0.4
2023-02-19,Tottenham,West Ham,2,0,H,0,0,D,16,6,6,1,4,7,2,1,0,0,PL,23_24,6,6,1.0,2.0,1.2,1.0,0,-0.19999999999999996,1.0
2023-02-19,Fiorentina,Empoli,1,1,D,0,1,A,27,5,4,3,13,1,1,5,0,0,SA,22_23,1,8,0.4,1.4,1.2,1.2,-7,-0.7999999999999999,0.19999999999999996
2023-02-19,Roma,Verona,1,0,H,1,0,H,9,7,5,1,5,1,1,2,0,0,SA,22_23,10,8,1.6,0.6,1.0,0.6,2,0.6000000000000001,0.0
2023-02-19,Barcelona,Cadiz,2,0,H,2,0,H,16,14,5,4,5,6,2,3,0,0,LL,22_23,15,7,1.6,0.2,1.2,1.2,8,0.40000000000000013,-1.0
2023-02-19,Atalanta,Lecce,1,2,A,0,1,A,20,4,10,2,6,1,3,3,0,0,SA,22_23,10,5,3.0,1.2,1.2,1.4,5,1.8,-0.19999999999999996
2023-02-19,Vallecano,Sevilla,1,1,D,0,1,A,18,7,5,2,7,3,4,1,0,0,LL,22_23,10,9,1.0,0.6,1.4,1.0,1,-0.3999999999999999,-0.4
2023-02-19,Elche,Espanol,0,1,A,0,0,D,19,11,5,4,10,5,2,3,1,0,LL,22_23,5,7,1.0,2.0,1.4,1.6,-2,-0.3999999999999999,0.3999999999999999
2023-02-19,Man United,Leicester,3,0,H,1,0,H,26,19,8,3,6,6,0,2,0,0,PL,23_24,8,7,1.8,1.4,2.0,1.6,1,-0.19999999999999996,-0.20000000000000018
2023-02-19,Ath Madrid,Ath Bilbao,1,0,H,0,0,D,17,8,5,2,6,5,2,3,0,0,LL,22_23,11,6,1.4,0.4,1.4,1.6,5,0.0,-1.2000000000000002
2023-02-19,Salernitana,Lazio,0,2,A,0,0,D,9,21,2,7,2,9,5,1,1,0,SA,22_23,3,8,0.8,3.0,1.6,0.8,-5,-0.8,2.2
2023-02-19,Spezia,Juventus,0,2,A,0,1,A,18,15,7,3,7,4,2,2,0,0,SA,22_23,4,7,0.6,1.8,1.6,2.0,-3,-1.0,-0.19999999999999996
2023-02-20,Torino,Cremonese,2,2,D,1,0,H,16,11,6,2,5,1,3,1,0,0,SA,22_23,7,1,0.8,0.8,0.8,2.2,6,0.0,-1.4000000000000001
2023-02-20,Getafe,Valencia,1,0,H,0,0,D,15,8,6,3,4,5,6,1,0,0,LL,22_23,2,1,0.6,1.2,0.6,1.6,1,0.0,-0.40000000000000013
2023-02-24,Fulham,Wolves,1,1,D,0,1,A,10,8,5,2,4,3,2,0,0,0,PL,23_24,7,9,0.6,0.4,1.2,1.0,-2,-0.6,-0.6
2023-02-24,Elche,Betis,2,3,A,2,0,H,4,21,2,9,3,3,4,1,2,0,LL,22_23,4,9,0.8,2.0,2.0,1.8,-5,-1.2,0.19999999999999996
2023-02-25,Everton,Aston Villa,0,2,A,0,0,D,15,9,5,5,5,1,2,1,0,0,PL,23_24,6,6,0.6,1.2,1.6,2.4,0,-1.0,-1.2
2023-02-25,Lecce,Sassuolo,0,1,A,0,0,D,16,7,0,3,4,7,2,2,0,0,SA,22_23,7,8,1.2,1.2,1.8,1.4,-1,-0.6000000000000001,-0.19999999999999996
2023-02-25,Empoli,Napoli,0,2,A,0,2,A,9,19,2,6,4,13,2,1,0,1,SA,22_23,6,15,1.2,1.4,2.4,0.2,-9,-1.2,1.2
2023-02-25,Valencia,Sociedad,1,0,H,1,0,H,8,11,3,3,7,8,6,3,0,0,LL,22_23,0,8,0.2,1.4,1.2,0.8,-8,-1.0,0.5999999999999999
2023-02-25,Real Madrid,Ath Madrid,1,1,D,0,0,D,18,7,7,2,7,4,3,3,0,1,LL,22_23,10,13,1.6,0.2,1.4,0.2,-3,0.20000000000000018,0.0
2023-02-25,Espanol,Mallorca,2,1,H,1,1,D,9,15,3,4,0,4,2,2,0,0,LL,22_23,7,9,1.2,1.4,1.2,1.2,-2,0.0,0.19999999999999996
2023-02-25,Leeds,Southampton,1,0,H,0,0,D,14,8,4,2,9,2,2,4,0,0,PL,23_24,2,6,0.4,1.2,0.8,1.4,-4,-0.4,-0.19999999999999996
2023-02-25,Crystal Palace,Liverpool,0,0,D,0,0,D,6,12,0,4,5,3,2,5,0,0,PL,23_24,4,7,0.8,1.0,0.8,1.2,-3,0.0,-0.19999999999999996
2023-02-25,Bournemouth,Man City,1,4,A,0,3,A,13,20,2,5,4,6,2,2,0,0,PL,23_24,5,10,0.6,1.0,2.0,0.8,-5,-1.4,0.19999999999999996
2023-02-25,West Ham,Nott'm Forest,4,0,H,0,0,D,18,8,5,3,12,3,0,0,0,0,PL,23_24,5,8,0.8,1.0,1.0,0.8,-3,-0.19999999999999996,0.19999999999999996
2023-02-25,Leicester,Arsenal,0,1,A,0,0,D,1,10,0,2,0,8,0,1,0,0,PL,23_24,7,7,2.0,2.0,1.8,1.8,0,0.19999999999999996,0.19999999999999996
2023-02-25,Cadiz,Vallecano,1,0,H,0,0,D,5,11,3,2,4,6,3,4,0,1,LL,22_23,6,8,1.0,1.4,1.0,0.8,-2,0.0,0.5999999999999999
2023-02-26,Bologna,Inter,1,0,H,0,0,D,14,13,5,4,1,6,1,2,0,0,SA,22_23,10,10,1.4,0.8,1.2,0.6,0,0.19999999999999996,0.20000000000000007
2023-02-26,Ath Bilbao,Girona,2,3,A,1,3,A,17,8,3,4,11,3,5,5,0,0,LL,22_23,6,6,1.2,1.2,1.4,1.2,0,-0.19999999999999996,0.0
2023-02-26,Udinese,Spezia,2,2,D,1,1,D,15,9,6,2,5,2,2,2,0,0,SA,22_23,5,1,1.0,1.4,0.4,2.2,4,0.6,-0.8000000000000003
2023-02-26,Sevilla,Osasuna,2,3,A,0,1,A,22,11,8,4,10,2,4,2,1,0,LL,22_23,10,3,1.4,0.8,0.4,1.0,7,0.9999999999999999,-0.19999999999999996
2023-02-26,Almeria,Barcelona,1,0,H,1,0,H,7,14,4,1,4,7,3,3,0,0,LL,22_23,4,15,1.8,2.8,1.8,0.2,-11,0.0,2.5999999999999996
2023-02-26,Celta,Valladolid,3,0,H,2,0,H,18,6,4,3,5,4,1,3,0,1,LL,22_23,7,7,1.2,1.2,0.6,1.0,0,0.6,0.19999999999999996
2023-02-26,Milan,Atalanta,2,0,H,1,0,H,13,3,3,0,4,3,3,2,0,0,SA,22_23,6,7,0.8,2.0,1.6,1.2,-1,-0.8,0.8
2023-02-26,Salernitana,Monza,3,0,H,0,0,D,12,14,5,3,1,3,2,4,0,1,SA,22_23,3,8,0.4,1.8,1.2,0.8,-5,-0.7999999999999999,1.0
2023-02-26,Tottenham,Chelsea,2,0,H,0,0,D,8,10,3,2,4,4,2,3,0,0,PL,23_24,9,6,1.4,1.6,0.4,0.4,3,0.9999999999999999,1.2000000000000002
2023-02-27,Verona,Fiorentina,0,3,A,0,2,A,12,16,3,7,4,2,3,3,0,0,SA,22_23,8,2,1.0,0.6,0.6,1.2,6,0.4,-0.6
2023-02-27,Lazio,Sampdoria,1,0,H,0,0,D,15,8,4,2,8,3,2,2,0,0,SA,22_23,8,2,1.6,0.8,0.6,1.4,6,1.0,-0.5999999999999999
2023-02-27,Villarreal,Getafe,2,1,H,1,1,D,11,8,5,3,6,6,0,1,0,0,LL,22_23,3,5,0.8,1.8,0.6,0.8,-2,0.20000000000000007,1.0
2023-02-28,Cremonese,Roma,2,1,H,1,0,H,6,10,2,3,3,3,3,2,0,0,SA,22_23,2,10,0.8,2.0,1.4,0.6,-8,-0.5999999999999999,1.4
2023-02-28,Juventus,Torino,4,2,H,2,2,D,13,8,6,3,3,7,0,2,0,0,SA,22_23,10,8,1.8,1.0,1.2,1.0,2,0.6000000000000001,0.0
2023-03-01,Liverpool,Wolves,2,0,H,0,0,D,15,4,6,1,5,2,2,3,0,0,PL,23_24,8,7,0.8,0.6,1.2,1.2,1,-0.3999999999999999,-0.6
2023-03-01,Arsenal,Everton,4,0,H,2,0,H,15,8,5,5,5,1,0,2,0,0,PL,23_24,7,6,1.4,1.4,0.4,1.2,1,0.9999999999999999,0.19999999999999996
2023-03-03,Napoli,Lazio,0,1,A,0,0,D,14,5,2,2,8,3,2,2,0,0,SA,22_23,15,8,2.4,0.2,1.0,0.8,7,1.4,-0.6000000000000001
2023-03-03,Sociedad,Cadiz,0,0,D,0,0,D,15,6,3,2,4,0,0,1,0,0,LL,22_23,5,9,0.8,1.0,1.2,1.2,-4,-0.3999999999999999,-0.19999999999999996
2023-03-04,Atalanta,Udinese,0,0,D,0,0,D,17,5,5,1,12,3,2,3,0,0,SA,22_23,6,3,1.0,1.0,1.2,1.8,3,-0.19999999999999996,-0.8
2023-03-04,Monza,Empoli,2,1,H,1,0,H,10,18,3,3,1,8,2,3,0,0,SA,22_23,7,3,1.0,1.2,1.0,1.8,4,0.0,-0.6000000000000001
2023-03-04,Fiorentina,Milan,2,1,H,0,0,D,16,8,8,6,11,5,3,3,0,0,SA,22_23,5,9,1.2,1.0,1.2,1.2,-4,0.0,-0.19999999999999996
2023-03-04,Mallorca,Elche,0,1,A,0,0,D,14,15,3,6,6,7,3,3,0,0,LL,22_23,6,3,1.2,1.6,1.0,2.4,3,0.19999999999999996,-0.7999999999999998
2023-03-04,Southampton,Leicester,1,0,H,1,0,H,11,11,5,0,3,4,4,2,0,0,PL,23_24,3,7,0.4,1.4,2.0,1.8,-4,-1.6,-0.40000000000000013
2023-03-04,Ath Madrid,Sevilla,6,1,H,2,1,H,18,8,8,1,7,3,1,4,0,1,LL,22_23,11,7,1.0,0.4,1.6,1.4,4,-0.6000000000000001,-0.9999999999999999
2023-03-04,Chelsea,Leeds,1,0,H,0,0,D,13,11,3,2,5,7,2,0,0,0,PL,23_24,3,4,0.2,0.8,0.6,1.2,-1,-0.39999999999999997,-0.3999999999999999
2023-03-04,Brighton,West Ham,4,0,H,1,0,H,20,3,9,2,7,3,0,3,0,0,PL,23_24,8,8,1.4,0.8,1.6,0.8,0,-0.20000000000000018,0.0
2023-03-04,Aston Villa,Crystal Palace,1,0,H,1,0,H,8,3,1,0,2,4,2,3,0,1,PL,23_24,6,4,1.6,2.2,0.6,0.8,2,1.0,1.4000000000000001
2023-03-04,Arsenal,Bournemouth,3,2,H,0,1,A,31,4,9,4,17,1,0,2,0,0,PL,23_24,10,5,2.2,1.2,0.8,1.4,5,1.4000000000000001,-0.19999999999999996
2023-03-04,Man City,Newcastle,2,0,H,1,0,H,11,5,3,2,8,4,2,4,0,0,PL,23_24,10,6,2.2,1.0,0.6,0.8,4,1.6,0.19999999999999996
2023-03-04,Getafe,Girona,3,2,H,3,0,H,10,9,6,7,3,3,5,4,0,0,LL,22_23,5,9,0.8,1.0,2.0,1.4,-4,-1.2,-0.3999999999999999
2023-03-04,Almeria,Villarreal,0,2,A,0,0,D,6,16,0,6,2,10,2,4,0,0,LL,22_23,6,3,1.6,2.4,1.0,2.0,3,0.6000000000000001,0.3999999999999999
2023-03-04,Wolves,Tottenham,1,0,H,0,0,D,8,21,5,6,4,8,1,1,0,0,PL,23_24,7,12,1.2,1.0,1.4,0.8,-5,-0.19999999999999996,0.19999999999999996
2023-03-05,Nott'm Forest,Everton,2,2,D,1,2,A,10,10,4,3,3,3,3,5,0,0,PL,23_24,5,6,0.6,1.6,0.4,1.6,-1,0.19999999999999996,0.0
2023-03-05,Liverpool,Man United,7,0,H,1,0,H,18,8,8,4,4,3,2,3,0,0,PL,23_24,10,10,1.2,0.6,2.2,1.2,0,-1.0000000000000002,-0.6
2023-03-05,Valladolid,Espanol,2,1,H,1,0,H,15,12,5,2,9,6,3,2,0,0,LL,22_23,7,7,0.6,1.0,1.4,1.6,0,-0.7999999999999999,-0.6000000000000001
2023-03-05,Vallecano,Ath Bilbao,0,0,D,0,0,D,18,16,2,3,7,9,1,0,0,1,LL,22_23,8,6,1.0,0.6,1.6,1.4,2,-0.6000000000000001,-0.7999999999999999
2023-03-05,Barcelona,Valencia,1,0,H,1,0,H,13,13,4,1,5,2,0,0,1,0,LL,22_23,12,3,1.6,0.4,0.4,1.2,9,1.2000000000000002,-0.7999999999999999
2023-03-05,Betis,Real Madrid,0,0,D,0,0,D,8,15,4,5,5,3,3,4,0,0,LL,22_23,9,10,2.4,2.2,1.8,0.4,-1,0.5999999999999999,1.8000000000000003
2023-03-05,Spezia,Verona,0,0,D,0,0,D,20,11,4,3,9,5,2,1,1,0,SA,22_23,2,5,0.8,2.2,0.6,1.2,-3,0.20000000000000007,1.0000000000000002
2023-03-05,Sampdoria,Salernitana,0,0,D,0,0,D,9,10,3,4,2,6,3,4,0,0,SA,22_23,2,6,0.6,1.4,1.0,1.4,-4,-0.4,0.0
2023-03-05,Roma,Juventus,1,0,H,0,0,D,6,14,2,5,2,6,3,2,0,1,SA,22_23,7,12,1.2,1.0,2.0,0.8,-5,-0.8,0.19999999999999996
2023-03-05,Inter,Lecce,2,0,H,1,0,H,14,11,4,1,6,4,0,0,0,0,SA,22_23,10,7,1.2,0.6,1.2,1.0,3,0.0,-0.4
2023-03-06,Sassuolo,Cremonese,3,2,H,2,0,H,13,13,7,6,4,3,1,4,0,0,SA,22_23,10,4,1.8,1.2,1.0,2.0,6,0.8,-0.8
2023-03-06,Brentford,Fulham,3,2,H,1,1,D,14,9,6,5,2,3,0,3,0,0,PL,23_24,9,8,1.4,0.4,0.8,0.4,1,0.5999999999999999,0.0
2023-03-06,Osasuna,Celta,0,0,D,0,0,D,10,6,5,0,6,4,0,2,0,0,LL,22_23,5,10,0.8,1.2,1.8,1.0,-5,-1.0,0.19999999999999996
2023-03-06,Torino,Bologna,1,0,H,1,0,H,12,11,5,1,3,3,2,2,0,0,SA,22_23,5,12,1.4,1.8,1.4,0.6,-7,0.0,1.2000000000000002
2023-03-10,Cadiz,Getafe,2,2,D,1,0,H,11,16,4,10,2,6,4,5,1,1,LL,22_23,7,8,0.8,1.2,1.4,1.2,-1,-0.5999999999999999,0.0
2023-03-10,Spezia,Inter,2,1,H,0,0,D,4,28,2,7,1,13,3,0,0,0,SA,22_23,3,10,0.8,1.8,1.2,0.4,-7,-0.3999999999999999,1.4
2023-03-11,Elche,Valladolid,1,1,D,0,1,A,24,5,10,1,10,3,4,6,0,2,LL,22_23,6,7,1.2,1.8,0.8,1.2,-1,0.3999999999999999,0.6000000000000001
2023-03-11,Real Madrid,Espanol,3,1,H,2,1,H,22,10,7,3,7,4,3,2,0,0,LL,22_23,8,7,1.4,0.4,1.4,1.4,1,0.0,-0.9999999999999999
2023-03-11,Leeds,Brighton,2,2,D,1,1,D,12,14,4,2,4,7,1,1,0,0,PL,23_24,4,8,0.6,1.2,1.6,0.8,-4,-1.0,0.3999999999999999
2023-03-11,Everton,Brentford,1,0,H,1,0,H,13,12,6,4,5,8,2,1,0,0,PL,23_24,4,9,0.6,2.0,1.6,0.8,-5,-1.0,1.2
2023-03-11,Empoli,Udinese,0,1,A,0,0,D,17,14,3,4,11,5,2,4,0,0,SA,22_23,2,3,0.8,1.8,1.0,1.6,-1,-0.19999999999999996,0.19999999999999996
2023-03-11,Napoli,Atalanta,2,0,H,0,0,D,18,6,6,3,10,4,1,2,0,0,SA,22_23,12,4,2.0,0.2,0.6,1.0,8,1.4,-0.8
2023-03-11,Bologna,Lazio,0,0,D,0,0,D,16,5,2,2,5,2,2,3,0,0,SA,22_23,9,10,1.0,0.8,1.0,0.6,-1,0.0,0.20000000000000007
2023-03-11,Leicester,Chelsea,1,3,A,1,2,A,17,12,7,6,2,5,1,2,1,0,PL,23_24,6,5,1.6,1.6,0.4,0.8,1,1.2000000000000002,0.8
2023-03-11,Tottenham,Nott'm Forest,3,1,H,2,0,H,15,9,7,5,2,10,3,1,0,0,PL,23_24,9,5,1.2,1.0,0.8,1.8,4,0.3999999999999999,-0.8
2023-03-11,Crystal Palace,Man City,0,1,A,0,0,D,4,14,0,4,2,6,2,2,0,0,PL,23_24,3,13,0.6,1.0,2.6,0.8,-10,-2.0,0.19999999999999996
2023-03-11,Bournemouth,Liverpool,1,0,H,1,0,H,5,15,2,6,3,8,2,1,0,0,PL,23_24,4,13,1.0,1.8,2.6,0.0,-9,-1.6,1.8
2023-03-11,Valencia,Osasuna,1,0,H,0,0,D,8,7,4,0,12,3,2,5,0,0,LL,22_23,3,6,0.4,1.0,0.8,1.0,-3,-0.4,0.0
2023-03-11,Celta,Vallecano,3,0,H,0,0,D,15,12,6,3,3,7,2,3,0,0,LL,22_23,8,6,1.6,1.0,0.8,0.6,2,0.8,0.4
2023-03-12,Juventus,Sampdoria,4,2,H,2,2,D,24,9,8,3,11,3,1,1,0,0,SA,22_23,12,3,2.0,0.6,0.6,1.0,9,1.4,-0.4
2023-03-12,Sevilla,Almeria,2,1,H,1,1,D,27,13,5,5,6,4,4,4,0,0,LL,22_23,4,3,1.2,2.6,1.0,2.6,1,0.19999999999999996,0.0
2023-03-12,West Ham,Aston Villa,1,1,D,1,1,D,17,12,6,4,13,2,1,0,0,0,PL,23_24,5,6,1.2,1.6,1.6,2.2,-1,-0.40000000000000013,-0.6000000000000001
2023-03-12,Villarreal,Betis,1,1,D,0,1,A,15,6,4,3,2,4,3,2,0,0,LL,22_23,6,10,1.4,1.8,2.2,1.8,-4,-0.8000000000000003,0.0
2023-03-12,Ath Bilbao,Barcelona,0,1,A,0,1,A,15,10,5,2,5,3,2,1,0,0,LL,22_23,7,12,1.6,1.2,1.4,0.2,-5,0.20000000000000018,1.0
2023-03-12,Newcastle,Wolves,2,1,H,1,0,H,19,7,8,4,10,3,1,2,0,0,PL,23_24,3,7,0.4,1.2,0.8,1.0,-4,-0.4,0.19999999999999996
2023-03-12,Fulham,Arsenal,0,3,A,0,3,A,12,15,2,7,4,8,0,1,0,0,PL,23_24,8,12,1.2,0.8,2.6,1.4,-4,-1.4000000000000001,-0.5999999999999999
2023-03-12,Lecce,Torino,0,2,A,0,2,A,13,4,1,2,9,1,3,3,0,0,SA,22_23,7,7,1.0,1.0,1.2,1.4,0,-0.19999999999999996,-0.3999999999999999
2023-03-12,Cremonese,Fiorentina,0,2,A,0,1,A,16,10,5,3,1,6,1,2,0,0,SA,22_23,4,7,1.2,2.2,1.4,1.0,-3,-0.19999999999999996,1.2000000000000002
2023-03-12,Verona,Monza,1,1,D,0,0,D,8,9,3,3,7,2,2,0,0,0,SA,22_23,5,7,0.4,1.0,1.0,1.4,-2,-0.6,-0.3999999999999999
2023-03-12,Roma,Sassuolo,3,4,A,1,3,A,17,19,7,10,7,2,4,2,1,0,SA,22_23,10,10,1.2,0.6,1.4,1.2,0,-0.19999999999999996,-0.6
2023-03-12,Mallorca,Sociedad,1,1,D,0,1,A,8,8,2,2,3,2,2,2,0,1,LL,22_23,6,5,1.2,1.4,0.8,1.0,1,0.3999999999999999,0.3999999999999999
2023-03-12,Man United,Southampton,0,0,D,0,0,D,10,17,4,4,7,8,2,0,0,0,PL,23_24,10,6,1.8,2.0,0.6,1.2,4,1.2000000000000002,0.8
2023-03-13,Milan,Salernitana,1,1,D,1,0,H,24,6,4,3,6,4,2,3,0,0,SA,22_23,9,4,1.0,0.6,0.6,1.2,5,0.4,-0.6
2023-03-13,Girona,Ath Madrid,0,1,A,0,0,D,6,14,4,4,1,3,2,3,0,0,LL,22_23,9,11,2.4,1.8,2.0,0.6,-2,0.3999999999999999,1.2000000000000002
2023-03-15,Southampton,Brentford,0,2,A,0,1,A,7,11,1,5,3,3,1,2,0,0,PL,23_24,7,8,0.6,0.6,1.6,1.0,-1,-1.0,-0.4
2023-03-15,Brighton,Crystal Palace,1,0,H,1,0,H,11,11,5,3,1,4,1,2,0,0,PL,23_24,8,3,1.6,0.8,0.4,0.8,5,1.2000000000000002,0.0
2023-03-17,Atalanta,Empoli,2,1,H,0,1,A,27,5,6,2,13,2,3,2,0,0,SA,22_23,4,2,0.6,1.2,0.8,1.6,2,-0.20000000000000007,-0.40000000000000013
2023-03-17,Valladolid,Ath Bilbao,1,3,A,0,1,A,15,15,3,6,2,9,2,2,0,0,LL,22_23,5,4,0.8,1.4,0.8,1.2,1,0.0,0.19999999999999996
2023-03-17,Sassuolo,Spezia,1,0,H,0,0,D,15,11,6,1,3,3,0,2,0,0,SA,22_23,10,6,2.0,1.8,1.2,1.4,4,0.8,0.40000000000000013
2023-03-17,Nott'm Forest,Newcastle,1,2,A,1,1,D,5,15,3,4,3,7,5,1,0,0,PL,23_24,2,5,0.8,2.4,0.8,1.4,-3,0.0,1.0
2023-03-18,Brentford,Leicester,1,1,D,1,0,H,11,14,2,1,8,4,1,2,1,0,PL,23_24,8,3,1.4,1.0,1.0,1.8,5,0.3999999999999999,-0.8
2023-03-18,Southampton,Tottenham,3,3,D,0,1,A,19,17,7,3,10,3,1,1,0,0,PL,23_24,7,9,0.4,0.6,1.6,1.2,-2,-1.2000000000000002,-0.6
2023-03-18,Aston Villa,Bournemouth,3,0,H,1,0,H,20,10,9,3,9,6,1,4,0,0,PL,23_24,7,7,1.4,1.6,1.2,1.6,0,0.19999999999999996,0.0
2023-03-18,Ath Madrid,Valencia,3,0,H,1,0,H,14,9,6,1,4,2,2,0,0,0,LL,22_23,13,6,2.0,0.4,0.6,0.8,7,1.4,-0.4
2023-03-18,Espanol,Celta,1,3,A,0,2,A,11,8,3,4,4,1,2,2,0,0,LL,22_23,6,8,1.4,1.8,1.4,0.4,-2,0.0,1.4
2023-03-18,Vallecano,Girona,2,2,D,2,1,H,15,12,3,4,3,5,2,2,0,0,LL,22_23,3,6,0.4,1.2,2.2,2.0,-3,-1.8000000000000003,-0.8
2023-03-18,Almeria,Cadiz,1,1,D,0,0,D,17,10,5,4,5,2,1,4,0,0,LL,22_23,3,8,1.2,2.6,1.0,0.8,-5,0.19999999999999996,1.8
2023-03-18,Salernitana,Bologna,2,2,D,1,1,D,14,10,4,2,5,4,0,1,0,0,SA,22_23,5,7,0.8,0.8,0.6,0.6,-2,0.20000000000000007,0.20000000000000007
2023-03-18,Udinese,Milan,3,1,H,2,1,H,14,10,5,6,5,6,4,2,0,0,SA,22_23,6,10,1.2,1.4,1.2,0.6,-4,0.0,0.7999999999999999
2023-03-18,Monza,Cremonese,1,1,D,0,0,D,15,8,7,2,8,4,3,5,0,0,SA,22_23,7,4,0.8,1.2,1.2,2.2,3,-0.3999999999999999,-1.0000000000000002
2023-03-18,Chelsea,Everton,2,2,D,0,0,D,20,12,7,3,8,2,2,2,0,0,PL,23_24,7,7,1.0,1.0,0.8,1.6,0,0.19999999999999996,-0.6000000000000001
2023-03-18,Wolves,Leeds,2,4,A,0,1,A,23,11,8,4,5,4,3,5,1,0,PL,23_24,4,4,0.6,1.2,0.6,1.2,0,0.0,0.0
2023-03-19,Fiorentina,Lecce,1,0,H,1,0,H,18,8,3,2,1,3,1,3,0,0,SA,22_23,10,4,1.6,0.6,0.6,1.4,6,1.0,-0.7999999999999999
2023-03-19,Inter,Juventus,0,1,A,0,1,A,18,7,3,3,6,4,3,4,1,1,SA,22_23,7,12,1.2,0.8,2.2,1.0,-5,-1.0000000000000002,-0.19999999999999996
2023-03-19,Lazio,Roma,1,0,H,0,0,D,12,8,5,3,5,2,4,4,1,2,SA,22_23,10,7,0.8,0.4,1.4,1.4,3,-0.5999999999999999,-0.9999999999999999
2023-03-19,Torino,Napoli,0,4,A,0,2,A,12,12,2,6,5,4,1,1,0,0,SA,22_23,7,12,1.4,1.4,1.8,0.2,-5,-0.40000000000000013,1.2
2023-03-19,Barcelona,Real Madrid,2,1,H,1,1,D,17,11,7,3,8,1,4,3,0,0,LL,22_23,12,11,1.0,0.2,2.0,0.4,1,-1.0,-0.2
2023-03-19,Getafe,Sevilla,2,0,H,0,0,D,15,11,4,4,4,1,4,2,0,0,LL,22_23,8,7,1.6,1.4,1.6,2.2,1,0.0,-0.8000000000000003
2023-03-19,Sociedad,Elche,2,0,H,0,0,D,17,4,4,3,5,3,2,1,0,0,LL,22_23,6,4,1.0,1.0,0.8,1.8,2,0.19999999999999996,-0.8
2023-03-19,Osasuna,Villarreal,0,3,A,0,1,A,10,12,2,6,7,1,3,2,0,0,LL,22_23,5,7,0.6,1.0,1.4,1.4,-2,-0.7999999999999999,-0.3999999999999999
2023-03-19,Arsenal,Crystal Palace,4,1,H,2,0,H,15,8,5,4,5,4,0,1,0,0,PL,23_24,15,2,3.0,0.8,0.2,0.8,13,2.8,0.0
2023-03-19,Sampdoria,Verona,3,1,H,2,0,H,11,16,4,6,5,8,3,2,0,0,SA,22_23,2,5,0.6,1.4,0.4,1.0,-3,0.19999999999999996,0.3999999999999999
2023-03-19,Betis,Mallorca,1,0,H,0,0,D,10,5,3,1,4,4,1,2,0,0,LL,22_23,11,4,1.8,1.2,1.2,1.6,7,0.6000000000000001,-0.40000000000000013
2023-03-31,Mallorca,Osasuna,0,0,D,0,0,D,10,11,1,2,2,3,7,3,1,0,LL,22_23,4,4,1.2,1.4,0.6,1.6,0,0.6,-0.20000000000000018
2023-04-01,Cremonese,Atalanta,1,3,A,0,1,A,15,12,4,4,0,6,3,2,0,0,SA,22_23,5,4,1.4,1.8,0.6,1.4,1,0.7999999999999999,0.40000000000000013
2023-04-01,Inter,Fiorentina,0,1,A,0,0,D,16,19,3,3,10,8,2,3,0,0,SA,22_23,6,13,1.2,1.0,1.8,0.4,-7,-0.6000000000000001,0.6
2023-04-01,Juventus,Verona,1,0,H,0,0,D,10,9,2,3,3,5,1,2,0,0,SA,22_23,12,2,2.2,1.0,0.4,1.6,10,1.8000000000000003,-0.6000000000000001
2023-04-01,Arsenal,Leeds,4,1,H,1,0,H,13,7,6,5,4,3,0,2,0,0,PL,23_24,15,7,3.0,0.6,1.4,1.2,8,1.6,-0.6
2023-04-01,Bournemouth,Fulham,2,1,H,0,1,A,12,10,7,2,4,3,1,4,0,0,PL,23_24,6,7,1.0,2.0,1.2,1.4,-1,-0.19999999999999996,0.6000000000000001
2023-04-01,Brighton,Brentford,3,3,D,2,2,D,33,7,15,5,14,0,2,1,0,0,PL,23_24,8,8,1.6,0.8,1.4,1.0,0,0.20000000000000018,-0.19999999999999996
2023-04-01,Crystal Palace,Leicester,2,1,H,0,0,D,31,3,9,2,10,1,3,4,0,0,PL,23_24,1,1,0.2,1.4,0.4,1.8,0,-0.2,-0.40000000000000013
2023-04-01,Nott'm Forest,Wolves,1,1,D,1,0,H,17,8,7,1,4,3,3,5,0,0,PL,23_24,2,4,1.0,2.4,1.0,1.8,-2,0.0,0.5999999999999999
2023-04-01,Chelsea,Aston Villa,0,2,A,0,1,A,27,5,8,2,13,2,3,3,0,0,PL,23_24,7,10,1.2,1.2,1.8,1.0,-3,-0.6000000000000001,0.19999999999999996
2023-04-01,Girona,Espanol,2,1,H,0,0,D,14,5,4,1,5,2,4,2,0,1,LL,22_23,7,6,2.6,2.0,1.2,1.8,1,1.4000000000000001,0.19999999999999996
2023-04-01,Ath Bilbao,Getafe,0,0,D,0,0,D,17,9,3,1,13,3,0,0,0,0,LL,22_23,4,10,1.0,1.2,1.8,1.2,-6,-0.8,0.0
2023-04-01,Cadiz,Sevilla,0,2,A,0,0,D,14,11,3,5,8,4,3,4,0,0,LL,22_23,6,4,0.8,1.0,1.2,2.6,2,-0.3999999999999999,-1.6
2023-04-01,Elche,Barcelona,0,4,A,0,1,A,15,12,2,6,11,3,0,3,0,0,LL,22_23,4,12,0.8,1.4,1.2,0.4,-8,-0.3999999999999999,0.9999999999999999
2023-04-01,Man City,Liverpool,4,1,H,1,1,D,17,4,8,1,7,1,1,1,0,0,PL,23_24,13,10,2.2,0.6,2.2,0.2,3,0.0,0.39999999999999997
2023-04-02,Celta,Almeria,2,2,D,2,2,D,21,8,5,3,4,1,3,5,0,0,LL,22_23,11,4,2.0,0.4,1.0,2.2,7,1.0,-1.8000000000000003
2023-04-02,Real Madrid,Valladolid,6,0,H,4,0,H,30,12,17,2,9,1,0,1,0,0,LL,22_23,8,4,1.4,0.8,1.0,2.0,4,0.3999999999999999,-1.2
2023-04-02,Villarreal,Sociedad,2,0,H,0,0,D,16,16,4,3,4,4,5,3,1,0,LL,22_23,10,6,2.0,1.2,0.8,0.6,4,1.2,0.6
2023-04-02,Ath Madrid,Betis,1,0,H,0,0,D,13,6,7,2,5,1,1,2,0,0,LL,22_23,13,11,2.4,0.4,1.4,0.8,2,1.0,-0.4
2023-04-02,Napoli,Milan,0,4,A,0,2,A,20,14,4,8,10,4,1,2,0,0,SA,22_23,12,7,2.0,0.2,1.2,1.2,5,0.8,-1.0
2023-04-02,Monza,Lazio,0,2,A,0,1,A,11,8,3,4,8,3,5,2,0,0,SA,22_23,5,13,0.8,1.4,1.0,0.0,-8,-0.19999999999999996,1.4
2023-04-02,West Ham,Southampton,1,0,H,1,0,H,12,9,2,3,5,3,0,2,0,0,PL,23_24,5,5,1.2,1.6,0.8,1.2,0,0.3999999999999999,0.40000000000000013
2023-04-02,Bologna,Udinese,3,0,H,2,0,H,11,15,4,5,2,7,1,1,0,0,SA,22_23,8,8,1.0,0.8,1.4,1.2,0,-0.3999999999999999,-0.3999999999999999
2023-04-02,Spezia,Salernitana,1,1,D,0,1,A,14,12,3,2,9,5,0,1,0,0,SA,22_23,5,6,0.8,1.2,1.2,1.0,-1,-0.3999999999999999,0.19999999999999996
2023-04-02,Roma,Sampdoria,3,0,H,0,0,D,28,6,11,3,10,3,3,5,0,1,SA,22_23,6,4,1.2,1.4,1.2,1.6,2,0.0,-0.20000000000000018
2023-04-02,Newcastle,Man United,2,0,H,0,0,D,22,6,6,1,7,4,0,0,0,0,PL,23_24,7,8,1.0,1.4,1.4,1.8,-1,-0.3999999999999999,-0.40000000000000013
2023-04-03,Empoli,Lecce,1,0,H,0,0,D,14,5,7,0,3,4,3,2,1,0,SA,22_23,1,3,0.6,1.6,0.4,1.4,-2,0.19999999999999996,0.20000000000000018
2023-04-03,Valencia,Vallecano,1,1,D,0,1,A,18,7,4,2,13,3,2,3,0,0,LL,22_23,6,3,0.4,1.0,0.6,1.4,3,-0.19999999999999996,-0.3999999999999999
2023-04-03,Everton,Tottenham,1,1,D,0,0,D,15,8,6,2,3,3,0,3,1,1,PL,23_24,5,10,1.0,2.0,2.0,1.0,-5,-1.0,1.0
2023-04-03,Sassuolo,Torino,1,1,D,1,0,H,12,16,4,2,6,7,1,1,0,0,SA,22_23,12,7,1.8,1.4,1.4,2.0,5,0.40000000000000013,-0.6000000000000001
2023-04-04,Bournemouth,Brighton,0,2,A,0,1,A,14,16,3,6,5,5,1,1,0,0,PL,23_24,6,8,1.2,2.2,2.0,1.2,-2,-0.8,1.0000000000000002
2023-04-04,Leeds,Nott'm Forest,2,1,H,2,1,H,21,13,6,1,11,4,1,4,0,0,PL,23_24,7,2,1.6,1.8,1.0,2.4,5,0.6000000000000001,-0.5999999999999999
2023-04-04,Leicester,Aston Villa,1,2,A,1,1,D,9,15,4,5,4,8,2,0,1,0,PL,23_24,1,13,0.6,1.6,1.8,0.2,-12,-1.2000000000000002,1.4000000000000001
2023-04-04,Chelsea,Liverpool,0,0,D,0,0,D,12,7,3,4,3,5,1,4,0,0,PL,23_24,7,7,1.2,1.4,2.0,1.0,0,-0.8,0.3999999999999999
2023-04-05,Man United,Brentford,1,0,H,1,0,H,18,6,3,1,12,3,3,2,0,0,PL,23_24,7,8,1.0,1.8,1.8,1.4,-1,-0.8,0.40000000000000013
2023-04-05,West Ham,Newcastle,1,5,A,1,2,A,7,15,2,8,7,6,2,1,0,0,PL,23_24,7,9,1.2,1.4,1.2,1.2,-2,0.0,0.19999999999999996
2023-04-07,Sevilla,Celta,2,2,D,1,0,H,7,9,2,4,8,3,6,2,2,0,LL,22_23,6,11,1.4,2.4,2.2,0.6,-5,-0.8000000000000003,1.7999999999999998
2023-04-07,Salernitana,Inter,1,1,D,0,1,A,11,25,3,11,2,8,2,2,0,0,SA,22_23,7,3,1.4,0.8,0.6,1.0,4,0.7999999999999999,-0.19999999999999996
2023-04-07,Lecce,Napoli,1,2,A,0,1,A,11,9,3,3,5,4,2,1,0,0,SA,22_23,0,9,0.0,1.4,1.6,1.0,-9,-1.6,0.3999999999999999
2023-04-07,Milan,Empoli,0,0,D,0,0,D,23,2,4,1,9,0,2,2,0,0,SA,22_23,7,3,1.8,1.2,0.6,1.4,4,1.2000000000000002,-0.19999999999999996
2023-04-08,Osasuna,Elche,2,1,H,0,1,A,22,7,6,1,9,2,1,3,0,0,LL,22_23,5,4,0.6,1.2,0.8,2.0,1,-0.20000000000000007,-0.8
2023-04-08,Man United,Everton,2,0,H,1,0,H,29,15,11,1,10,4,0,0,0,0,PL,23_24,7,6,0.8,1.8,1.2,1.8,1,-0.3999999999999999,0.0
2023-04-08,Aston Villa,Nott'm Forest,2,0,H,0,0,D,8,6,3,2,1,8,3,4,0,0,PL,23_24,13,2,1.8,0.4,1.2,2.0,11,0.6000000000000001,-1.6
2023-04-08,Brentford,Newcastle,1,2,A,1,0,H,12,10,6,4,6,5,0,0,0,0,PL,23_24,5,12,1.2,1.2,2.2,1.0,-7,-1.0000000000000002,0.19999999999999996
2023-04-08,Real Madrid,Villarreal,2,3,A,1,1,D,18,17,4,8,6,7,0,3,0,0,LL,22_23,8,13,2.2,0.8,2.0,0.4,-5,0.20000000000000018,0.4
2023-04-08,Tottenham,Brighton,2,1,H,1,1,D,9,17,3,4,3,7,3,1,0,0,PL,23_24,8,11,1.8,1.2,2.4,1.0,-3,-0.5999999999999999,0.19999999999999996
2023-04-08,Wolves,Chelsea,1,0,H,1,0,H,9,13,4,1,8,8,2,5,0,0,PL,23_24,4,8,1.0,1.8,1.2,1.0,-4,-0.19999999999999996,0.8
2023-04-08,Southampton,Man City,1,4,A,0,1,A,4,13,1,8,0,10,0,2,0,0,PL,23_24,5,13,0.8,1.2,2.4,0.6,-8,-1.5999999999999999,0.6
2023-04-08,Sociedad,Getafe,2,0,H,1,0,H,11,6,6,4,3,2,2,1,0,0,LL,22_23,5,8,0.6,0.8,1.6,1.2,-3,-1.0,-0.3999999999999999
2023-04-08,Espanol,Ath Bilbao,1,2,A,0,1,A,9,12,2,7,8,7,6,4,1,0,LL,22_23,3,5,1.2,2.2,1.0,1.0,-2,0.19999999999999996,1.2000000000000002
2023-04-08,Leicester,Bournemouth,0,1,A,0,1,A,14,19,4,7,6,6,0,3,0,0,PL,23_24,1,6,0.8,1.8,1.0,1.8,-5,-0.19999999999999996,0.0
2023-04-08,Fulham,West Ham,0,1,A,0,1,A,16,9,3,5,11,4,1,1,0,0,PL,23_24,4,7,1.0,1.8,1.4,2.0,-3,-0.3999999999999999,-0.19999999999999996
2023-04-08,Atalanta,Bologna,0,2,A,0,0,D,15,13,6,6,6,0,3,2,0,0,SA,22_23,7,8,1.0,1.2,1.2,0.6,-1,-0.19999999999999996,0.6
2023-04-08,Torino,Roma,0,1,A,0,1,A,7,9,1,1,7,4,3,1,0,0,SA,22_23,7,6,1.2,1.8,1.6,1.4,1,-0.40000000000000013,0.40000000000000013
2023-04-08,Verona,Sassuolo,2,1,H,0,1,A,11,17,3,5,4,10,3,4,0,0,SA,22_23,2,13,0.4,1.6,2.0,1.2,-11,-1.6,0.40000000000000013
2023-04-08,Fiorentina,Spezia,1,1,D,1,1,D,19,4,4,3,8,4,0,7,0,0,SA,22_23,15,6,1.8,0.2,1.0,1.0,9,0.8,-0.8
2023-04-08,Sampdoria,Cremonese,2,3,A,1,1,D,13,17,9,4,3,3,2,3,0,0,SA,22_23,4,4,1.0,1.8,1.2,2.0,0,-0.19999999999999996,-0.19999999999999996
2023-04-08,Udinese,Monza,2,2,D,1,0,H,14,12,5,5,4,2,1,3,0,0,SA,22_23,8,5,1.2,1.2,0.8,1.6,3,0.3999999999999999,-0.40000000000000013
2023-04-08,Lazio,Juventus,2,1,H,1,1,D,9,11,4,4,6,6,2,5,0,0,SA,22_23,13,12,1.0,0.0,2.0,1.0,1,-1.0,-1.0
2023-04-09,Almeria,Valencia,2,1,H,0,0,D,10,11,4,4,3,7,3,2,0,0,LL,22_23,5,7,1.0,1.4,0.6,1.0,-2,0.4,0.3999999999999999
2023-04-09,Liverpool,Arsenal,2,2,D,1,2,A,21,9,6,5,5,4,4,4,0,0,PL,23_24,7,15,2.0,1.0,3.6,0.8,-8,-1.6,0.19999999999999996
2023-04-09,Leeds,Crystal Palace,1,5,A,1,1,D,11,16,7,8,2,4,3,1,0,0,PL,23_24,7,3,1.8,2.0,0.6,1.6,4,1.2000000000000002,0.3999999999999999
2023-04-09,Betis,Cadiz,0,2,A,0,0,D,9,15,3,4,5,6,3,3,2,0,LL,22_23,8,6,1.0,0.8,0.8,1.0,2,0.19999999999999996,-0.19999999999999996
2023-04-09,Valladolid,Mallorca,3,3,D,1,0,H,10,14,6,6,1,2,3,5,0,0,LL,22_23,4,2,0.8,2.8,0.4,1.0,2,0.4,1.7999999999999998
2023-04-09,Vallecano,Ath Madrid,1,2,A,0,2,A,15,14,3,4,8,2,0,0,1,0,LL,22_23,3,13,0.6,1.4,2.4,0.4,-10,-1.7999999999999998,0.9999999999999999
2023-04-10,Barcelona,Girona,0,0,D,0,0,D,18,5,3,0,12,2,0,2,0,0,LL,22_23,12,7,1.6,0.4,1.8,1.8,5,-0.19999999999999996,-1.4
2023-04-14,Cremonese,Empoli,1,0,H,1,0,H,14,15,5,1,3,8,1,0,0,0,SA,22_23,4,4,1.4,2.2,0.6,1.0,0,0.7999999999999999,1.2000000000000002
2023-04-14,Vallecano,Osasuna,2,1,H,2,0,H,12,8,3,4,2,3,2,3,0,0,LL,22_23,3,5,0.8,1.6,0.4,1.0,-2,0.4,0.6000000000000001
2023-04-14,Spezia,Lazio,0,3,A,0,1,A,6,13,2,7,2,3,3,4,1,0,SA,22_23,6,13,0.8,0.8,1.2,0.2,-7,-0.3999999999999999,0.6000000000000001
2023-04-15,Cadiz,Real Madrid,0,2,A,0,0,D,12,35,3,11,2,9,1,0,0,0,LL,22_23,6,7,1.0,1.0,2.4,1.2,-1,-1.4,-0.19999999999999996
2023-04-15,Wolves,Brentford,2,0,H,1,0,H,11,10,9,3,5,2,1,1,0,0,PL,23_24,7,5,1.2,1.4,1.4,1.4,2,-0.19999999999999996,0.0
2023-04-15,Man City,Leicester,3,1,H,3,0,H,12,10,4,4,6,2,1,1,0,0,PL,23_24,15,1,3.0,0.6,0.8,1.8,14,2.2,-1.2000000000000002
2023-04-15,Southampton,Crystal Palace,0,2,A,0,0,D,11,9,4,2,6,2,3,1,0,0,PL,23_24,2,6,0.8,2.0,1.6,1.6,-4,-0.8,0.3999999999999999
2023-04-15,Everton,Fulham,1,3,A,1,1,D,15,21,7,7,4,8,3,2,0,0,PL,23_24,6,1,1.2,1.4,0.8,2.0,5,0.3999999999999999,-0.6000000000000001
2023-04-15,Chelsea,Brighton,1,2,A,1,1,D,8,26,2,10,2,8,2,2,0,0,PL,23_24,5,8,1.0,1.2,1.8,1.4,-3,-0.8,-0.19999999999999996
2023-04-15,Bologna,Milan,1,1,D,1,1,D,6,19,2,5,2,6,3,4,0,0,SA,22_23,8,5,1.4,0.6,1.4,1.2,3,0.0,-0.6
2023-04-15,Napoli,Verona,0,0,D,0,0,D,9,5,1,2,4,0,1,4,0,0,SA,22_23,9,5,1.6,1.2,0.8,1.2,4,0.8,0.0
2023-04-15,Inter,Monza,0,1,A,0,0,D,25,7,6,2,5,2,2,2,0,0,SA,22_23,4,6,0.8,1.0,1.2,1.4,-2,-0.3999999999999999,-0.3999999999999999
2023-04-15,Villarreal,Valladolid,1,2,A,0,2,A,22,14,7,7,8,5,1,6,0,0,LL,22_23,13,5,2.2,0.6,1.4,2.8,8,0.8000000000000003,-2.1999999999999997
2023-04-15,Ath Bilbao,Sociedad,2,0,H,1,0,H,13,13,5,4,5,2,5,2,0,0,LL,22_23,8,8,1.0,0.6,1.0,0.6,0,0.0,0.0
2023-04-15,Betis,Espanol,3,1,H,2,0,H,15,13,8,4,4,13,2,2,0,0,LL,22_23,5,0,0.4,0.8,1.0,2.4,5,-0.6,-1.5999999999999999
2023-04-15,Tottenham,Bournemouth,2,3,A,1,1,D,24,6,8,6,8,1,1,2,0,0,PL,23_24,8,9,1.8,1.4,0.8,1.2,-1,1.0,0.19999999999999996
2023-04-15,Aston Villa,Newcastle,3,0,H,1,0,H,16,8,6,2,7,2,1,1,0,0,PL,23_24,13,15,2.0,0.4,2.6,0.8,-2,-0.6000000000000001,-0.4
2023-04-16,Girona,Elche,2,0,H,1,0,H,14,13,4,5,3,4,3,3,0,1,LL,22_23,5,4,1.2,1.4,0.6,1.8,1,0.6,-0.40000000000000013
2023-04-16,Ath Madrid,Almeria,2,1,H,2,1,H,19,2,7,0,9,2,3,3,0,0,LL,22_23,15,5,2.6,0.4,1.2,1.6,10,1.4000000000000001,-1.2000000000000002
2023-04-16,Nott'm Forest,Man United,0,2,A,0,1,A,6,22,0,8,4,9,2,2,0,0,PL,23_24,1,7,0.8,2.0,0.6,1.8,-6,0.20000000000000007,0.19999999999999996
2023-04-16,West Ham,Arsenal,2,2,D,1,2,A,16,11,3,5,7,2,1,2,0,0,PL,23_24,7,13,0.8,2.0,3.2,1.2,-6,-2.4000000000000004,0.8
2023-04-16,Lecce,Sampdoria,1,1,D,1,0,H,30,8,11,2,11,8,1,4,0,0,SA,22_23,0,4,0.2,1.6,1.4,2.2,-4,-1.2,-0.6000000000000001
2023-04-16,Torino,Salernitana,1,1,D,0,1,A,16,8,5,1,4,2,0,1,0,0,SA,22_23,7,5,0.8,1.2,1.0,1.0,2,-0.19999999999999996,0.19999999999999996
2023-04-16,Sassuolo,Juventus,1,0,H,0,0,D,11,13,4,3,10,13,0,1,0,0,SA,22_23,10,9,2.0,1.6,1.4,1.0,1,0.6000000000000001,0.6000000000000001
2023-04-16,Roma,Udinese,3,0,H,1,0,H,12,10,7,2,6,2,1,4,0,0,SA,22_23,9,8,1.6,1.0,1.2,1.2,1,0.40000000000000013,-0.19999999999999996
2023-04-16,Valencia,Sevilla,0,2,A,0,0,D,13,6,3,3,6,2,1,4,1,0,LL,22_23,4,7,0.6,1.4,1.4,2.2,-3,-0.7999999999999999,-0.8000000000000003
2023-04-16,Getafe,Barcelona,0,0,D,0,0,D,5,15,1,3,1,5,2,1,0,0,LL,22_23,8,13,1.4,1.2,1.6,0.2,-5,-0.20000000000000018,1.0
2023-04-17,Celta,Mallorca,0,1,A,0,1,A,12,8,3,2,7,5,2,1,1,0,LL,22_23,9,3,2.0,1.0,0.8,1.2,6,1.2,-0.19999999999999996
2023-04-17,Fiorentina,Atalanta,1,1,D,0,1,A,18,6,7,1,5,1,1,3,0,0,SA,22_23,13,7,1.4,0.4,1.0,1.2,6,0.3999999999999999,-0.7999999999999999
2023-04-17,Leeds,Liverpool,1,6,A,0,2,A,13,13,3,7,4,2,0,1,0,0,PL,23_24,7,5,2.0,2.8,2.0,1.4,2,0.0,1.4
2023-04-21,Espanol,Cadiz,0,0,D,0,0,D,14,11,5,2,6,3,4,2,0,0,LL,22_23,0,5,1.0,2.6,1.0,1.4,-5,0.0,1.2000000000000002
2023-04-21,Arsenal,Southampton,3,3,D,1,2,A,25,8,6,6,7,2,1,5,0,0,PL,23_24,11,1,3.0,1.2,0.8,2.4,10,2.2,-1.2
2023-04-21,Verona,Bologna,2,1,H,1,0,H,9,17,5,7,4,2,2,4,0,0,SA,22_23,5,9,0.8,1.2,1.6,0.6,-4,-0.8,0.6
2023-04-22,Sociedad,Vallecano,2,1,H,0,0,D,7,7,1,2,3,3,1,2,0,0,LL,22_23,7,5,1.0,1.0,1.2,1.8,2,-0.19999999999999996,-0.8
2023-04-22,Almeria,Ath Bilbao,1,2,A,0,1,A,12,14,4,3,3,4,2,4,0,0,LL,22_23,5,10,1.4,1.6,1.4,0.6,-5,0.0,1.0
2023-04-22,Liverpool,Nott'm Forest,3,2,H,0,0,D,18,11,6,5,9,3,0,1,0,0,PL,23_24,5,1,1.8,1.6,0.6,1.8,4,1.2000000000000002,-0.19999999999999996
2023-04-22,Valladolid,Girona,1,0,H,1,0,H,15,12,6,6,5,7,1,1,0,0,LL,22_23,5,8,1.4,2.8,1.2,0.8,-3,0.19999999999999996,1.9999999999999998
2023-04-22,Fulham,Leeds,2,1,H,0,0,D,12,10,5,2,8,6,1,4,0,0,PL,23_24,3,6,1.2,2.0,1.8,3.6,-3,-0.6000000000000001,-1.6
2023-04-22,Osasuna,Betis,3,2,H,3,1,H,10,21,5,6,5,13,2,0,0,0,LL,22_23,4,7,0.6,1.4,1.0,1.0,-3,-0.4,0.3999999999999999
2023-04-22,Real Madrid,Celta,2,0,H,1,0,H,17,12,5,2,8,3,1,2,0,0,LL,22_23,9,8,2.8,1.2,2.0,1.2,1,0.7999999999999998,0.0
2023-04-22,Crystal Palace,Everton,0,0,D,0,0,D,12,10,2,5,8,1,1,1,0,1,PL,23_24,9,5,2.0,1.4,1.0,1.6,4,1.0,-0.20000000000000018
2023-04-22,Leicester,Wolves,2,1,H,1,1,D,15,16,8,3,1,7,1,3,0,0,PL,23_24,1,7,0.8,1.8,1.4,1.4,-6,-0.5999999999999999,0.40000000000000013
2023-04-22,Lazio,Torino,0,1,A,0,1,A,10,7,5,3,3,4,2,4,0,0,SA,22_23,13,5,1.6,0.2,0.8,1.4,8,0.8,-1.2
2023-04-22,Salernitana,Sassuolo,3,0,H,2,0,H,13,11,5,2,4,8,1,2,0,0,SA,22_23,5,10,1.2,1.2,1.6,1.2,-5,-0.40000000000000013,0.0
2023-04-22,Brentford,Aston Villa,1,1,D,0,0,D,6,14,5,2,8,4,3,2,0,0,PL,23_24,2,15,1.0,1.8,2.4,0.2,-13,-1.4,1.6
2023-04-22,Sampdoria,Spezia,1,1,D,1,0,H,13,19,3,7,9,9,1,1,0,0,SA,22_23,4,5,1.6,2.4,0.8,1.4,-1,0.8,1.0
2023-04-23,Elche,Valencia,0,2,A,0,2,A,7,5,1,3,11,6,3,1,0,0,LL,22_23,1,4,0.4,2.2,0.6,1.6,-3,-0.19999999999999996,0.6000000000000001
2023-04-23,Barcelona,Ath Madrid,1,0,H,1,0,H,13,13,4,3,3,3,4,7,0,0,LL,22_23,11,15,1.4,0.2,1.8,0.4,-4,-0.40000000000000013,-0.2
2023-04-23,Sevilla,Villarreal,2,1,H,1,0,H,17,17,4,5,5,3,1,2,0,0,LL,22_23,10,10,1.6,1.0,2.0,1.0,0,-0.3999999999999999,0.0
2023-04-23,Mallorca,Getafe,3,1,H,0,1,A,8,3,4,1,2,2,2,3,0,0,LL,22_23,6,6,1.0,1.0,0.8,0.8,0,0.19999999999999996,0.19999999999999996
2023-04-23,Empoli,Inter,0,3,A,0,0,D,11,16,3,4,5,4,1,1,0,0,SA,22_23,4,1,0.4,0.8,0.4,1.2,3,0.0,-0.3999999999999999
2023-04-23,Monza,Fiorentina,3,2,H,2,2,D,13,10,5,5,5,3,3,3,0,0,SA,22_23,6,11,1.0,1.2,1.2,0.4,-5,-0.19999999999999996,0.7999999999999999
2023-04-23,Udinese,Cremonese,3,0,H,3,0,H,17,12,9,2,3,8,2,3,0,0,SA,22_23,7,7,1.2,1.8,1.2,1.6,0,0.0,0.19999999999999996
2023-04-23,Milan,Lecce,2,0,H,1,0,H,8,9,5,4,4,2,1,0,0,0,SA,22_23,6,1,1.4,1.0,0.4,1.4,5,0.9999999999999999,-0.3999999999999999
2023-04-23,Juventus,Napoli,0,1,A,0,0,D,7,17,4,6,3,6,4,1,0,0,SA,22_23,9,10,1.4,1.0,1.6,1.0,-1,-0.20000000000000018,0.0
2023-04-23,Newcastle,Tottenham,6,1,H,5,0,H,25,11,8,3,9,3,0,3,0,0,PL,23_24,12,8,2.2,1.2,2.2,1.8,4,0.0,-0.6000000000000001
2023-04-23,Bournemouth,West Ham,0,4,A,0,3,A,17,18,5,10,8,5,1,2,0,0,PL,23_24,9,8,1.2,1.6,1.2,1.6,1,0.0,0.0
2023-04-24,Atalanta,Roma,3,1,H,1,0,H,7,14,4,1,3,4,3,1,0,0,SA,22_23,7,9,1.2,1.4,2.0,1.0,-2,-0.8,0.3999999999999999
2023-04-25,Aston Villa,Fulham,1,0,H,1,0,H,14,1,3,0,8,2,3,2,0,0,PL,23_24,13,6,2.0,0.4,1.2,1.6,7,0.8,-1.2000000000000002
2023-04-25,Cadiz,Osasuna,0,1,A,0,0,D,20,6,4,4,11,2,0,1,0,1,LL,22_23,5,7,0.6,1.0,1.2,1.6,-2,-0.6,-0.6000000000000001
2023-04-25,Leeds,Leicester,1,1,D,1,0,H,13,15,3,3,3,6,4,2,0,0,PL,23_24,3,3,1.2,3.6,1.0,1.8,0,0.19999999999999996,1.8
2023-04-25,Wolves,Crystal Palace,2,0,H,1,0,H,9,14,3,4,6,11,5,4,0,0,PL,23_24,7,10,1.4,1.4,2.0,1.2,-3,-0.6000000000000001,0.19999999999999996
2023-04-25,Girona,Real Madrid,4,2,H,2,1,H,13,18,5,3,3,8,1,2,0,0,LL,22_23,8,9,1.2,0.8,2.6,1.0,-1,-1.4000000000000001,-0.19999999999999996
2023-04-25,Betis,Sociedad,0,0,D,0,0,D,10,10,1,3,2,4,1,3,0,0,LL,22_23,6,9,1.2,1.4,1.2,1.0,-3,0.0,0.3999999999999999
2023-04-26,Man City,Arsenal,4,1,H,2,0,H,14,8,9,2,1,3,3,1,0,0,PL,23_24,15,9,2.8,0.6,3.0,1.8,6,-0.20000000000000018,-1.2000000000000002
2023-04-26,West Ham,Liverpool,1,2,A,1,1,D,7,20,2,4,3,6,0,0,0,0,PL,23_24,10,8,1.8,1.4,2.4,1.8,2,-0.5999999999999999,-0.40000000000000013
2023-04-26,Chelsea,Brentford,0,2,A,0,1,A,15,7,4,1,5,2,1,2,0,0,PL,23_24,2,2,0.6,1.4,1.0,1.8,0,-0.4,-0.40000000000000013
2023-04-26,Nott'm Forest,Brighton,3,1,H,1,1,D,12,17,5,7,2,7,2,0,0,0,PL,23_24,1,10,0.8,2.0,1.8,1.2,-9,-1.0,0.8
2023-04-26,Ath Madrid,Mallorca,3,1,H,1,1,D,24,6,9,2,5,8,0,0,0,0,LL,22_23,12,8,1.6,0.6,1.4,1.0,4,0.20000000000000018,-0.4
2023-04-26,Getafe,Almeria,1,2,A,0,1,A,21,23,9,11,4,6,2,2,1,0,LL,22_23,5,5,0.6,1.0,1.4,1.6,0,-0.7999999999999999,-0.6000000000000001
2023-04-26,Celta,Elche,1,0,H,0,0,D,17,16,9,1,10,6,0,0,0,0,LL,22_23,5,0,1.4,1.6,0.2,2.4,5,1.2,-0.7999999999999998
2023-04-26,Vallecano,Barcelona,2,1,H,1,0,H,9,10,6,5,3,9,1,4,0,0,LL,22_23,5,11,1.4,1.6,1.4,0.2,-6,0.0,1.4000000000000001
2023-04-27,Southampton,Bournemouth,0,1,A,0,0,D,11,16,2,2,6,4,0,3,0,0,PL,23_24,2,9,1.4,2.6,1.2,1.8,-7,0.19999999999999996,0.8
2023-04-27,Everton,Newcastle,1,4,A,0,1,A,13,15,5,8,3,14,2,1,0,0,PL,23_24,3,12,0.8,1.6,3.0,1.2,-9,-2.2,0.40000000000000013
2023-04-27,Valencia,Valladolid,2,1,H,0,1,A,18,8,5,2,6,2,0,4,0,0,LL,22_23,4,7,0.8,1.6,1.4,2.6,-3,-0.5999999999999999,-1.0
2023-04-27,Villarreal,Espanol,4,2,H,0,1,A,31,13,13,4,9,2,2,4,0,1,LL,22_23,9,1,2.0,1.2,0.8,2.0,8,1.2,-0.8
2023-04-27,Ath Bilbao,Sevilla,0,1,A,0,0,D,7,4,2,1,8,2,3,3,0,0,LL,22_23,13,10,1.8,0.6,1.6,1.0,3,0.19999999999999996,-0.4
2023-04-27,Tottenham,Man United,2,2,D,0,2,A,18,17,7,8,6,8,1,2,0,0,PL,23_24,5,10,1.8,2.8,1.0,0.4,-5,0.8,2.4
2023-04-28,Osasuna,Sociedad,0,2,A,0,1,A,13,12,1,8,4,2,3,1,0,0,LL,22_23,10,7,1.4,1.0,0.8,1.0,3,0.5999999999999999,0.0
2023-04-28,Lecce,Udinese,1,0,H,0,0,D,15,10,3,3,7,4,4,2,0,0,SA,22_23,1,7,0.4,1.4,1.6,1.8,-6,-1.2000000000000002,-0.40000000000000013
2023-04-28,Spezia,Monza,0,2,A,0,1,A,12,8,4,4,3,3,1,2,0,0,SA,22_23,3,8,0.6,1.4,1.4,1.4,-5,-0.7999999999999999,0.0
2023-04-29,Crystal Palace,West Ham,4,3,H,3,2,H,16,8,6,4,8,5,1,2,0,0,PL,23_24,10,7,1.8,0.8,1.8,1.8,3,0.0,-1.0
2023-04-29,Brighton,Wolves,6,0,H,4,0,H,22,10,8,2,2,5,1,1,0,0,PL,23_24,7,10,1.8,1.8,1.4,0.6,-3,0.40000000000000013,1.2000000000000002
2023-04-29,Torino,Atalanta,1,2,A,0,1,A,4,9,4,5,3,3,1,1,0,0,SA,22_23,5,10,0.6,1.4,1.8,1.2,-5,-1.2000000000000002,0.19999999999999996
2023-04-29,Roma,Milan,1,1,D,0,0,D,11,11,1,1,1,5,3,2,0,0,SA,22_23,9,8,1.6,0.8,1.6,0.8,1,0.0,0.0
2023-04-29,Elche,Vallecano,4,0,H,1,0,H,18,14,9,3,3,8,1,2,0,1,LL,22_23,0,7,0.2,2.2,1.4,1.4,-7,-1.2,0.8000000000000003
2023-04-29,Real Madrid,Almeria,4,2,H,3,1,H,15,9,12,3,7,0,2,2,0,0,LL,22_23,9,7,2.8,1.4,1.6,1.6,2,1.1999999999999997,-0.20000000000000018
2023-04-29,Barcelona,Betis,4,0,H,3,0,H,15,4,8,1,10,0,0,2,0,1,LL,22_23,8,4,1.2,0.4,1.0,1.4,4,0.19999999999999996,-0.9999999999999999
2023-04-29,Brentford,Nott'm Forest,2,1,H,0,1,A,14,5,8,3,6,0,1,2,0,0,PL,23_24,4,3,0.8,1.2,1.2,2.0,1,-0.3999999999999999,-0.8
2023-04-30,Liverpool,Tottenham,4,3,H,3,1,H,12,10,4,7,5,2,3,2,0,0,PL,23_24,11,5,2.6,1.2,1.6,2.6,6,1.0,-1.4000000000000001
2023-04-30,Newcastle,Southampton,3,1,H,0,1,A,22,4,5,3,11,2,1,4,0,0,PL,23_24,12,1,3.4,1.4,0.8,2.2,11,2.5999999999999996,-0.8000000000000003
2023-04-30,Man United,Aston Villa,1,0,H,1,0,H,14,7,6,1,1,4,2,0,0,0,PL,23_24,10,13,1.4,0.8,1.8,0.4,-3,-0.40000000000000013,0.4
2023-04-30,Inter,Lazio,3,1,H,0,1,A,25,9,9,5,2,3,2,3,0,0,SA,22_23,4,12,0.8,0.8,1.6,0.4,-8,-0.8,0.4
2023-04-30,Cremonese,Verona,1,1,D,1,0,H,12,14,5,6,3,5,0,0,1,0,SA,22_23,7,7,1.2,1.8,1.0,1.2,0,0.19999999999999996,0.6000000000000001
2023-04-30,Napoli,Salernitana,1,1,D,0,0,D,24,5,8,2,10,0,2,2,0,0,SA,22_23,10,7,1.4,1.0,1.6,1.0,3,-0.20000000000000018,0.0
2023-04-30,Sassuolo,Empoli,2,1,H,0,1,A,13,7,4,1,7,5,2,1,1,0,SA,22_23,7,4,0.8,1.2,0.4,1.2,3,0.4,0.0
2023-04-30,Espanol,Getafe,1,0,H,1,0,H,17,7,8,2,6,3,3,5,0,0,LL,22_23,1,2,1.0,2.2,0.4,1.4,-1,0.6,0.8000000000000003
2023-04-30,Bournemouth,Leeds,4,1,H,2,1,H,12,15,7,6,2,6,1,0,0,0,PL,23_24,9,4,1.0,1.6,1.2,3.0,5,-0.19999999999999996,-1.4
2023-04-30,Valladolid,Ath Madrid,2,5,A,1,3,A,19,9,6,6,9,1,2,1,0,0,LL,22_23,7,12,1.4,2.4,1.6,0.8,-5,-0.20000000000000018,1.5999999999999999
2023-04-30,Villarreal,Celta,3,1,H,2,1,H,9,14,3,5,4,9,1,4,0,0,LL,22_23,9,5,2.2,1.6,1.0,1.4,4,1.2000000000000002,0.20000000000000018
2023-04-30,Cadiz,Valencia,2,1,H,1,0,H,8,16,4,4,5,6,6,2,0,0,LL,22_23,4,7,0.4,1.0,1.2,1.2,-3,-0.7999999999999999,-0.19999999999999996
2023-04-30,Fiorentina,Sampdoria,5,0,H,1,0,H,23,4,10,1,11,0,2,1,0,0,SA,22_23,8,5,1.2,1.0,1.4,1.8,3,-0.19999999999999996,-0.8
2023-04-30,Fulham,Man City,1,2,A,1,2,A,4,12,1,9,2,5,1,3,0,0,PL,23_24,6,15,1.2,1.2,3.2,0.8,-9,-2.0,0.3999999999999999
2023-04-30,Bologna,Juventus,1,1,D,1,0,H,16,14,6,5,4,5,2,2,0,0,SA,22_23,8,6,1.8,1.0,0.6,0.8,2,1.2000000000000002,0.19999999999999996
2023-05-01,Leicester,Everton,2,2,D,2,1,H,15,23,6,8,2,9,4,1,0,0,PL,23_24,4,2,1.0,1.6,0.6,2.0,2,0.4,-0.3999999999999999
2023-05-01,Sevilla,Girona,0,2,A,0,1,A,23,9,5,3,6,1,1,1,0,0,LL,22_23,13,10,1.8,0.6,1.6,0.8,3,0.19999999999999996,-0.20000000000000007
2023-05-01,Mallorca,Ath Bilbao,1,1,D,0,0,D,9,16,2,6,5,7,4,2,0,0,LL,22_23,8,10,1.6,1.4,1.2,0.6,-2,0.40000000000000013,0.7999999999999999
2023-05-02,Barcelona,Osasuna,1,0,H,0,0,D,21,7,4,2,11,0,0,0,0,1,LL,22_23,8,9,1.2,0.4,1.4,1.4,-1,-0.19999999999999996,-0.9999999999999999
2023-05-02,Almeria,Elche,2,1,H,1,0,H,10,14,4,1,7,13,2,2,0,0,LL,22_23,6,3,1.6,2.0,1.0,1.4,3,0.6000000000000001,0.6000000000000001
2023-05-02,Arsenal,Chelsea,3,1,H,3,0,H,16,7,10,4,7,2,0,2,0,0,PL,23_24,6,1,2.4,2.4,0.2,1.4,5,2.1999999999999997,1.0
2023-05-02,Sociedad,Real Madrid,2,0,H,0,0,D,9,10,4,5,2,6,1,5,0,1,LL,22_23,10,9,1.2,0.6,2.4,1.8,1,-1.2,-1.2000000000000002
2023-05-03,Verona,Inter,0,6,A,0,3,A,7,20,2,10,2,7,0,0,0,0,SA,22_23,8,7,1.0,0.8,1.4,0.8,1,-0.3999999999999999,0.0
2023-05-03,Monza,Roma,1,1,D,1,1,D,8,14,4,8,4,3,3,4,0,1,SA,22_23,10,10,1.6,1.2,1.8,0.8,0,-0.19999999999999996,0.3999999999999999
2023-05-03,Juventus,Lecce,2,1,H,2,1,H,16,14,4,5,6,7,2,2,0,0,SA,22_23,4,4,0.6,1.0,0.6,1.2,0,0.0,-0.19999999999999996
2023-05-03,Salernitana,Fiorentina,3,3,D,1,1,D,4,12,3,3,2,3,3,5,0,0,SA,22_23,7,8,1.4,0.8,2.0,1.0,-1,-0.6000000000000001,-0.19999999999999996
2023-05-03,Sampdoria,Torino,0,2,A,0,1,A,7,12,0,4,2,3,3,2,1,0,SA,22_23,2,5,0.8,2.6,0.8,1.0,-3,0.0,1.6
2023-05-03,Milan,Cremonese,1,1,D,0,0,D,18,6,5,2,10,0,0,3,0,1,SA,22_23,9,7,1.6,0.4,1.2,1.8,2,0.40000000000000013,-1.4
2023-05-03,Valencia,Villarreal,1,1,D,0,0,D,8,11,1,4,6,6,4,2,0,0,LL,22_23,6,9,1.2,1.4,2.4,1.8,-3,-1.2,-0.40000000000000013
2023-05-03,Ath Madrid,Cadiz,5,1,H,2,0,H,18,2,8,1,5,2,3,2,0,0,LL,22_23,12,7,2.4,1.2,0.8,0.8,5,1.5999999999999999,0.3999999999999999
2023-05-03,Getafe,Celta,1,0,H,1,0,H,14,7,4,1,1,5,7,5,0,1,LL,22_23,1,4,0.4,1.6,0.8,1.6,-3,-0.4,0.0
2023-05-03,Liverpool,Fulham,1,0,H,1,0,H,15,9,3,3,7,5,0,0,0,0,PL,23_24,13,6,3.4,1.8,1.2,1.2,7,2.2,0.6000000000000001
2023-05-03,Man City,West Ham,3,0,H,0,0,D,16,6,7,2,6,3,0,1,0,0,PL,23_24,15,7,3.4,1.0,2.2,1.6,8,1.1999999999999997,-0.6000000000000001
2023-05-03,Atalanta,Spezia,3,2,H,1,1,D,14,9,6,4,12,3,0,3,0,0,SA,22_23,10,3,1.8,1.2,0.6,1.6,7,1.2000000000000002,-0.40000000000000013
2023-05-03,Lazio,Sassuolo,2,0,H,1,0,H,13,13,5,2,1,2,3,5,0,0,SA,22_23,9,7,1.6,1.0,1.0,1.4,2,0.6000000000000001,-0.3999999999999999
2023-05-04,Brighton,Man United,1,0,H,0,0,D,22,16,6,5,8,6,4,4,0,0,PL,23_24,9,13,2.4,1.2,1.6,0.4,-4,0.7999999999999998,0.7999999999999999
2023-05-04,Udinese,Napoli,1,1,D,1,0,H,7,7,3,4,2,6,1,0,0,0,SA,22_23,4,8,1.0,1.8,0.8,1.2,-4,0.19999999999999996,0.6000000000000001
2023-05-04,Girona,Mallorca,2,1,H,1,0,H,17,8,7,2,9,5,4,0,0,0,LL,22_23,10,8,1.6,0.6,1.8,1.6,2,-0.19999999999999996,-1.0
2023-05-04,Vallecano,Valladolid,2,1,H,0,0,D,16,7,6,4,3,4,0,0,0,0,LL,22_23,6,7,1.2,2.0,1.8,2.2,-1,-0.6000000000000001,-0.20000000000000018
2023-05-04,Empoli,Bologna,3,1,H,2,0,H,13,18,3,3,2,5,3,0,0,0,SA,22_23,4,8,0.4,1.2,1.6,0.8,-4,-1.2000000000000002,0.3999999999999999
2023-05-04,Sevilla,Espanol,3,2,H,1,2,A,18,7,6,3,9,0,1,2,0,0,LL,22_23,10,4,1.4,1.0,1.0,1.8,6,0.3999999999999999,-0.8
2023-05-04,Ath Bilbao,Betis,0,1,A,0,1,A,21,12,6,2,13,2,1,3,1,0,LL,22_23,10,4,1.4,0.8,1.0,2.0,6,0.3999999999999999,-1.2
2023-05-06,Wolves,Aston Villa,1,0,H,1,0,H,6,16,2,3,5,6,3,3,0,0,PL,23_24,9,10,1.2,1.6,1.4,0.4,-1,-0.19999999999999996,1.2000000000000002
2023-05-06,Milan,Lazio,2,0,H,2,0,H,10,8,3,0,6,4,2,4,0,0,SA,22_23,7,9,1.0,0.6,1.6,1.0,-2,-0.6000000000000001,-0.4
2023-05-06,Man City,Leeds,2,1,H,2,0,H,18,4,6,2,10,1,0,3,0,0,PL,23_24,15,1,3.2,0.8,1.0,3.6,14,2.2,-2.8
2023-05-06,Bournemouth,Chelsea,1,3,A,1,1,D,10,11,4,5,7,7,1,3,0,0,PL,23_24,12,1,1.8,1.4,0.4,1.6,11,1.4,-0.20000000000000018
2023-05-06,Tottenham,Crystal Palace,1,0,H,1,0,H,8,7,3,2,8,4,3,5,0,0,PL,23_24,4,10,2.0,3.2,2.2,1.2,-6,-0.20000000000000018,2.0
2023-05-06,Roma,Inter,0,2,A,0,1,A,15,10,3,4,12,5,3,2,0,0,SA,22_23,8,10,1.4,1.0,2.6,0.6,-2,-1.2000000000000002,0.4
2023-05-06,Liverpool,Brentford,1,0,H,1,0,H,15,5,5,1,7,3,4,2,0,0,PL,23_24,15,7,3.2,1.4,1.2,1.2,8,2.0,0.19999999999999996
2023-05-06,Cremonese,Spezia,2,0,H,1,0,H,9,18,4,8,3,13,0,2,0,0,SA,22_23,8,2,1.2,1.4,0.8,2.0,6,0.3999999999999999,-0.6000000000000001
2023-05-07,Napoli,Fiorentina,1,0,H,0,0,D,10,15,3,3,0,5,0,0,0,0,SA,22_23,9,6,1.0,0.6,2.4,1.6,3,-1.4,-1.0
2023-05-07,Newcastle,Arsenal,0,2,A,0,1,A,12,10,5,6,9,4,2,1,0,0,PL,23_24,12,6,3.0,1.4,2.2,2.4,6,0.7999999999999998,-1.0
2023-05-07,Atalanta,Juventus,0,2,A,0,0,D,24,10,1,5,7,3,1,2,0,0,SA,22_23,10,4,1.8,1.4,0.8,1.2,6,1.0,0.19999999999999996
2023-05-07,Lecce,Verona,0,1,A,0,0,D,15,9,2,3,4,4,2,5,0,0,SA,22_23,4,8,0.8,1.4,1.0,1.8,-4,-0.19999999999999996,-0.40000000000000013
2023-05-07,Torino,Monza,1,1,D,0,0,D,14,10,5,8,7,4,2,1,0,0,SA,22_23,7,11,1.0,0.8,1.8,1.0,-4,-0.8,-0.19999999999999996
2023-05-07,West Ham,Man United,1,0,H,1,0,H,15,19,4,4,5,6,0,2,0,0,PL,23_24,4,10,2.0,2.2,1.4,0.6,-6,0.6000000000000001,1.6
2023-05-08,Fulham,Leicester,5,3,H,3,0,H,17,18,7,9,2,7,0,3,0,0,PL,23_24,6,5,1.2,1.2,1.2,1.6,1,0.0,-0.40000000000000013
2023-05-08,Brighton,Everton,1,5,A,0,3,A,23,10,5,5,15,1,1,5,0,0,PL,23_24,9,2,2.2,1.2,0.8,2.2,7,1.4000000000000001,-1.0000000000000002
2023-05-08,Nott'm Forest,Southampton,4,3,H,3,1,H,9,19,4,5,2,11,1,0,0,0,PL,23_24,3,1,1.2,2.0,1.0,2.6,2,0.19999999999999996,-0.6000000000000001
2023-05-08,Udinese,Sampdoria,2,0,H,2,0,H,13,11,6,3,7,3,2,2,0,0,SA,22_23,5,2,1.2,1.4,0.8,2.4,3,0.3999999999999999,-1.0
2023-05-08,Empoli,Salernitana,2,1,H,1,0,H,11,13,4,2,8,7,2,2,0,0,SA,22_23,4,7,0.8,1.4,1.8,1.2,-3,-1.0,0.19999999999999996
2023-05-08,Sassuolo,Bologna,1,1,D,1,1,D,6,12,2,3,4,4,1,1,0,0,SA,22_23,6,5,0.8,1.6,1.2,1.4,1,-0.3999999999999999,0.20000000000000018
2023-05-12,Mallorca,Cadiz,1,0,H,1,0,H,8,14,3,4,3,7,5,3,0,0,LL,22_23,7,4,1.4,1.4,0.6,1.8,3,0.7999999999999999,-0.40000000000000013
2023-05-12,Lazio,Lecce,2,2,D,1,1,D,20,13,6,4,2,3,3,5,0,0,SA,22_23,6,4,1.2,1.2,0.6,1.2,2,0.6,0.0
2023-05-13,Salernitana,Atalanta,1,0,H,0,0,D,10,13,4,3,5,3,2,2,0,0,SA,22_23,6,10,1.8,1.4,1.8,1.4,-4,0.0,0.0
2023-05-13,Spezia,Milan,2,0,H,0,0,D,14,14,4,3,6,9,1,1,0,0,SA,22_23,1,9,0.6,2.2,1.4,0.6,-8,-0.7999999999999999,1.6
2023-05-13,Inter,Sassuolo,4,2,H,1,0,H,11,16,3,5,1,5,2,3,0,0,SA,22_23,12,7,2.8,0.4,0.8,1.4,5,1.9999999999999998,-0.9999999999999999
2023-05-13,Leeds,Newcastle,2,2,D,1,1,D,9,18,4,5,2,6,3,2,1,0,PL,23_24,1,9,1.0,3.0,2.6,1.6,-8,-1.6,1.4
2023-05-13,Aston Villa,Tottenham,2,1,H,1,0,H,8,5,4,2,8,3,3,3,0,0,PL,23_24,7,4,1.0,0.6,1.8,3.0,3,-0.8,-2.4
2023-05-13,Chelsea,Nott'm Forest,2,2,D,0,1,A,14,11,6,2,2,5,3,1,0,0,PL,23_24,3,6,1.0,1.8,2.0,2.2,-3,-1.0,-0.40000000000000013
2023-05-13,Man United,Wolves,2,0,H,1,0,H,27,5,9,0,11,7,3,2,0,0,PL,23_24,7,9,1.0,0.8,1.2,1.6,-2,-0.19999999999999996,-0.8
2023-05-13,Southampton,Fulham,0,2,A,0,0,D,5,9,1,4,1,8,2,0,0,0,PL,23_24,1,6,1.4,2.6,1.6,1.6,-5,-0.20000000000000018,1.0
2023-05-13,Crystal Palace,Bournemouth,2,0,H,1,0,H,17,5,5,0,11,2,0,2,0,0,PL,23_24,7,9,1.2,1.2,1.8,2.0,-2,-0.6000000000000001,-0.8
2023-05-13,Real Madrid,Getafe,1,0,H,0,0,D,16,9,3,2,1,3,1,4,0,0,LL,22_23,9,4,2.0,1.6,0.6,1.2,5,1.4,0.40000000000000013
2023-05-13,Villarreal,Ath Bilbao,5,1,H,2,1,H,17,11,11,5,7,5,4,3,0,0,LL,22_23,7,7,2.0,1.6,1.0,0.8,0,1.0,0.8
2023-05-13,Sociedad,Girona,2,2,D,2,2,D,18,13,6,6,7,4,5,3,0,1,LL,22_23,10,12,1.2,0.6,2.0,0.8,-2,-0.8,-0.20000000000000007
2023-05-13,Osasuna,Almeria,3,1,H,0,0,D,18,8,7,3,4,1,0,0,0,0,LL,22_23,6,6,1.0,1.4,1.6,2.0,0,-0.6000000000000001,-0.6000000000000001
2023-05-14,Everton,Man City,0,3,A,0,2,A,7,9,3,4,8,6,1,0,0,0,PL,23_24,5,15,1.8,2.0,2.8,0.8,-10,-0.9999999999999998,1.2
2023-05-14,Juventus,Cremonese,2,0,H,0,0,D,24,3,7,2,7,0,2,0,0,0,SA,22_23,7,8,1.0,0.8,1.0,1.0,-1,0.0,-0.19999999999999996
2023-05-14,Arsenal,Brighton,0,3,A,0,0,D,14,12,2,6,5,2,1,2,0,0,PL,23_24,8,9,2.2,2.0,2.2,1.8,-1,0.0,0.19999999999999996
2023-05-14,Espanol,Barcelona,2,4,A,0,3,A,15,15,7,5,4,3,1,3,0,0,LL,22_23,4,10,1.2,2.0,1.4,0.4,-6,-0.19999999999999996,1.6
2023-05-14,Valladolid,Sevilla,0,3,A,0,0,D,28,17,6,5,8,3,2,1,0,0,LL,22_23,6,12,1.4,2.0,1.6,1.0,-6,-0.20000000000000018,1.0
2023-05-14,Monza,Napoli,2,0,H,1,0,H,10,20,4,7,6,10,1,1,0,0,SA,22_23,11,9,1.6,0.8,0.8,0.4,2,0.8,0.4
2023-05-14,Fiorentina,Udinese,2,0,H,1,0,H,18,5,3,1,3,3,3,3,1,1,SA,22_23,5,7,2.2,1.6,1.2,1.0,-2,1.0000000000000002,0.6000000000000001
2023-05-14,Verona,Torino,0,1,A,0,1,A,14,15,4,8,3,4,3,2,0,0,SA,22_23,8,8,0.8,1.6,1.2,0.8,0,-0.3999999999999999,0.8
2023-05-14,Elche,Ath Madrid,1,0,H,1,0,H,15,13,4,4,3,5,2,0,0,0,LL,22_23,3,12,1.0,1.4,3.0,1.2,-9,-2.0,0.19999999999999996
2023-05-14,Celta,Valencia,1,2,A,0,1,A,10,12,6,5,5,4,3,5,0,1,LL,22_23,3,7,0.4,1.4,1.2,1.2,-4,-0.7999999999999999,0.19999999999999996
2023-05-14,Bologna,Roma,0,0,D,0,0,D,12,7,3,2,3,6,2,1,0,0,SA,22_23,3,5,1.0,1.6,1.2,1.4,-2,-0.19999999999999996,0.20000000000000018
2023-05-14,Brentford,West Ham,2,0,H,2,0,H,24,4,10,4,7,5,1,0,0,0,PL,23_24,7,6,1.0,1.0,1.8,1.8,1,-0.8,-0.8
2023-05-15,Betis,Vallecano,3,1,H,2,0,H,11,16,5,4,6,5,3,2,0,1,LL,22_23,7,9,1.2,1.6,1.4,1.8,-2,-0.19999999999999996,-0.19999999999999996
2023-05-15,Leicester,Liverpool,0,3,A,0,2,A,4,16,4,5,4,4,2,1,0,0,PL,23_24,5,15,1.8,2.4,2.2,1.2,-10,-0.40000000000000013,1.2
2023-05-15,Sampdoria,Empoli,1,1,D,1,0,H,13,16,3,4,1,2,3,4,0,0,SA,22_23,2,6,0.4,2.2,1.2,1.6,-4,-0.7999999999999999,0.6000000000000001
2023-05-18,Newcastle,Brighton,4,1,H,2,0,H,22,8,9,2,6,1,2,4,0,0,PL,23_24,10,9,3.0,1.4,2.4,1.6,1,0.6000000000000001,-0.20000000000000018
2023-05-19,Cadiz,Valladolid,2,0,H,0,0,D,11,6,4,2,4,3,4,4,0,1,LL,22_23,4,3,0.6,1.6,1.0,2.4,1,-0.4,-0.7999999999999998
2023-05-19,Sassuolo,Monza,1,2,A,1,0,H,13,16,4,5,6,3,2,5,1,0,SA,22_23,4,11,1.0,2.2,1.8,0.8,-7,-0.8,1.4000000000000001
2023-05-20,Girona,Villarreal,1,2,A,1,1,D,9,10,3,5,3,1,2,1,0,0,LL,22_23,10,10,2.0,1.2,2.8,1.4,0,-0.7999999999999998,-0.19999999999999996
2023-05-20,Ath Bilbao,Celta,2,1,H,1,0,H,10,8,3,3,8,5,4,1,0,0,LL,22_23,4,3,0.8,1.8,0.6,1.6,1,0.20000000000000007,0.19999999999999996
2023-05-20,Almeria,Mallorca,3,0,H,2,0,H,12,7,3,3,4,6,1,2,0,0,LL,22_23,6,7,1.6,2.2,1.4,1.4,-1,0.20000000000000018,0.8000000000000003
2023-05-20,Getafe,Elche,1,1,D,1,1,D,9,13,5,4,5,6,3,1,0,0,LL,22_23,3,6,0.6,1.4,1.2,1.0,-3,-0.6,0.3999999999999999
2023-05-20,Barcelona,Sociedad,1,2,A,0,1,A,13,13,4,6,8,2,4,4,0,0,LL,22_23,12,11,2.2,0.8,1.6,0.6,1,0.6000000000000001,0.20000000000000007
2023-05-20,Milan,Sampdoria,5,1,H,3,1,H,19,6,9,3,7,2,1,3,0,0,SA,22_23,8,2,1.2,0.8,0.4,2.2,6,0.7999999999999999,-1.4000000000000001
2023-05-20,Atalanta,Verona,3,1,H,1,1,D,13,10,5,2,6,3,1,3,0,0,SA,22_23,9,7,1.6,1.4,0.8,1.8,2,0.8,-0.40000000000000013
2023-05-20,Cremonese,Bologna,1,5,A,0,3,A,13,19,2,9,3,9,1,2,0,1,SA,22_23,5,3,0.8,1.4,0.8,1.4,2,0.0,0.0
2023-05-20,Nott'm Forest,Arsenal,1,0,H,1,0,H,6,11,2,3,3,6,3,2,0,0,PL,23_24,7,7,2.4,2.2,1.8,2.2,0,0.5999999999999999,0.0
2023-05-20,Wolves,Everton,1,1,D,1,0,H,13,19,5,4,1,7,5,1,0,0,PL,23_24,6,5,0.8,2.0,1.6,2.0,1,-0.8,0.0
2023-05-20,Liverpool,Aston Villa,1,1,D,0,1,A,10,6,5,3,9,4,3,5,0,0,PL,23_24,15,7,2.2,0.8,0.8,0.8,8,1.4000000000000001,0.0
2023-05-20,Fulham,Crystal Palace,2,2,D,1,1,D,11,11,4,5,7,4,3,0,0,0,PL,23_24,6,7,1.6,1.4,1.2,1.2,-1,0.40000000000000013,0.19999999999999996
2023-05-20,Bournemouth,Man United,0,1,A,0,1,A,10,20,4,5,3,6,1,0,0,0,PL,23_24,6,7,1.2,2.0,1.0,0.8,-1,0.19999999999999996,1.2
2023-05-20,Tottenham,Brentford,1,3,A,1,0,H,22,11,8,4,8,2,1,1,0,0,PL,23_24,4,10,1.6,2.8,1.4,0.6,-6,0.20000000000000018,2.1999999999999997
2023-05-21,Brighton,Southampton,3,1,H,2,0,H,26,5,8,1,4,3,2,5,0,0,PL,23_24,9,1,2.4,1.8,1.4,2.6,8,1.0,-0.8
2023-05-21,Sevilla,Betis,0,0,D,0,0,D,10,5,4,0,4,3,2,2,0,1,LL,22_23,12,7,1.8,1.0,1.2,1.6,5,0.6000000000000001,-0.6000000000000001
2023-05-21,Valencia,Real Madrid,1,0,H,1,0,H,12,13,6,5,2,9,4,2,0,1,LL,22_23,10,9,1.6,1.0,1.8,1.6,1,-0.19999999999999996,-0.6000000000000001
2023-05-21,Vallecano,Espanol,1,2,A,1,1,D,15,10,5,6,4,4,2,2,0,0,LL,22_23,6,4,1.2,2.2,1.4,2.2,2,-0.19999999999999996,0.0
2023-05-21,Man City,Chelsea,1,0,H,1,0,H,15,13,2,6,5,2,0,2,0,0,PL,23_24,15,4,2.8,0.6,1.4,2.0,11,1.4,-1.4
2023-05-21,Ath Madrid,Osasuna,3,0,H,1,0,H,15,12,5,2,8,10,0,2,0,0,LL,22_23,9,9,2.6,1.2,1.4,1.2,0,1.2000000000000002,0.0
2023-05-21,West Ham,Leeds,3,1,H,1,1,D,19,12,9,3,9,5,1,3,0,0,PL,23_24,3,2,1.0,2.2,1.2,2.2,1,-0.19999999999999996,0.0
2023-05-21,Lecce,Spezia,0,0,D,0,0,D,6,14,1,0,2,5,2,3,0,0,SA,22_23,4,4,0.8,1.4,1.0,1.6,0,-0.19999999999999996,-0.20000000000000018
2023-05-21,Torino,Fiorentina,1,1,D,0,0,D,10,8,4,1,3,3,1,2,0,0,SA,22_23,10,7,1.2,0.6,2.4,1.4,3,-1.2,-0.7999999999999999
2023-05-21,Napoli,Inter,3,1,H,0,0,D,22,6,9,2,4,1,1,2,0,1,SA,22_23,8,15,0.8,0.8,3.6,0.6,-7,-2.8,0.20000000000000007
2023-05-21,Udinese,Lazio,0,1,A,0,0,D,12,14,2,4,3,8,3,1,0,0,SA,22_23,7,4,1.2,0.8,1.0,1.6,3,0.19999999999999996,-0.8
2023-05-22,Roma,Salernitana,2,2,D,0,1,A,22,8,5,3,6,4,1,4,0,0,SA,22_23,3,8,0.6,1.4,1.8,1.2,-5,-1.2000000000000002,0.19999999999999996
2023-05-22,Empoli,Juventus,4,1,H,2,0,H,14,19,7,4,3,7,2,2,0,0,SA,22_23,7,10,1.4,1.6,1.4,0.6,-3,0.0,1.0
2023-05-22,Newcastle,Leicester,0,0,D,0,0,D,23,1,4,1,12,1,2,0,0,0,PL,23_24,10,5,2.6,1.4,1.6,2.4,5,1.0,-1.0
2023-05-23,Valladolid,Barcelona,3,1,H,2,0,H,8,16,4,6,2,6,1,0,0,0,LL,22_23,0,9,0.8,2.8,2.2,1.2,-9,-1.4000000000000001,1.5999999999999999
2023-05-23,Celta,Girona,1,1,D,1,0,H,16,11,7,4,9,3,0,0,0,0,LL,22_23,3,10,0.8,1.6,2.2,1.4,-7,-1.4000000000000001,0.20000000000000018
2023-05-23,Sociedad,Almeria,1,0,H,1,0,H,15,2,2,2,10,2,0,1,0,1,LL,22_23,11,9,1.6,0.6,2.0,1.8,2,-0.3999999999999999,-1.2000000000000002
2023-05-24,Betis,Getafe,0,1,A,0,0,D,11,9,4,2,2,5,2,5,1,0,LL,22_23,8,4,0.8,1.0,0.6,1.0,4,0.20000000000000007,0.0
2023-05-24,Espanol,Ath Madrid,3,3,D,0,2,A,26,16,13,7,16,1,2,3,0,0,LL,22_23,6,12,1.8,2.4,3.2,1.0,-6,-1.4000000000000001,1.4
2023-05-24,Villarreal,Cadiz,2,0,H,2,0,H,13,16,7,8,7,6,1,2,0,0,LL,22_23,13,6,3.0,1.2,1.0,1.6,7,2.0,-0.40000000000000013
2023-05-24,Real Madrid,Vallecano,2,1,H,1,0,H,12,15,3,6,5,2,1,3,0,0,LL,22_23,6,6,1.4,1.8,1.2,2.2,0,0.19999999999999996,-0.40000000000000013
2023-05-24,Elche,Sevilla,1,1,D,1,1,D,20,9,7,3,9,5,1,4,0,1,LL,22_23,7,10,1.4,0.8,1.4,0.8,-3,0.0,0.0
2023-05-24,Brighton,Man City,1,1,D,1,1,D,20,13,7,4,5,1,2,1,0,0,PL,23_24,9,15,1.8,2.0,2.2,0.4,-6,-0.40000000000000013,1.6
2023-05-25,Osasuna,Ath Bilbao,2,0,H,0,0,D,9,10,3,5,3,6,3,3,0,0,LL,22_23,6,4,0.8,1.4,0.8,1.8,2,0.0,-0.40000000000000013
2023-05-25,Mallorca,Valencia,1,0,H,0,0,D,4,15,3,5,2,4,4,2,0,0,LL,22_23,4,10,0.8,1.8,1.4,1.0,-6,-0.5999999999999999,0.8
2023-05-25,Man United,Chelsea,4,1,H,2,0,H,18,14,9,5,3,4,1,1,0,0,PL,23_24,9,4,0.8,0.4,1.2,1.8,5,-0.3999999999999999,-1.4
2023-05-26,Sampdoria,Sassuolo,2,2,D,1,2,A,17,22,3,8,8,4,1,2,0,0,SA,22_23,1,4,0.4,3.0,1.2,2.0,-3,-0.7999999999999999,1.0
2023-05-27,Sevilla,Real Madrid,1,2,A,1,1,D,11,6,1,3,1,1,2,4,1,0,LL,22_23,8,9,1.4,1.0,1.4,1.2,-1,0.0,-0.19999999999999996
2023-05-27,Fiorentina,Roma,2,1,H,0,1,A,15,8,5,4,7,4,5,3,0,0,SA,22_23,8,4,2.2,1.0,0.8,1.2,4,1.4000000000000001,-0.19999999999999996
2023-05-27,Salernitana,Udinese,3,2,H,1,2,A,11,10,3,4,2,1,3,3,0,1,SA,22_23,6,4,1.6,1.6,0.6,1.0,2,1.0,0.6000000000000001
2023-05-27,Spezia,Torino,0,4,A,0,1,A,8,11,1,4,5,2,2,2,0,0,SA,22_23,4,8,0.8,1.4,1.2,0.8,-4,-0.3999999999999999,0.5999999999999999
2023-05-27,Inter,Atalanta,3,2,H,2,1,H,20,11,11,3,9,7,0,1,0,0,SA,22_23,12,9,3.2,1.2,1.6,1.4,3,1.6,-0.19999999999999996
2023-05-28,Ath Madrid,Sociedad,2,1,H,1,0,H,11,10,5,5,6,4,2,2,0,0,LL,22_23,10,13,3.2,1.4,1.8,0.6,-3,1.4000000000000001,0.7999999999999999
2023-05-28,Vallecano,Villarreal,2,1,H,0,0,D,15,7,4,2,4,6,3,5,0,0,LL,22_23,3,13,1.0,2.4,2.6,0.8,-10,-1.6,1.5999999999999999
2023-05-28,Valencia,Espanol,2,2,D,1,1,D,19,9,4,5,10,3,0,4,0,0,LL,22_23,7,7,1.0,1.0,2.0,2.2,0,-1.0,-1.2000000000000002
2023-05-28,Girona,Betis,1,2,A,1,0,H,9,18,3,7,8,5,0,1,0,0,LL,22_23,8,7,1.6,1.2,0.8,1.2,1,0.8,0.0
2023-05-28,Getafe,Osasuna,2,1,H,1,1,D,16,10,6,2,1,1,3,1,0,0,LL,22_23,7,6,0.6,0.6,1.0,1.4,1,-0.4,-0.7999999999999999
2023-05-28,Cadiz,Celta,1,0,H,0,0,D,13,9,3,4,3,3,9,5,0,0,LL,22_23,6,1,1.0,1.8,0.8,1.8,5,0.19999999999999996,0.0
2023-05-28,Barcelona,Mallorca,3,0,H,2,0,H,28,3,9,1,14,3,0,0,0,1,LL,22_23,9,7,2.2,1.4,0.8,1.2,2,1.4000000000000001,0.19999999999999996
2023-05-28,Everton,Bournemouth,1,0,H,0,0,D,13,7,6,2,9,3,1,3,0,0,PL,23_24,5,6,1.8,2.2,1.2,1.4,-1,0.6000000000000001,0.8000000000000003
2023-05-28,Ath Bilbao,Elche,0,1,A,0,0,D,27,6,8,2,19,3,1,1,0,0,LL,22_23,4,8,0.8,2.0,1.6,0.8,-4,-0.8,1.2
2023-05-28,Almeria,Valladolid,0,0,D,0,0,D,23,8,7,2,2,4,0,4,0,0,LL,22_23,6,3,1.6,1.8,1.2,2.6,3,0.40000000000000013,-0.8
2023-05-28,Crystal Palace,Nott'm Forest,1,1,D,0,1,A,16,7,4,4,5,4,0,2,0,0,PL,23_24,7,10,1.6,1.6,2.2,1.6,-3,-0.6000000000000001,0.0
2023-05-28,Leicester,West Ham,2,1,H,1,0,H,13,16,4,3,3,5,1,1,0,0,PL,23_24,3,6,1.2,2.2,1.4,2.0,-3,-0.19999999999999996,0.20000000000000018
2023-05-28,Verona,Empoli,1,1,D,0,0,D,13,13,4,3,3,3,4,0,0,0,SA,22_23,4,10,0.6,2.2,2.2,1.2,-6,-1.6,1.0000000000000002
2023-05-28,Monza,Lecce,0,1,A,0,0,D,5,9,1,1,1,3,2,3,0,0,SA,22_23,11,5,1.6,0.6,0.8,1.0,6,0.8,-0.4
2023-05-28,Chelsea,Newcastle,1,1,D,1,1,D,22,13,5,4,10,3,0,0,0,0,PL,23_24,4,8,1.4,2.2,1.8,1.2,-4,-0.40000000000000013,1.0000000000000002
2023-05-28,Lazio,Cremonese,3,2,H,2,0,H,12,11,8,5,4,3,2,2,1,0,SA,22_23,7,5,1.2,1.4,1.0,1.8,2,0.19999999999999996,-0.40000000000000013
2023-05-28,Juventus,Milan,0,1,A,0,1,A,16,9,3,3,4,5,1,2,0,0,SA,22_23,10,8,1.6,1.2,1.8,1.0,2,-0.19999999999999996,0.19999999999999996
2023-05-28,Brentford,Man City,1,0,H,0,0,D,11,17,4,3,3,4,4,0,0,0,PL,23_24,12,13,1.8,0.6,2.0,0.4,-1,-0.19999999999999996,0.19999999999999996
2023-05-28,Aston Villa,Brighton,2,1,H,2,1,H,12,8,5,4,4,3,4,4,0,0,PL,23_24,7,7,0.8,0.8,1.8,2.2,0,-1.0,-1.4000000000000001
2023-05-28,Arsenal,Wolves,5,0,H,3,0,H,14,6,8,0,8,4,0,0,0,0,PL,23_24,6,7,1.2,1.8,0.8,1.8,-1,0.3999999999999999,0.0
2023-05-28,Man United,Fulham,2,1,H,1,1,D,21,10,8,3,5,4,1,2,0,0,PL,23_24,9,7,1.4,0.6,2.0,1.6,2,-0.6000000000000001,-1.0
2023-05-28,Southampton,Liverpool,4,4,D,2,2,D,15,30,10,8,2,9,0,2,0,0,PL,23_24,0,13,1.0,2.6,2.0,0.8,-13,-1.0,1.8
2023-05-28,Bologna,Napoli,2,2,D,0,1,A,18,11,6,8,4,4,1,3,0,0,SA,22_23,6,8,1.6,1.2,1.2,1.0,-2,0.40000000000000013,0.19999999999999996
2023-05-28,Leeds,Tottenham,1,4,A,0,1,A,19,11,2,7,12,3,3,0,0,0,PL,23_24,2,4,1.2,2.4,1.6,2.2,-2,-0.40000000000000013,0.19999999999999973
2023-06-02,Sassuolo,Fiorentina,1,3,A,0,0,D,5,15,2,7,2,4,4,4,2,0,SA,22_23,2,8,1.2,2.2,1.6,1.2,-6,-0.40000000000000013,1.0000000000000002
2023-06-03,Empoli,Lazio,0,2,A,0,0,D,7,21,1,11,6,7,3,2,1,0,SA,22_23,11,10,2.2,1.0,1.6,1.2,1,0.6000000000000001,-0.19999999999999996
2023-06-03,Cremonese,Salernitana,2,0,H,1,0,H,12,11,4,1,4,6,1,2,0,0,SA,22_23,4,8,1.2,2.2,2.0,1.8,-4,-0.8,0.40000000000000013
2023-06-03,Torino,Inter,0,1,A,0,1,A,17,14,5,4,6,4,1,2,0,0,SA,22_23,11,12,1.8,0.4,3.2,1.4,-1,-1.4000000000000001,-0.9999999999999999
2023-06-04,Atalanta,Monza,5,2,H,2,0,H,20,8,10,4,5,1,1,2,0,1,SA,22_23,6,8,1.6,1.8,1.2,0.8,-2,0.40000000000000013,1.0
2023-06-04,Lecce,Bologna,2,3,A,1,0,H,20,11,7,7,7,2,1,3,0,0,SA,22_23,5,6,0.8,1.0,1.8,1.4,-1,-1.0,-0.3999999999999999
2023-06-04,Milan,Verona,3,1,H,1,0,H,14,6,5,1,7,1,1,4,0,0,SA,22_23,10,4,1.8,0.8,0.6,2.2,6,1.2000000000000002,-1.4000000000000001
2023-06-04,Napoli,Sampdoria,2,0,H,0,0,D,21,6,9,4,11,0,0,1,0,0,SA,22_23,8,2,1.4,1.2,0.8,2.4,6,0.5999999999999999,-1.2
2023-06-04,Roma,Spezia,2,1,H,1,1,D,19,8,5,2,6,2,2,8,0,1,SA,22_23,3,4,0.8,1.4,0.8,1.8,-1,0.0,-0.40000000000000013
2023-06-04,Udinese,Juventus,0,1,A,0,0,D,13,20,3,5,6,14,2,2,0,0,SA,22_23,4,9,1.0,1.4,1.4,1.2,-5,-0.3999999999999999,0.19999999999999996
2023-06-04,Real Madrid,Ath Bilbao,1,1,D,0,0,D,9,15,2,9,5,6,2,2,0,0,LL,22_23,9,3,1.0,1.0,0.6,2.0,6,0.4,-1.0
2023-06-04,Osasuna,Girona,2,1,H,0,0,D,14,11,7,6,5,2,1,5,0,0,LL,22_23,6,5,1.2,1.4,1.4,1.6,1,-0.19999999999999996,-0.20000000000000018
2023-06-04,Sociedad,Sevilla,2,1,H,1,0,H,17,9,6,4,5,2,0,1,0,0,LL,22_23,10,8,1.6,1.0,1.6,1.0,2,0.0,0.0
2023-06-04,Villarreal,Ath Madrid,2,2,D,1,1,D,22,9,7,3,12,1,3,2,0,1,LL,22_23,10,10,2.2,1.0,2.6,1.2,0,-0.3999999999999999,-0.19999999999999996
2023-06-04,Betis,Valencia,1,1,D,1,0,H,8,10,3,3,5,4,3,0,0,1,LL,22_23,10,8,1.2,0.6,1.2,1.0,2,0.0,-0.4
2023-06-04,Celta,Barcelona,2,1,H,1,0,H,12,9,9,2,2,4,2,2,0,0,LL,22_23,1,9,0.6,1.4,2.0,1.4,-8,-1.4,0.0
2023-06-04,Elche,Cadiz,1,1,D,0,1,A,12,14,5,3,7,4,4,3,0,0,LL,22_23,8,6,1.0,0.8,0.8,1.6,2,0.19999999999999996,-0.8
2023-06-04,Mallorca,Vallecano,3,0,H,0,0,D,8,20,4,4,2,6,0,0,0,0,LL,22_23,6,6,0.6,1.6,1.4,1.8,0,-0.7999999999999999,-0.19999999999999996
2023-06-04,Espanol,Almeria,3,3,D,1,1,D,12,11,8,4,7,6,2,3,0,0,LL,22_23,5,7,2.2,2.6,1.2,1.0,-2,1.0000000000000002,1.6
2023-06-04,Valladolid,Getafe,0,0,D,0,0,D,15,4,0,1,6,1,1,3,0,0,LL,22_23,4,10,0.8,1.6,1.0,0.6,-6,-0.19999999999999996,1.0
2023-08-11,Burnley,Man City,0,3,A,0,2,A,6,17,1,8,6,5,0,0,1,0,PL,24_25,4,10,1.0,1.6,1.4,0.6,-6,-0.3999999999999999,1.0
2023-08-11,Sevilla,Valencia,1,2,A,0,0,D,9,10,3,3,8,1,3,2,1,0,LL,23_24,5,8,1.2,1.0,1.2,1.0,-3,0.0,0.0
2023-08-11,Almeria,Vallecano,0,2,A,0,2,A,19,10,5,4,8,3,1,3,0,0,LL,23_24,5,3,1.4,1.4,1.0,2.2,2,0.3999999999999999,-0.8000000000000003
2023-08-12,Ath Bilbao,Real Madrid,0,2,A,0,2,A,7,14,1,8,7,5,3,1,0,0,LL,23_24,4,10,0.8,2.0,1.2,0.8,-6,-0.3999999999999999,1.2
2023-08-12,Newcastle,Aston Villa,5,1,H,2,1,H,17,16,13,6,6,5,4,4,0,0,PL,24_25,6,7,1.4,1.2,1.0,1.0,-1,0.3999999999999999,0.19999999999999996
2023-08-12,Bournemouth,West Ham,1,1,D,0,0,D,14,16,5,3,10,4,1,4,0,0,PL,24_25,3,6,1.0,1.6,1.0,1.6,-3,0.0,0.0
2023-08-12,Everton,Fulham,0,1,A,0,0,D,19,9,9,2,10,4,0,2,0,0,PL,24_25,8,7,1.8,1.4,2.0,1.6,1,-0.19999999999999996,-0.20000000000000018
2023-08-12,Brighton,Luton,4,1,H,1,0,H,27,9,12,3,6,7,2,2,0,0,PL,24_25,7,0,1.8,1.6,0.0,0.0,7,1.8,1.6
2023-08-12,Sociedad,Girona,1,1,D,1,0,H,15,6,2,1,4,1,2,5,0,0,LL,23_24,10,2,1.6,1.2,1.2,1.8,8,0.40000000000000013,-0.6000000000000001
2023-08-12,Arsenal,Nott'm Forest,2,1,H,2,0,H,15,6,7,2,8,3,2,2,0,0,PL,24_25,9,8,2.0,1.0,1.8,1.6,1,0.19999999999999996,-0.6000000000000001
2023-08-12,Sheffield United,Crystal Palace,0,1,A,0,0,D,8,24,1,8,5,5,3,0,0,0,PL,24_25,6,8,0.4,1.4,1.8,1.4,-2,-1.4,0.0
2023-08-12,Las Palmas,Mallorca,1,1,D,1,0,H,5,12,2,2,3,6,3,2,0,0,LL,23_24,0,9,0.0,0.0,1.0,1.2,-9,-1.0,-1.2
2023-08-13,Getafe,Barcelona,0,0,D,0,0,D,5,14,2,4,3,4,8,2,1,1,LL,23_24,8,6,0.8,0.6,2.0,1.8,2,-1.2,-1.2000000000000002
2023-08-13,Villarreal,Betis,1,2,A,0,1,A,18,12,5,5,9,4,1,3,0,0,LL,23_24,10,8,2.4,1.2,1.2,0.8,2,1.2,0.3999999999999999
2023-08-13,Celta,Osasuna,0,2,A,0,1,A,11,11,1,5,7,2,1,1,0,0,LL,23_24,4,9,1.0,1.4,1.6,1.4,-5,-0.6000000000000001,0.0
2023-08-13,Brentford,Tottenham,2,2,D,2,2,D,11,18,6,6,3,6,1,4,0,0,PL,24_25,12,6,1.6,0.6,2.0,2.0,6,-0.3999999999999999,-1.4
2023-08-13,Chelsea,Liverpool,1,1,D,1,1,D,10,13,4,1,4,4,3,3,0,0,PL,24_25,5,11,1.4,1.8,2.0,1.0,-6,-0.6000000000000001,0.8
2023-08-14,Man United,Wolves,1,0,H,0,0,D,15,23,3,6,8,7,2,3,0,0,PL,24_25,12,4,1.8,0.6,0.4,2.8,8,1.4,-2.1999999999999997
2023-08-14,Cadiz,Alaves,1,0,H,1,0,H,12,10,3,2,2,4,3,2,1,0,LL,23_24,7,6,0.8,0.8,1.0,2.0,1,-0.19999999999999996,-1.2
2023-08-14,Ath Madrid,Granada,3,1,H,1,0,H,14,7,6,4,3,3,3,1,0,0,LL,23_24,8,8,2.0,1.4,1.6,1.0,0,0.3999999999999999,0.3999999999999999
2023-08-18,Mallorca,Villarreal,0,1,A,0,0,D,8,15,1,3,6,5,2,4,0,0,LL,23_24,7,7,1.0,1.4,1.6,1.4,0,-0.6000000000000001,0.0
2023-08-18,Valencia,Las Palmas,1,0,H,0,0,D,9,7,4,1,6,4,0,0,0,0,LL,23_24,8,1,1.2,1.0,1.0,1.0,7,0.19999999999999996,0.0
2023-08-18,Nott'm Forest,Sheffield United,2,1,H,1,0,H,16,7,4,3,6,7,2,3,0,0,PL,24_25,8,6,1.8,1.6,0.4,0.8,2,1.4,0.8
2023-08-19,Sociedad,Celta,1,1,D,1,0,H,11,17,2,6,9,7,2,1,0,0,LL,23_24,10,4,1.4,1.0,0.8,1.4,6,0.5999999999999999,-0.3999999999999999
2023-08-19,Almeria,Real Madrid,1,3,A,1,1,D,20,24,8,9,4,5,1,0,0,0,LL,23_24,5,10,1.2,1.2,1.4,0.8,-5,-0.19999999999999996,0.3999999999999999
2023-08-19,Genoa,Fiorentina,1,4,A,0,3,A,4,9,2,5,3,4,2,3,0,0,SA,23_24,6,10,0.6,1.2,1.6,0.8,-4,-1.0,0.3999999999999999
2023-08-19,Wolves,Brighton,1,4,A,0,1,A,16,16,5,8,5,3,3,6,1,0,PL,24_25,4,7,0.4,1.8,2.0,1.8,-3,-1.6,0.0
2023-08-19,Empoli,Verona,0,1,A,0,0,D,10,10,4,4,2,4,2,2,0,0,SA,23_24,8,4,1.6,1.2,0.8,1.6,4,0.8,-0.40000000000000013
2023-08-19,Frosinone,Napoli,1,3,A,1,2,A,4,19,1,8,4,6,3,3,0,0,SA,23_24,0,10,0.0,0.0,1.6,1.0,-10,-1.6,-1.0
2023-08-19,Inter,Monza,2,0,H,1,0,H,22,12,3,2,8,3,1,1,0,0,SA,23_24,12,7,2.2,1.4,1.4,1.6,5,0.8000000000000003,-0.20000000000000018
2023-08-19,Fulham,Brentford,0,3,A,0,1,A,10,17,2,8,5,5,2,2,1,0,PL,24_25,10,10,2.2,1.4,1.6,0.8,0,0.6000000000000001,0.5999999999999999
2023-08-19,Liverpool,Bournemouth,3,1,H,2,1,H,26,13,10,5,10,2,1,3,1,0,PL,24_25,9,1,2.0,1.2,0.4,1.6,8,1.6,-0.40000000000000013
2023-08-19,Man City,Newcastle,1,0,H,1,0,H,14,7,4,1,3,0,1,5,0,0,PL,24_25,10,9,1.6,0.4,2.4,1.0,1,-0.7999999999999998,-0.6
2023-08-19,Tottenham,Man United,2,0,H,0,0,D,17,22,6,6,5,6,1,3,0,0,PL,24_25,7,15,1.8,1.6,2.0,0.4,-8,-0.19999999999999996,1.2000000000000002
2023-08-19,Osasuna,Ath Bilbao,0,2,A,0,2,A,18,8,7,2,5,3,1,5,1,1,LL,23_24,9,4,1.4,1.2,0.6,1.4,5,0.7999999999999999,-0.19999999999999996
2023-08-20,Sassuolo,Atalanta,0,2,A,0,0,D,11,16,3,6,7,7,0,0,0,0,SA,23_24,2,6,1.4,2.4,2.0,1.8,-4,-0.6000000000000001,0.5999999999999999
2023-08-20,Lecce,Lazio,2,1,H,0,1,A,23,10,7,4,5,2,3,2,0,0,SA,23_24,5,10,1.0,1.2,1.6,1.2,-5,-0.6000000000000001,0.0
2023-08-20,Udinese,Juventus,0,3,A,0,3,A,18,9,5,4,7,3,1,3,0,0,SA,23_24,3,9,0.8,1.4,1.2,1.0,-6,-0.3999999999999999,0.3999999999999999
2023-08-20,Girona,Getafe,3,0,H,1,0,H,7,9,6,2,3,2,2,5,0,0,LL,23_24,2,9,1.0,1.6,0.8,0.4,-7,0.19999999999999996,1.2000000000000002
2023-08-20,West Ham,Chelsea,3,1,H,1,1,D,12,17,6,4,3,9,2,3,1,0,PL,24_25,7,3,1.2,1.2,1.0,1.8,4,0.19999999999999996,-0.6000000000000001
2023-08-20,Betis,Ath Madrid,0,0,D,0,0,D,14,5,0,1,2,7,2,1,0,0,LL,23_24,8,11,1.0,0.8,2.6,1.4,-3,-1.6,-0.5999999999999999
2023-08-20,Barcelona,Cadiz,2,0,H,0,0,D,23,10,10,1,10,2,4,3,0,0,LL,23_24,4,10,1.2,1.4,1.0,0.6,-6,0.19999999999999996,0.7999999999999999
2023-08-20,Aston Villa,Everton,4,0,H,2,0,H,13,9,7,2,7,6,3,4,0,0,PL,24_25,7,7,1.2,1.8,1.4,1.2,0,-0.19999999999999996,0.6000000000000001
2023-08-20,Roma,Salernitana,2,2,D,1,1,D,13,3,3,2,9,1,0,4,0,0,SA,23_24,5,7,1.0,1.4,1.4,1.6,-2,-0.3999999999999999,-0.20000000000000018
2023-08-21,Alaves,Sevilla,4,3,H,2,2,D,14,12,7,2,4,4,1,2,0,0,LL,23_24,3,2,0.6,2.0,0.8,1.4,1,-0.20000000000000007,0.6000000000000001
2023-08-21,Granada,Vallecano,0,2,A,0,0,D,14,17,7,9,5,6,2,1,1,0,LL,23_24,7,6,1.6,1.4,1.2,1.6,1,0.40000000000000013,-0.20000000000000018
2023-08-21,Bologna,Milan,0,2,A,0,2,A,17,10,5,6,3,6,2,2,0,0,SA,23_24,9,12,2.2,1.2,2.2,0.8,-3,0.0,0.3999999999999999
2023-08-21,Torino,Cagliari,0,0,D,0,0,D,11,8,2,2,8,3,1,1,0,0,SA,23_24,8,2,1.4,0.6,0.6,1.4,6,0.7999999999999999,-0.7999999999999999
2023-08-21,Crystal Palace,Arsenal,0,1,A,0,0,D,14,14,2,3,1,8,2,1,0,1,PL,24_25,8,9,1.2,0.8,1.8,1.0,-1,-0.6000000000000001,-0.19999999999999996
2023-08-25,Celta,Real Madrid,0,1,A,0,0,D,13,10,4,3,3,5,2,3,0,0,LL,23_24,5,13,0.8,1.2,2.0,0.8,-8,-1.2,0.3999999999999999
2023-08-25,Chelsea,Luton,3,0,H,1,0,H,19,11,8,1,6,4,2,3,0,0,PL,24_25,2,0,0.8,2.0,1.0,4.0,2,-0.19999999999999996,-2.0
2023-08-25,Las Palmas,Sociedad,0,0,D,0,0,D,11,8,5,1,5,7,1,4,0,0,LL,23_24,1,8,0.5,1.0,1.2,1.0,-7,-0.7,0.0
2023-08-26,Milan,Torino,4,1,H,3,1,H,17,8,7,1,2,1,2,3,0,0,SA,23_24,12,8,2.2,0.8,1.2,0.4,4,1.0000000000000002,0.4
2023-08-26,Verona,Roma,2,1,H,2,0,H,5,23,3,7,1,12,1,3,1,0,SA,23_24,4,6,0.8,1.6,1.4,1.4,-2,-0.5999999999999999,0.20000000000000018
2023-08-26,Bournemouth,Tottenham,0,2,A,0,1,A,11,17,3,6,6,2,1,3,0,0,PL,24_25,1,7,0.4,1.6,2.0,1.6,-6,-1.6,0.0
2023-08-26,Sevilla,Girona,1,2,A,1,1,D,21,8,4,3,6,6,2,1,0,0,LL,23_24,1,5,1.4,2.2,1.4,1.2,-4,0.0,1.0000000000000002
2023-08-26,Monza,Empoli,2,0,H,1,0,H,20,18,5,6,6,5,1,2,0,0,SA,23_24,6,5,1.2,1.8,1.2,1.2,1,0.0,0.6000000000000001
2023-08-26,Brighton,West Ham,1,3,A,0,1,A,25,12,10,3,17,4,1,3,0,0,PL,24_25,10,7,2.6,1.2,1.6,1.4,3,1.0,-0.19999999999999996
2023-08-26,Everton,Wolves,0,1,A,0,0,D,15,11,7,2,7,0,3,4,0,0,PL,24_25,4,1,0.4,1.8,0.4,2.6,3,0.0,-0.8
2023-08-26,Brentford,Crystal Palace,1,1,D,1,0,H,12,15,1,5,8,6,0,0,0,0,PL,24_25,13,8,2.2,0.6,1.2,0.8,5,1.0000000000000002,-0.20000000000000007
2023-08-26,Arsenal,Fulham,2,2,D,0,1,A,19,8,11,3,8,3,0,3,0,1,PL,24_25,9,7,1.6,1.0,1.2,1.4,2,0.40000000000000013,-0.3999999999999999
2023-08-26,Cadiz,Almeria,1,1,D,0,0,D,11,5,3,2,7,3,0,5,1,1,LL,23_24,7,2,0.6,1.0,0.8,1.8,5,-0.20000000000000007,-0.8
2023-08-26,Granada,Mallorca,3,2,H,1,1,D,10,10,4,5,5,3,2,7,0,0,LL,23_24,4,7,0.4,1.4,1.0,1.0,-3,-0.6,0.3999999999999999
2023-08-26,Man United,Nott'm Forest,3,2,H,1,2,A,18,9,9,4,11,3,4,4,0,1,PL,24_25,12,8,1.6,0.8,1.4,1.2,4,0.20000000000000018,-0.3999999999999999
2023-08-26,Frosinone,Atalanta,2,1,H,2,0,H,13,18,5,6,3,7,1,2,0,0,SA,23_24,0,9,1.0,3.0,2.4,1.4,-9,-1.4,1.6
2023-08-27,Burnley,Aston Villa,1,3,A,0,2,A,9,16,2,6,4,6,2,0,0,0,PL,24_25,1,10,0.6,2.0,2.0,1.6,-9,-1.4,0.3999999999999999
2023-08-27,Sheffield United,Man City,1,2,A,0,0,D,6,30,2,9,1,12,3,0,0,0,PL,24_25,6,10,0.6,0.8,1.2,0.4,-4,-0.6,0.4
2023-08-27,Newcastle,Liverpool,1,2,A,1,0,H,23,9,8,4,5,9,1,2,0,1,PL,24_25,8,9,2.0,0.8,2.4,1.4,-1,-0.3999999999999999,-0.5999999999999999
2023-08-27,Villarreal,Barcelona,3,4,A,2,2,D,13,21,6,11,2,6,3,3,0,0,LL,23_24,7,7,1.4,1.2,1.4,1.0,0,0.0,0.19999999999999996
2023-08-27,Lazio,Genoa,0,1,A,0,1,A,16,5,2,3,15,1,4,2,0,0,SA,23_24,10,3,1.8,1.2,0.6,2.0,7,1.2000000000000002,-0.8
2023-08-27,Napoli,Sassuolo,2,0,H,1,0,H,25,6,5,1,12,4,0,1,0,1,SA,23_24,10,1,2.0,1.2,1.2,2.6,9,0.8,-1.4000000000000001
2023-08-27,Ath Bilbao,Betis,4,2,H,3,2,H,14,7,6,3,5,3,4,2,0,0,LL,23_24,4,8,0.6,1.2,1.0,0.8,-4,-0.4,0.3999999999999999
2023-08-27,Valencia,Osasuna,1,2,A,0,1,A,16,7,4,2,6,3,3,4,0,0,LL,23_24,8,9,1.2,1.0,1.4,1.0,-1,-0.19999999999999996,0.0
2023-08-27,Juventus,Bologna,1,1,D,0,1,A,14,9,3,4,5,1,2,1,0,0,SA,23_24,9,8,1.4,1.0,2.0,1.4,1,-0.6000000000000001,-0.3999999999999999
2023-08-27,Fiorentina,Lecce,2,2,D,2,0,H,9,6,4,2,3,3,1,3,0,0,SA,23_24,13,8,2.4,0.8,1.4,1.2,5,1.0,-0.3999999999999999
2023-08-28,Cagliari,Inter,0,2,A,0,2,A,12,17,2,3,4,7,1,1,0,0,SA,23_24,3,12,0.6,1.2,2.2,1.4,-9,-1.6,-0.19999999999999996
2023-08-28,Vallecano,Ath Madrid,0,7,A,0,3,A,12,17,3,10,8,3,4,3,0,0,LL,23_24,9,9,1.4,1.2,2.0,1.4,0,-0.6000000000000001,-0.19999999999999996
2023-08-28,Getafe,Alaves,1,0,H,0,0,D,15,16,4,2,4,5,1,2,0,0,LL,23_24,8,6,0.6,0.8,1.4,1.8,2,-0.7999999999999999,-1.0
2023-08-28,Salernitana,Udinese,1,1,D,0,0,D,9,14,4,6,7,5,4,4,0,0,SA,23_24,8,0,1.6,1.6,0.4,2.0,8,1.2000000000000002,-0.3999999999999999
2023-09-01,Almeria,Celta,2,3,A,0,2,A,16,14,5,8,6,5,1,1,0,0,LL,23_24,3,4,1.0,1.8,0.6,1.2,-1,0.4,0.6000000000000001
2023-09-01,Cadiz,Villarreal,3,1,H,2,1,H,18,7,4,3,7,3,5,4,0,1,LL,23_24,8,4,0.8,0.8,1.6,2.0,4,-0.8,-1.2
2023-09-01,Luton,West Ham,1,2,A,0,1,A,16,9,1,3,9,6,1,1,0,0,PL,24_25,0,10,0.5,3.5,2.2,1.2,-10,-1.7000000000000002,2.3
2023-09-01,Roma,Milan,1,2,A,0,1,A,13,9,2,4,3,5,2,4,0,1,SA,23_24,5,15,1.6,1.8,3.0,0.6,-10,-1.4,1.2000000000000002
2023-09-01,Sassuolo,Verona,3,1,H,1,0,H,16,11,7,3,10,1,1,3,0,0,SA,23_24,1,7,0.8,2.2,1.2,1.6,-6,-0.3999999999999999,0.6000000000000001
2023-09-02,Napoli,Lazio,1,2,A,1,1,D,22,6,4,2,7,2,1,2,0,0,SA,23_24,13,9,2.4,0.8,1.4,1.0,4,1.0,-0.19999999999999996
2023-09-02,Alaves,Valencia,1,0,H,1,0,H,7,9,1,4,1,2,4,2,0,0,LL,23_24,3,8,1.0,1.8,1.4,1.2,-5,-0.3999999999999999,0.6000000000000001
2023-09-02,Real Madrid,Getafe,2,1,H,0,1,A,26,6,12,2,11,1,2,6,0,0,LL,23_24,13,8,1.8,0.6,0.6,0.8,5,1.2000000000000002,-0.20000000000000007
2023-09-02,Sociedad,Granada,5,3,H,2,1,H,15,8,6,5,2,5,1,5,0,0,LL,23_24,6,4,1.0,1.0,0.8,1.8,2,0.19999999999999996,-0.8
2023-09-02,Atalanta,Monza,3,0,H,2,0,H,18,8,8,2,7,3,0,3,0,0,SA,23_24,9,6,2.6,1.6,1.2,1.8,3,1.4000000000000001,-0.19999999999999996
2023-09-02,Udinese,Frosinone,0,0,D,0,0,D,12,12,6,2,3,5,2,2,0,0,SA,23_24,1,3,0.6,1.8,1.5,2.0,-2,-0.9,-0.19999999999999996
2023-09-02,Bologna,Cagliari,2,1,H,0,1,A,16,7,7,1,5,2,1,2,0,0,SA,23_24,8,3,2.2,1.6,0.4,1.2,5,1.8000000000000003,0.40000000000000013
2023-09-02,Betis,Vallecano,1,0,H,0,0,D,14,15,5,6,2,3,3,5,0,0,LL,23_24,8,9,1.4,1.4,1.2,2.2,-1,0.19999999999999996,-0.8000000000000003
2023-09-02,Brighton,Newcastle,3,1,H,1,0,H,15,9,6,2,5,3,4,4,0,0,PL,24_25,7,5,2.2,1.6,1.4,1.0,2,0.8000000000000003,0.6000000000000001
2023-09-02,Man City,Fulham,5,1,H,2,1,H,7,6,5,4,4,5,2,4,0,0,PL,24_25,10,5,1.4,0.6,1.2,1.8,5,0.19999999999999996,-1.2000000000000002
2023-09-02,Chelsea,Nott'm Forest,0,1,A,0,0,D,21,7,2,3,8,0,3,4,0,0,PL,24_25,5,7,1.4,1.8,1.4,1.4,-2,0.0,0.40000000000000013
2023-09-02,Burnley,Tottenham,2,5,A,1,2,A,16,20,4,10,7,4,4,3,0,0,PL,24_25,1,10,0.6,2.0,2.2,1.2,-9,-1.6,0.8
2023-09-02,Brentford,Bournemouth,2,2,D,1,1,D,21,12,7,5,5,2,1,2,0,0,PL,24_25,11,1,2.0,0.8,0.4,1.6,10,1.6,-0.8
2023-09-02,Sheffield United,Everton,2,2,D,2,1,H,13,16,8,6,4,6,1,2,0,0,PL,24_25,3,4,0.6,1.2,0.4,1.4,-1,0.19999999999999996,-0.19999999999999996
2023-09-03,Crystal Palace,Wolves,3,2,H,0,0,D,16,12,11,4,4,2,1,3,0,0,PL,24_25,6,4,1.0,1.0,0.6,2.2,2,0.4,-1.2000000000000002
2023-09-03,Osasuna,Barcelona,1,2,A,0,1,A,11,9,3,4,8,5,1,3,1,0,LL,23_24,9,10,1.4,1.2,2.0,1.0,-1,-0.6000000000000001,0.19999999999999996
2023-09-03,Mallorca,Ath Bilbao,0,0,D,0,0,D,8,11,2,3,3,5,0,1,0,0,LL,23_24,4,7,1.2,1.6,1.4,1.2,-3,-0.19999999999999996,0.40000000000000013
2023-09-03,Lecce,Salernitana,2,0,H,1,0,H,20,11,6,4,6,5,3,3,0,0,SA,23_24,8,6,1.4,1.2,1.6,1.8,2,-0.20000000000000018,-0.6000000000000001
2023-09-03,Empoli,Juventus,0,2,A,0,1,A,7,18,0,5,3,7,3,3,0,0,SA,23_24,4,7,1.0,1.4,1.2,1.2,-3,-0.19999999999999996,0.19999999999999996
2023-09-03,Torino,Genoa,1,0,H,0,0,D,10,7,3,2,4,0,2,5,0,0,SA,23_24,5,6,1.2,1.2,0.8,1.8,-1,0.3999999999999999,-0.6000000000000001
2023-09-03,Inter,Fiorentina,4,0,H,1,0,H,21,6,11,2,1,1,1,1,0,0,SA,23_24,12,11,1.8,1.0,2.4,1.2,1,-0.5999999999999999,-0.19999999999999996
2023-09-03,Girona,Las Palmas,1,0,H,0,0,D,11,10,6,5,3,5,3,3,0,0,LL,23_24,7,2,1.6,1.2,0.33,0.67,5,1.27,0.5299999999999999
2023-09-03,Arsenal,Man United,3,1,H,1,1,D,17,10,5,2,12,3,2,3,0,0,PL,24_25,10,12,2.0,0.8,2.0,1.2,-2,0.0,-0.3999999999999999
2023-09-03,Liverpool,Aston Villa,3,0,H,2,0,H,17,9,4,3,7,3,0,1,0,0,PL,24_25,9,10,2.2,1.6,2.2,1.6,-1,0.0,0.0
2023-09-15,Vallecano,Alaves,2,0,H,1,0,H,20,9,11,1,5,3,2,3,0,0,LL,23_24,6,6,0.8,2.2,1.0,1.2,0,-0.19999999999999996,1.0000000000000002
2023-09-16,Ath Bilbao,Cadiz,3,0,H,0,0,D,20,5,9,4,5,4,1,4,0,0,LL,23_24,8,8,1.4,1.0,1.2,1.0,0,0.19999999999999996,0.0
2023-09-16,Valencia,Ath Madrid,3,0,H,2,0,H,12,11,8,3,5,8,1,5,0,0,LL,23_24,7,11,1.0,1.0,2.8,0.8,-4,-1.7999999999999998,0.19999999999999996
2023-09-16,Newcastle,Brentford,1,0,H,0,0,D,9,11,2,2,8,3,3,5,0,0,PL,24_25,4,9,1.6,1.6,1.8,1.0,-5,-0.19999999999999996,0.6000000000000001
2023-09-16,West Ham,Man City,1,3,A,1,0,H,6,29,3,15,4,11,3,2,0,0,PL,24_25,10,12,2.0,1.2,2.2,0.6,-2,-0.20000000000000018,0.6
2023-09-16,Man United,Brighton,1,3,A,0,1,A,14,10,4,8,8,1,2,2,0,0,PL,24_25,9,9,1.4,1.6,2.6,1.6,0,-1.2000000000000002,0.0
2023-09-16,Barcelona,Betis,5,0,H,2,0,H,17,11,9,2,9,5,1,2,0,0,LL,23_24,10,8,1.8,1.2,1.2,1.2,2,0.6000000000000001,0.0
2023-09-16,Celta,Mallorca,0,1,A,0,0,D,16,7,4,4,10,1,1,3,0,0,LL,23_24,7,5,1.2,1.4,1.2,1.0,2,0.0,0.3999999999999999
2023-09-16,Wolves,Liverpool,1,3,A,1,0,H,11,16,2,6,4,4,1,3,0,0,PL,24_25,3,11,0.8,2.6,2.6,1.4,-8,-1.8,1.2000000000000002
2023-09-16,Aston Villa,Crystal Palace,3,1,H,0,0,D,16,6,5,3,4,2,5,3,0,0,PL,24_25,9,8,2.0,2.0,1.2,1.0,1,0.8,1.0
2023-09-16,Fulham,Luton,1,0,H,0,0,D,13,7,2,2,6,2,2,2,0,0,PL,24_25,4,0,1.0,2.4,0.67,3.0,4,0.32999999999999996,-0.6000000000000001
2023-09-16,Inter,Milan,5,1,H,2,0,H,14,9,7,2,5,0,2,2,0,0,SA,23_24,15,15,2.4,0.4,2.4,0.6,0,0.0,-0.19999999999999996
2023-09-16,Juventus,Lazio,3,1,H,2,0,H,17,16,7,5,7,9,5,1,0,0,SA,23_24,10,9,1.4,0.4,1.6,1.2,1,-0.20000000000000018,-0.7999999999999999
2023-09-16,Tottenham,Sheffield United,2,1,H,0,0,D,28,7,10,5,15,2,6,5,0,1,PL,24_25,13,4,3.0,1.0,1.0,1.4,9,2.0,-0.3999999999999999
2023-09-16,Genoa,Napoli,2,2,D,1,0,H,8,12,3,4,3,1,3,2,0,0,SA,23_24,3,10,0.4,1.8,2.0,1.0,-7,-1.6,0.8
2023-09-17,Real Madrid,Sociedad,2,1,H,0,1,A,17,15,8,5,4,3,3,2,0,0,LL,23_24,13,9,1.8,0.6,1.8,1.2,4,0.0,-0.6
2023-09-17,Bournemouth,Chelsea,0,0,D,0,0,D,13,14,4,6,1,7,1,5,0,0,PL,24_25,2,5,0.8,1.8,1.2,1.2,-3,-0.3999999999999999,0.6000000000000001
2023-09-17,Roma,Empoli,7,0,H,3,0,H,14,8,9,2,2,6,2,2,0,0,SA,23_24,4,1,1.4,1.8,0.2,1.6,3,1.2,0.19999999999999996
2023-09-17,Fiorentina,Atalanta,3,2,H,2,1,H,15,11,8,4,3,4,1,2,0,0,SA,23_24,10,9,2.2,1.8,2.6,1.4,1,-0.3999999999999999,0.40000000000000013
2023-09-17,Monza,Lecce,1,1,D,1,1,D,25,4,6,3,10,1,6,1,1,1,SA,23_24,3,10,0.8,2.2,1.8,1.2,-7,-1.0,1.0000000000000002
2023-09-17,Frosinone,Sassuolo,4,2,H,1,2,A,16,18,6,7,5,6,4,2,0,0,SA,23_24,4,4,1.0,1.33,1.2,2.0,0,-0.19999999999999996,-0.6699999999999999
2023-09-17,Cagliari,Udinese,0,0,D,0,0,D,10,11,1,1,4,6,2,1,1,0,SA,23_24,2,2,0.4,1.4,0.6,1.6,0,-0.19999999999999996,-0.20000000000000018
2023-09-17,Getafe,Osasuna,3,2,H,1,1,D,11,8,6,3,6,3,6,2,0,0,LL,23_24,5,9,0.4,1.0,1.4,1.2,-4,-0.9999999999999999,-0.19999999999999996
2023-09-17,Villarreal,Almeria,2,1,H,1,1,D,10,17,4,7,7,6,2,3,0,0,LL,23_24,4,2,1.6,2.2,1.4,2.4,2,0.20000000000000018,-0.19999999999999973
2023-09-17,Sevilla,Las Palmas,1,0,H,0,0,D,26,12,9,2,7,3,3,5,0,0,LL,23_24,0,2,1.4,2.4,0.25,0.75,-2,1.15,1.65
2023-09-17,Everton,Arsenal,0,1,A,0,0,D,8,13,1,4,1,11,1,1,0,0,PL,24_25,4,13,0.6,1.6,2.6,0.8,-9,-2.0,0.8
2023-09-18,Nott'm Forest,Burnley,1,1,D,0,1,A,14,10,4,3,5,4,2,3,0,1,PL,24_25,7,1,1.4,1.4,1.0,2.8,6,0.3999999999999999,-1.4
2023-09-18,Granada,Girona,2,4,A,0,3,A,12,13,5,7,4,5,3,3,0,0,LL,23_24,4,10,1.4,2.4,1.6,0.8,-6,-0.20000000000000018,1.5999999999999999
2023-09-18,Verona,Bologna,0,0,D,0,0,D,9,11,1,4,3,4,4,2,0,0,SA,23_24,7,8,1.2,1.6,1.6,1.6,-1,-0.40000000000000013,0.0
2023-09-18,Salernitana,Torino,0,3,A,0,2,A,14,11,4,3,1,2,2,2,0,0,SA,23_24,5,7,1.2,1.8,1.2,1.0,-2,0.0,0.8
2023-09-22,Alaves,Ath Bilbao,0,2,A,0,1,A,15,11,5,3,3,4,2,2,0,0,LL,23_24,6,10,1.0,1.4,1.8,0.8,-4,-0.8,0.5999999999999999
2023-09-22,Salernitana,Frosinone,1,1,D,0,1,A,19,9,6,3,8,6,2,2,0,0,SA,23_24,2,7,0.6,2.0,1.75,1.5,-5,-1.15,0.5
2023-09-22,Lecce,Genoa,1,0,H,0,0,D,18,8,3,1,4,3,1,3,0,1,SA,23_24,8,4,1.8,1.4,0.8,1.6,4,1.0,-0.20000000000000018
2023-09-23,Luton,Wolves,1,1,D,0,0,D,20,3,4,3,10,1,0,2,0,1,PL,24_25,0,3,0.5,2.5,1.0,2.2,-3,-0.5,0.2999999999999998
2023-09-23,Crystal Palace,Fulham,0,0,D,0,0,D,7,10,3,5,3,2,3,2,0,0,PL,24_25,7,7,1.2,1.4,1.0,2.0,0,0.19999999999999996,-0.6000000000000001
2023-09-23,Man City,Nott'm Forest,2,0,H,2,0,H,7,10,4,3,6,6,3,7,1,0,PL,24_25,15,7,2.8,0.6,1.4,1.4,8,1.4,-0.7999999999999999
2023-09-23,Brentford,Everton,1,3,A,1,1,D,12,18,2,6,1,4,2,2,0,0,PL,24_25,6,1,1.6,1.2,0.4,1.8,5,1.2000000000000002,-0.6000000000000001
2023-09-23,Burnley,Man United,0,1,A,0,1,A,12,11,4,4,9,5,1,2,0,0,PL,24_25,1,6,1.0,2.8,1.2,2.0,-5,-0.19999999999999996,0.7999999999999998
2023-09-23,Barcelona,Celta,3,2,H,0,1,A,15,13,6,7,2,3,2,1,0,0,LL,23_24,13,4,2.6,0.8,0.8,1.4,9,1.8,-0.5999999999999999
2023-09-23,Osasuna,Sevilla,0,0,D,0,0,D,16,15,2,3,7,4,2,3,0,0,LL,23_24,6,3,1.4,1.6,1.4,2.0,3,0.0,-0.3999999999999999
2023-09-23,Girona,Mallorca,5,3,H,4,1,H,23,15,10,5,6,5,1,5,0,0,LL,23_24,13,5,2.2,0.8,0.8,1.0,8,1.4000000000000001,-0.19999999999999996
2023-09-23,Almeria,Valencia,2,2,D,0,1,A,17,7,10,5,8,3,4,2,0,0,LL,23_24,1,9,1.0,2.2,1.4,0.8,-8,-0.3999999999999999,1.4000000000000001
2023-09-23,Lazio,Monza,1,1,D,1,1,D,8,16,1,4,1,3,2,2,0,0,SA,23_24,6,4,1.2,1.4,1.0,2.2,2,0.19999999999999996,-0.8000000000000003
2023-09-23,Sassuolo,Juventus,4,2,H,2,1,H,18,15,7,2,6,3,4,2,0,0,SA,23_24,3,13,1.2,2.4,2.0,0.4,-10,-0.8,2.0
2023-09-23,Milan,Verona,1,0,H,1,0,H,9,10,4,2,2,3,4,2,0,0,SA,23_24,12,7,2.4,1.6,1.0,1.4,5,1.4,0.20000000000000018
2023-09-24,Empoli,Inter,0,1,A,0,0,D,7,23,1,6,3,6,2,2,0,0,SA,23_24,0,15,0.0,2.8,2.8,0.2,-15,-2.8,2.5999999999999996
2023-09-24,Betis,Cadiz,1,1,D,0,1,A,21,5,7,1,11,8,2,3,0,0,LL,23_24,7,7,1.0,2.0,1.0,1.4,0,0.0,0.6000000000000001
2023-09-24,Las Palmas,Granada,1,0,H,0,0,D,10,2,3,1,6,7,6,4,1,0,LL,23_24,2,3,0.2,0.8,1.8,3.2,-1,-1.6,-2.4000000000000004
2023-09-24,Vallecano,Villarreal,1,1,D,1,1,D,11,13,6,6,2,8,2,3,0,1,LL,23_24,9,6,1.2,1.6,1.6,2.0,3,-0.40000000000000013,-0.3999999999999999
2023-09-24,Ath Madrid,Real Madrid,3,1,H,2,1,H,10,20,4,5,6,11,1,3,0,0,LL,23_24,8,15,2.4,1.2,2.0,0.6,-7,0.3999999999999999,0.6
2023-09-24,Atalanta,Cagliari,2,0,H,1,0,H,10,11,6,1,7,7,1,2,0,0,SA,23_24,9,3,2.6,1.4,0.2,0.8,6,2.4,0.5999999999999999
2023-09-24,Bologna,Napoli,0,0,D,0,0,D,5,12,2,4,5,5,4,5,0,0,SA,23_24,8,10,1.2,1.2,2.0,1.0,-2,-0.8,0.19999999999999996
2023-09-24,Torino,Roma,1,1,D,0,0,D,13,11,4,3,7,1,0,2,0,0,SA,23_24,7,7,1.0,1.0,2.6,1.4,0,-1.6,-0.3999999999999999
2023-09-24,Arsenal,Tottenham,2,2,D,1,1,D,13,13,6,5,11,4,3,4,0,0,PL,24_25,13,13,1.8,0.8,2.6,1.0,0,-0.8,-0.19999999999999996
2023-09-24,Brighton,Bournemouth,3,1,H,1,1,D,13,12,4,4,4,4,3,3,0,0,PL,24_25,12,3,3.0,1.4,0.8,1.6,9,2.2,-0.20000000000000018
2023-09-24,Chelsea,Aston Villa,0,1,A,0,0,D,10,15,4,7,5,11,2,3,0,0,PL,24_25,5,9,1.0,1.0,2.2,2.0,-4,-1.2000000000000002,-1.0
2023-09-24,Liverpool,West Ham,3,1,H,1,1,D,22,11,7,4,7,4,0,2,0,0,PL,24_25,13,10,2.4,0.8,2.0,1.4,3,0.3999999999999999,-0.5999999999999999
2023-09-24,Sheffield United,Newcastle,0,8,A,0,3,A,9,22,1,15,2,6,3,0,0,0,PL,24_25,1,6,1.0,1.8,1.6,1.4,-5,-0.6000000000000001,0.40000000000000013
2023-09-24,Udinese,Fiorentina,0,2,A,0,1,A,20,6,8,2,10,3,0,1,0,0,SA,23_24,3,10,0.2,1.0,2.4,2.0,-7,-2.1999999999999997,-1.0
2023-09-24,Sociedad,Getafe,4,3,H,1,2,A,10,10,6,7,2,1,3,2,0,0,LL,23_24,6,7,1.6,1.4,1.0,1.4,-1,0.6000000000000001,0.0
2023-09-26,Sevilla,Almeria,5,1,H,3,0,H,18,10,9,1,9,4,3,2,0,0,LL,23_24,4,2,1.2,1.6,1.4,2.2,2,-0.19999999999999996,-0.6000000000000001
2023-09-26,Mallorca,Barcelona,2,2,D,2,1,H,10,10,5,4,7,2,4,1,1,0,LL,23_24,4,15,1.2,1.8,3.2,1.2,-11,-2.0,0.6000000000000001
2023-09-26,Juventus,Lecce,1,0,H,0,0,D,14,2,5,0,5,1,2,5,0,1,SA,23_24,10,11,2.2,1.2,1.6,0.8,-1,0.6000000000000001,0.3999999999999999
2023-09-27,Verona,Atalanta,0,1,A,0,1,A,11,8,2,2,4,1,2,3,0,0,SA,23_24,7,9,0.8,1.0,2.0,1.0,-2,-1.2,0.0
2023-09-27,Villarreal,Girona,1,2,A,0,0,D,14,17,3,5,5,6,3,2,0,0,LL,23_24,7,15,1.6,1.8,3.0,1.2,-8,-1.4,0.6000000000000001
2023-09-27,Real Madrid,Las Palmas,2,0,H,1,0,H,21,16,9,2,7,2,0,1,0,0,LL,23_24,12,4,1.8,1.2,0.2,0.6,8,1.6,0.6
2023-09-27,Ath Bilbao,Getafe,2,2,D,1,0,H,9,13,4,5,5,4,5,6,1,0,LL,23_24,13,6,2.2,0.4,1.6,2.2,7,0.6000000000000001,-1.8000000000000003
2023-09-27,Cadiz,Vallecano,0,0,D,0,0,D,9,9,2,4,1,2,5,6,0,1,LL,23_24,5,7,1.0,1.6,1.0,1.8,-2,0.0,-0.19999999999999996
2023-09-27,Valencia,Sociedad,0,1,A,0,1,A,9,2,2,1,0,2,4,7,1,0,LL,23_24,7,8,1.4,1.0,2.2,1.8,-1,-0.8000000000000003,-0.8
2023-09-27,Inter,Sassuolo,1,2,A,1,0,H,13,13,3,6,8,6,0,1,0,0,SA,23_24,15,6,2.8,0.2,1.8,2.2,9,0.9999999999999998,-2.0
2023-09-27,Napoli,Udinese,4,1,H,2,0,H,23,13,10,3,8,4,1,1,0,0,SA,23_24,8,3,1.6,1.0,0.2,1.2,5,1.4000000000000001,-0.19999999999999996
2023-09-27,Cagliari,Milan,1,3,A,1,2,A,16,17,6,6,3,5,3,1,0,0,SA,23_24,2,12,0.2,1.2,2.0,1.4,-10,-1.8,-0.19999999999999996
2023-09-27,Empoli,Salernitana,1,0,H,1,0,H,13,14,6,2,10,2,2,1,0,0,SA,23_24,0,3,0.0,2.6,0.8,1.8,-3,-0.8,0.8
2023-09-27,Lazio,Torino,2,0,H,0,0,D,6,7,3,2,4,2,1,4,0,0,SA,23_24,4,8,1.0,1.6,1.2,1.0,-4,-0.19999999999999996,0.6000000000000001
2023-09-28,Frosinone,Fiorentina,1,1,D,0,1,A,11,19,3,6,8,10,3,3,0,0,SA,23_24,8,10,1.6,1.4,2.2,1.8,-2,-0.6000000000000001,-0.40000000000000013
2023-09-28,Monza,Bologna,0,0,D,0,0,D,12,7,3,5,7,5,5,3,0,1,SA,23_24,5,6,0.8,1.4,0.6,0.8,-1,0.20000000000000007,0.5999999999999999
2023-09-28,Genoa,Roma,4,1,H,2,1,H,8,13,4,3,1,7,4,3,0,0,SA,23_24,4,5,0.8,1.6,2.4,1.4,-1,-1.5999999999999999,0.20000000000000018
2023-09-28,Osasuna,Ath Madrid,0,2,A,0,1,A,13,4,2,3,7,2,3,3,1,1,LL,23_24,4,10,1.0,1.6,2.6,1.0,-6,-1.6,0.6000000000000001
2023-09-28,Granada,Betis,1,1,D,0,0,D,19,13,7,3,5,7,2,1,0,0,LL,23_24,3,5,1.6,2.8,0.8,2.0,-2,0.8,0.7999999999999998
2023-09-28,Celta,Alaves,1,1,D,1,0,H,8,21,0,11,2,8,5,3,1,0,LL,23_24,4,6,1.2,1.6,1.0,1.6,-2,0.19999999999999996,0.0
2023-09-29,Barcelona,Sevilla,1,0,H,0,0,D,18,12,5,3,13,3,2,3,0,0,LL,23_24,13,7,3.2,1.6,2.0,1.4,6,1.2000000000000002,0.20000000000000018
2023-09-30,Salernitana,Inter,0,4,A,0,0,D,12,16,3,6,3,3,2,1,0,0,SA,23_24,2,12,0.4,1.6,2.6,0.6,-10,-2.2,1.0
2023-09-30,Aston Villa,Brighton,6,1,H,3,0,H,19,11,9,3,1,3,4,4,0,0,PL,24_25,12,12,2.2,1.0,2.8,1.4,0,-0.5999999999999996,-0.3999999999999999
2023-09-30,Wolves,Man City,2,1,H,1,0,H,3,23,1,8,0,6,5,4,0,0,PL,24_25,4,15,1.2,2.2,2.6,0.6,-11,-1.4000000000000001,1.6
2023-09-30,Lecce,Napoli,0,4,A,0,1,A,9,15,4,6,3,7,3,2,0,0,SA,23_24,8,8,1.2,0.8,1.8,1.0,0,-0.6000000000000001,-0.19999999999999996
2023-09-30,West Ham,Sheffield United,2,0,H,2,0,H,20,16,9,2,7,4,1,1,0,0,PL,24_25,9,1,2.0,1.8,1.0,3.2,8,1.0,-1.4000000000000001
2023-09-30,Newcastle,Burnley,2,0,H,1,0,H,20,8,8,2,5,3,1,3,0,0,PL,24_25,6,1,2.2,1.2,0.8,2.6,5,1.4000000000000001,-1.4000000000000001
2023-09-30,Man United,Crystal Palace,0,1,A,0,1,A,19,8,4,2,10,4,3,2,0,0,PL,24_25,6,5,1.2,2.0,1.0,1.4,1,0.19999999999999996,0.6000000000000001
2023-09-30,Tottenham,Liverpool,2,1,H,1,1,D,24,12,8,4,12,5,5,4,0,2,PL,24_25,13,15,2.6,1.0,2.8,0.8,-2,-0.19999999999999973,0.19999999999999996
2023-09-30,Milan,Lazio,2,0,H,0,0,D,14,13,7,4,7,1,3,2,0,0,SA,23_24,12,7,2.2,1.6,1.2,1.2,5,1.0000000000000002,0.40000000000000013
2023-09-30,Everton,Luton,1,2,A,1,2,A,23,9,5,2,3,6,0,1,0,0,PL,24_25,4,1,1.0,1.8,0.6,2.2,3,0.4,-0.40000000000000013
2023-09-30,Bournemouth,Arsenal,0,4,A,0,2,A,8,15,1,8,6,6,0,1,0,0,PL,24_25,2,11,0.8,2.0,1.8,1.0,-9,-1.0,1.0
2023-09-30,Sociedad,Ath Bilbao,3,0,H,1,0,H,8,18,5,3,5,7,2,2,0,0,LL,23_24,10,11,2.2,1.6,2.2,0.8,-1,0.0,0.8
2023-09-30,Getafe,Villarreal,0,0,D,0,0,D,22,3,9,0,6,4,2,4,0,1,LL,23_24,7,4,2.0,2.0,1.6,2.2,3,0.3999999999999999,-0.20000000000000018
2023-09-30,Vallecano,Mallorca,2,2,D,1,1,D,19,9,5,4,5,0,2,5,0,0,LL,23_24,5,5,0.6,1.8,1.6,2.0,0,-1.0,-0.19999999999999996
2023-09-30,Girona,Real Madrid,0,3,A,0,2,A,13,14,3,7,1,4,2,2,0,1,LL,23_24,15,12,2.8,1.4,1.6,1.0,3,1.1999999999999997,0.3999999999999999
2023-10-01,Ath Madrid,Cadiz,3,2,H,1,2,A,18,8,9,4,5,3,1,3,0,0,LL,23_24,10,6,2.4,0.8,1.0,1.2,4,1.4,-0.3999999999999999
2023-10-01,Bologna,Empoli,3,0,H,1,0,H,21,12,9,4,2,6,2,4,0,0,SA,23_24,7,3,0.6,0.4,0.2,2.4,4,0.39999999999999997,-2.0
2023-10-01,Roma,Frosinone,2,0,H,1,0,H,11,8,5,0,7,3,1,2,0,0,SA,23_24,4,9,2.2,1.8,1.6,1.0,-5,0.6000000000000001,0.8
2023-10-01,Atalanta,Juventus,0,0,D,0,0,D,15,5,2,3,5,2,1,2,0,0,SA,23_24,9,10,1.8,1.0,1.8,1.2,-1,0.0,-0.19999999999999996
2023-10-01,Nott'm Forest,Brentford,1,1,D,0,0,D,6,18,1,5,1,11,1,2,1,0,PL,24_25,7,5,1.2,1.4,1.4,1.4,2,-0.19999999999999996,0.0
2023-10-01,Udinese,Genoa,2,2,D,1,2,A,11,8,2,4,5,0,2,2,1,0,SA,23_24,3,7,0.4,1.4,1.4,1.0,-4,-0.9999999999999999,0.3999999999999999
2023-10-01,Alaves,Osasuna,0,2,A,0,1,A,17,10,3,3,4,2,2,3,1,0,LL,23_24,4,4,0.4,1.2,1.0,1.6,0,-0.6,-0.40000000000000013
2023-10-01,Almeria,Granada,3,3,D,3,0,H,17,19,5,4,1,5,2,1,0,0,LL,23_24,2,4,1.4,2.6,1.8,2.6,-2,-0.40000000000000013,0.0
2023-10-01,Betis,Valencia,3,0,H,1,0,H,15,9,7,2,5,3,2,2,0,0,LL,23_24,5,4,1.0,2.2,1.2,1.2,1,-0.19999999999999996,1.0000000000000002
2023-10-02,Fiorentina,Cagliari,3,0,H,2,0,H,14,6,2,4,4,2,1,1,0,0,SA,23_24,8,1,1.6,1.8,0.4,1.8,7,1.2000000000000002,0.0
2023-10-02,Torino,Verona,0,0,D,0,0,D,8,5,2,2,10,1,1,1,0,0,SA,23_24,7,4,1.2,1.4,0.6,1.2,3,0.6,0.19999999999999996
2023-10-02,Sassuolo,Monza,0,1,A,0,0,D,19,13,7,4,7,4,0,0,0,0,SA,23_24,9,6,2.2,2.0,0.8,1.0,3,1.4000000000000001,1.0
2023-10-02,Las Palmas,Celta,2,1,H,0,0,D,16,11,5,3,4,5,2,1,0,0,LL,23_24,4,4,0.2,0.8,1.2,1.6,0,-1.0,-0.8
2023-10-02,Fulham,Chelsea,0,2,A,0,2,A,10,11,3,4,8,1,1,4,0,0,PL,24_25,5,4,0.8,2.0,0.8,1.0,1,0.0,1.0
2023-10-03,Luton,Burnley,1,2,A,0,1,A,18,14,3,4,7,6,4,2,0,0,PL,24_25,4,1,0.8,1.6,0.8,2.4,3,0.0,-0.7999999999999998
2023-10-06,Ath Bilbao,Almeria,3,0,H,1,0,H,23,4,9,1,6,2,2,0,0,0,LL,23_24,8,2,1.4,1.0,1.8,3.0,6,-0.40000000000000013,-2.0
2023-10-06,Empoli,Udinese,0,0,D,0,0,D,18,11,3,1,5,7,1,2,0,0,SA,23_24,3,3,0.2,2.6,0.6,1.6,0,-0.39999999999999997,1.0
2023-10-06,Lecce,Sassuolo,1,1,D,0,1,A,13,14,4,1,5,3,2,3,0,0,SA,23_24,7,9,0.8,1.2,2.2,1.8,-2,-1.4000000000000001,-0.6000000000000001
2023-10-07,Luton,Tottenham,0,1,A,0,0,D,12,15,2,4,5,6,2,1,0,1,PL,24_25,4,13,1.0,1.4,2.6,1.2,-9,-1.6,0.19999999999999996
2023-10-07,Burnley,Chelsea,1,4,A,1,1,D,10,9,3,5,7,3,2,4,0,0,PL,24_25,4,7,1.0,2.0,1.0,0.4,-3,0.0,1.6
2023-10-07,Everton,Bournemouth,3,0,H,2,0,H,25,11,8,4,8,7,1,2,0,0,PL,24_25,4,2,1.2,1.4,0.6,2.2,2,0.6,-0.8000000000000003
2023-10-07,Fulham,Sheffield United,3,1,H,0,0,D,20,5,6,2,9,4,1,2,0,0,PL,24_25,5,1,0.8,1.8,0.8,3.2,4,0.0,-1.4000000000000001
2023-10-07,Crystal Palace,Nott'm Forest,0,0,D,0,0,D,8,16,2,5,3,7,0,1,0,0,PL,24_25,8,5,1.2,1.2,1.0,1.4,3,0.19999999999999996,-0.19999999999999996
2023-10-07,Juventus,Torino,2,0,H,0,0,D,17,10,6,1,7,3,1,1,0,0,SA,23_24,10,8,1.6,1.0,1.0,0.6,2,0.6000000000000001,0.4
2023-10-07,Man United,Brentford,2,1,H,0,1,A,21,11,8,3,7,5,0,5,0,0,PL,24_25,6,3,1.2,1.8,1.0,1.6,3,0.19999999999999996,0.19999999999999996
2023-10-07,Inter,Bologna,2,2,D,2,1,H,14,8,5,3,7,7,2,3,0,0,SA,23_24,12,9,3.0,0.6,1.0,0.2,3,2.0,0.39999999999999997
2023-10-07,Cadiz,Girona,0,1,A,0,0,D,8,20,2,5,5,5,1,3,1,0,LL,23_24,5,12,1.2,1.6,2.4,1.8,-7,-1.2,-0.19999999999999996
2023-10-07,Genoa,Milan,0,1,A,0,0,D,7,12,1,3,3,2,3,5,1,1,SA,23_24,5,12,1.6,1.4,1.8,1.4,-7,-0.19999999999999996,0.0
2023-10-07,Real Madrid,Osasuna,4,0,H,1,0,H,19,7,9,1,5,4,2,2,0,0,LL,23_24,12,4,2.0,1.0,1.0,1.4,8,1.0,-0.3999999999999999
2023-10-07,Mallorca,Valencia,1,1,D,1,1,D,9,11,5,3,3,6,2,1,0,0,LL,23_24,6,4,1.6,1.8,1.0,1.4,2,0.6000000000000001,0.40000000000000013
2023-10-07,Sevilla,Vallecano,2,2,D,0,2,A,22,7,6,4,12,2,5,2,0,0,LL,23_24,7,6,1.4,0.8,1.0,0.8,1,0.3999999999999999,0.0
2023-10-08,Cagliari,Roma,1,4,A,0,2,A,16,11,2,5,4,3,2,3,0,0,SA,23_24,1,7,0.4,2.0,2.4,1.4,-6,-2.0,0.6000000000000001
2023-10-08,West Ham,Newcastle,2,2,D,1,0,H,5,10,3,3,4,2,3,3,0,0,PL,24_25,9,9,1.8,1.6,2.6,1.0,0,-0.8,0.6000000000000001
2023-10-08,Brighton,Liverpool,2,2,D,1,2,A,14,14,3,4,8,1,1,2,0,0,PL,24_25,9,12,2.2,2.4,2.4,1.0,-3,-0.19999999999999973,1.4
2023-10-08,Villarreal,Las Palmas,1,2,A,0,1,A,9,8,4,5,7,2,4,4,0,0,LL,23_24,5,6,1.0,1.4,0.6,1.0,-1,0.4,0.3999999999999999
2023-10-08,Ath Madrid,Sociedad,2,1,H,1,0,H,14,13,5,4,1,4,3,3,0,0,LL,23_24,12,12,3.0,1.2,2.8,1.6,0,0.20000000000000018,-0.40000000000000013
2023-10-08,Alaves,Betis,1,1,D,1,1,D,15,6,5,2,5,3,3,3,0,1,LL,23_24,4,8,0.4,1.4,1.2,1.4,-4,-0.7999999999999999,0.0
2023-10-08,Celta,Getafe,2,2,D,2,2,D,26,3,11,2,13,1,1,8,0,1,LL,23_24,4,5,1.4,1.8,1.8,2.0,-1,-0.40000000000000013,-0.19999999999999996
2023-10-08,Granada,Barcelona,2,2,D,2,1,H,7,22,2,10,1,11,4,1,0,0,LL,23_24,2,13,1.8,2.8,2.6,1.0,-11,-0.8,1.7999999999999998
2023-10-08,Wolves,Aston Villa,1,1,D,0,0,D,8,18,3,4,2,10,2,2,1,0,PL,24_25,7,12,1.4,1.6,2.6,1.2,-5,-1.2000000000000002,0.40000000000000013
2023-10-08,Monza,Salernitana,3,0,H,2,0,H,16,8,7,5,7,7,1,2,0,0,SA,23_24,6,1,0.6,1.0,0.2,2.2,5,0.39999999999999997,-1.2000000000000002
2023-10-08,Frosinone,Verona,2,1,H,1,0,H,11,16,2,4,2,4,1,4,0,0,SA,23_24,6,2,1.2,1.2,0.2,1.0,4,1.0,0.19999999999999996
2023-10-08,Lazio,Atalanta,3,2,H,2,1,H,12,12,4,4,4,6,1,1,0,0,SA,23_24,7,10,1.2,1.4,1.6,0.6,-3,-0.40000000000000013,0.7999999999999999
2023-10-08,Napoli,Fiorentina,1,3,A,1,1,D,16,12,4,3,6,4,2,4,0,0,SA,23_24,8,10,2.2,1.0,1.8,1.4,-2,0.40000000000000013,-0.3999999999999999
2023-10-08,Arsenal,Man City,1,0,H,0,0,D,12,4,2,1,5,4,2,3,0,0,PL,24_25,11,12,2.4,1.0,2.6,1.0,-1,-0.20000000000000018,0.0
2023-10-20,Osasuna,Granada,2,0,H,1,0,H,12,13,6,3,1,7,3,4,0,1,LL,23_24,4,3,0.8,1.8,1.6,2.2,1,-0.8,-0.40000000000000013
2023-10-21,Brentford,Burnley,3,0,H,1,0,H,23,6,10,1,5,5,5,2,0,1,PL,24_25,2,4,1.0,1.8,0.8,1.8,-2,0.19999999999999996,0.0
2023-10-21,Torino,Inter,0,3,A,0,0,D,7,14,3,4,2,4,1,2,0,0,SA,23_24,5,10,0.8,1.0,2.6,1.0,-5,-1.8,0.0
2023-10-21,Verona,Napoli,1,3,A,0,2,A,15,22,9,10,5,8,3,2,0,0,SA,23_24,2,8,0.2,0.8,2.2,1.2,-6,-2.0,-0.3999999999999999
2023-10-21,Celta,Ath Madrid,0,3,A,0,1,A,16,12,3,7,7,5,3,2,1,0,LL,23_24,2,12,1.2,1.8,2.0,1.4,-10,-0.8,0.40000000000000013
2023-10-21,Man City,Brighton,2,1,H,2,0,H,10,5,6,3,2,2,2,2,1,0,PL,24_25,9,10,2.2,1.0,2.4,2.2,-1,-0.19999999999999973,-1.2000000000000002
2023-10-21,Getafe,Betis,1,1,D,1,1,D,14,13,4,3,4,8,5,2,0,0,LL,23_24,6,6,2.0,2.0,1.2,1.6,0,0.8,0.3999999999999999
2023-10-21,Sociedad,Mallorca,1,0,H,0,0,D,14,18,6,7,2,5,3,3,0,0,LL,23_24,9,6,2.0,1.4,1.8,2.0,3,0.19999999999999996,-0.6000000000000001
2023-10-21,Sevilla,Real Madrid,1,1,D,0,0,D,17,14,7,5,4,6,5,2,0,0,LL,23_24,8,12,1.6,0.8,2.4,0.8,-4,-0.7999999999999998,0.0
2023-10-21,Chelsea,Arsenal,2,2,D,1,0,H,11,13,5,3,2,7,3,3,0,0,PL,24_25,7,13,1.2,0.6,2.2,0.6,-6,-1.0000000000000002,0.0
2023-10-21,Nott'm Forest,Luton,2,2,D,0,0,D,19,13,8,4,4,2,3,0,0,0,PL,24_25,6,4,0.6,0.8,0.8,1.2,2,-0.20000000000000007,-0.3999999999999999
2023-10-21,Newcastle,Crystal Palace,4,0,H,3,0,H,10,17,7,3,6,8,2,3,0,0,PL,24_25,10,8,2.8,1.0,1.0,1.0,2,1.7999999999999998,0.0
2023-10-21,Liverpool,Everton,2,0,H,0,0,D,26,6,6,1,12,4,1,1,0,1,PL,24_25,10,7,2.4,1.2,1.8,1.2,3,0.5999999999999999,0.0
2023-10-21,Bournemouth,Wolves,1,2,A,1,0,H,7,20,4,7,3,12,2,6,1,0,PL,24_25,2,5,0.6,2.4,1.4,1.8,-3,-0.7999999999999999,0.5999999999999999
2023-10-21,Sheffield United,Man United,1,2,A,1,1,D,12,14,6,5,5,4,3,1,0,0,PL,24_25,1,6,0.8,3.4,1.0,1.6,-5,-0.19999999999999996,1.7999999999999998
2023-10-21,Sassuolo,Lazio,0,2,A,0,2,A,9,18,2,6,5,7,1,5,0,0,SA,23_24,7,7,1.8,1.8,1.4,1.6,0,0.40000000000000013,0.19999999999999996
2023-10-22,Las Palmas,Vallecano,0,1,A,0,0,D,12,12,6,4,10,5,4,3,0,1,LL,23_24,9,7,1.0,1.0,1.4,1.0,2,-0.3999999999999999,0.0
2023-10-22,Girona,Almeria,5,2,H,3,2,H,19,9,8,5,9,6,1,2,0,0,LL,23_24,12,2,2.4,1.8,1.4,3.0,10,1.0,-1.2
2023-10-22,Villarreal,Alaves,1,1,D,0,0,D,12,16,3,7,9,3,4,3,0,0,LL,23_24,5,2,1.0,1.2,0.4,1.6,3,0.6,-0.40000000000000013
2023-10-22,Barcelona,Ath Bilbao,1,0,H,0,0,D,12,10,7,3,4,7,3,3,0,0,LL,23_24,11,10,2.6,1.2,2.0,1.0,1,0.6000000000000001,0.19999999999999996
2023-10-22,Atalanta,Genoa,2,0,H,0,0,D,13,15,8,4,8,4,4,2,0,0,SA,23_24,7,5,1.4,1.2,1.6,1.4,2,-0.20000000000000018,-0.19999999999999996
2023-10-22,Salernitana,Cagliari,2,2,D,0,0,D,13,13,2,6,8,5,3,4,0,0,SA,23_24,1,1,0.2,2.4,0.4,2.4,0,-0.2,0.0
2023-10-22,Milan,Juventus,0,1,A,0,0,D,7,14,1,4,6,3,1,4,1,0,SA,23_24,12,10,1.6,1.2,1.6,1.0,2,0.0,0.19999999999999996
2023-10-22,Aston Villa,West Ham,4,1,H,1,0,H,15,14,7,4,8,7,0,1,0,0,PL,24_25,10,7,2.2,1.2,1.6,1.8,3,0.6000000000000001,-0.6000000000000001
2023-10-22,Bologna,Frosinone,2,1,H,2,0,H,12,12,6,5,4,5,2,2,0,1,SA,23_24,7,8,1.0,0.4,1.6,1.4,-1,-0.6000000000000001,-0.9999999999999999
2023-10-22,Roma,Monza,1,0,H,0,0,D,21,11,4,4,8,5,2,4,0,1,SA,23_24,10,9,3.0,1.2,1.2,0.4,1,1.8,0.7999999999999999
2023-10-23,Udinese,Lecce,1,1,D,0,0,D,12,12,6,1,2,7,3,5,0,0,SA,23_24,3,5,0.6,1.6,0.6,1.4,-2,0.0,0.20000000000000018
2023-10-23,Valencia,Cadiz,2,0,H,2,0,H,12,5,4,4,4,6,0,3,0,1,LL,23_24,5,2,1.2,1.4,0.6,1.6,3,0.6,-0.20000000000000018
2023-10-23,Fiorentina,Empoli,0,2,A,0,1,A,19,7,7,3,13,3,1,3,0,0,SA,23_24,13,4,2.4,0.8,0.2,2.2,9,2.1999999999999997,-1.4000000000000001
2023-10-23,Tottenham,Fulham,2,0,H,1,0,H,15,10,5,3,3,5,2,0,0,0,PL,24_25,13,7,2.4,1.2,1.0,1.6,6,1.4,-0.40000000000000013
2023-10-27,Girona,Celta,1,0,H,0,0,D,12,4,2,2,10,1,3,2,0,0,LL,23_24,12,2,2.6,1.8,1.2,2.2,10,1.4000000000000001,-0.40000000000000013
2023-10-27,Genoa,Salernitana,1,0,H,1,0,H,8,7,4,2,7,0,3,4,0,0,SA,23_24,4,2,1.2,1.4,0.6,2.2,2,0.6,-0.8000000000000003
2023-10-27,Crystal Palace,Tottenham,1,2,A,0,0,D,13,10,3,1,11,2,2,1,0,0,PL,24_25,5,13,0.4,1.4,1.8,0.8,-8,-1.4,0.5999999999999999
2023-10-28,Sassuolo,Bologna,1,1,D,1,1,D,17,9,6,5,6,2,1,4,0,0,SA,23_24,7,9,1.4,1.4,1.4,0.6,-2,0.0,0.7999999999999999
2023-10-28,Lecce,Torino,0,1,A,0,1,A,11,10,6,2,3,0,3,5,0,0,SA,23_24,5,2,0.6,1.4,0.2,1.6,3,0.39999999999999997,-0.20000000000000018
2023-10-28,Juventus,Verona,1,0,H,0,0,D,30,7,6,1,5,1,3,2,0,0,SA,23_24,10,1,1.2,0.8,0.4,1.4,9,0.7999999999999999,-0.5999999999999999
2023-10-28,Barcelona,Real Madrid,1,2,A,1,0,H,15,13,3,4,6,3,2,1,0,0,LL,23_24,11,10,1.8,1.2,2.2,0.8,1,-0.40000000000000013,0.3999999999999999
2023-10-28,Cadiz,Sevilla,2,2,D,2,1,H,10,20,5,10,2,4,6,4,0,0,LL,23_24,2,6,0.6,1.4,1.6,1.0,-4,-1.0,0.3999999999999999
2023-10-28,Mallorca,Getafe,0,0,D,0,0,D,15,8,4,0,8,3,0,1,0,0,LL,23_24,3,4,1.6,2.2,1.6,1.8,-1,0.0,0.40000000000000013
2023-10-28,Almeria,Las Palmas,1,2,A,0,1,A,10,10,4,3,3,2,3,1,0,0,LL,23_24,2,9,1.6,3.6,1.0,1.0,-7,0.6000000000000001,2.6
2023-10-28,Chelsea,Brentford,0,2,A,0,0,D,17,7,2,5,10,1,1,4,0,0,PL,24_25,8,4,1.6,0.8,1.2,1.4,4,0.40000000000000013,-0.5999999999999999
2023-10-28,Arsenal,Sheffield United,5,0,H,1,0,H,13,2,8,0,6,1,0,3,0,0,PL,24_25,11,0,2.0,0.8,0.6,3.4,11,1.4,-2.5999999999999996
2023-10-28,Bournemouth,Burnley,2,1,H,1,1,D,13,6,6,3,10,5,2,3,0,0,PL,24_25,1,3,0.4,2.4,0.6,2.2,-2,-0.19999999999999996,0.19999999999999973
2023-10-28,Wolves,Newcastle,2,2,D,1,2,A,11,13,6,5,8,7,1,4,0,0,PL,24_25,8,13,1.4,1.4,3.4,0.4,-5,-2.0,0.9999999999999999
2023-10-29,Inter,Roma,1,0,H,0,0,D,19,3,3,1,8,0,3,4,0,0,SA,23_24,10,10,2.2,0.8,1.8,1.2,0,0.40000000000000013,-0.3999999999999999
2023-10-29,Napoli,Milan,2,2,D,0,2,A,17,20,4,6,6,4,4,3,1,0,SA,23_24,10,12,2.4,1.0,1.4,0.4,-2,1.0,0.6
2023-10-29,Monza,Udinese,1,1,D,1,0,H,10,10,4,3,10,3,2,1,0,0,SA,23_24,8,3,1.0,0.4,0.8,1.8,5,0.19999999999999996,-1.4
2023-10-29,Cagliari,Frosinone,4,3,H,0,2,A,24,10,6,6,5,7,1,4,0,0,SA,23_24,1,5,0.8,2.8,1.0,1.4,-4,-0.19999999999999996,1.4
2023-10-29,Man United,Man City,0,3,A,0,1,A,7,21,3,10,7,12,4,1,0,0,PL,24_25,9,9,1.2,1.2,1.6,1.0,0,-0.40000000000000013,0.19999999999999996
2023-10-29,Liverpool,Nott'm Forest,3,0,H,2,0,H,21,9,8,1,8,3,2,3,0,0,PL,24_25,10,4,2.2,1.2,0.8,1.2,6,1.4000000000000001,0.0
2023-10-29,Brighton,Fulham,1,1,D,1,0,H,18,10,7,5,7,3,0,3,0,0,PL,24_25,7,7,2.0,2.4,0.8,1.0,0,1.2,1.4
2023-10-29,Aston Villa,Luton,3,1,H,1,0,H,17,7,6,1,6,4,3,2,0,0,PL,24_25,13,5,3.0,0.8,1.2,1.4,8,1.8,-0.5999999999999999
2023-10-29,Betis,Osasuna,2,1,H,1,0,H,9,7,2,1,6,3,3,4,0,0,LL,23_24,7,7,1.4,0.8,0.8,1.2,0,0.5999999999999999,-0.3999999999999999
2023-10-29,Vallecano,Sociedad,2,2,D,1,1,D,16,15,7,3,4,5,3,2,0,0,LL,23_24,7,12,1.2,1.0,2.0,1.0,-5,-0.8,0.0
2023-10-29,Ath Bilbao,Valencia,2,2,D,1,0,H,12,11,7,5,10,4,3,1,0,0,LL,23_24,7,5,1.4,1.2,1.0,1.4,2,0.3999999999999999,-0.19999999999999996
2023-10-29,West Ham,Everton,0,1,A,0,0,D,12,10,2,4,4,3,4,1,0,0,PL,24_25,4,6,1.4,2.4,1.4,1.2,-2,0.0,1.2
2023-10-29,Ath Madrid,Alaves,2,1,H,2,0,H,11,8,7,1,4,4,3,2,0,0,LL,23_24,15,3,2.6,0.8,0.6,1.4,12,2.0,-0.5999999999999999
2023-10-30,Lazio,Fiorentina,1,0,H,0,0,D,11,9,4,5,0,4,3,3,0,0,SA,23_24,10,10,1.6,1.0,1.8,0.8,0,-0.19999999999999996,0.19999999999999996
2023-10-30,Empoli,Atalanta,0,3,A,0,2,A,9,18,2,6,3,6,4,0,0,0,SA,23_24,7,10,0.6,0.8,1.4,0.6,-3,-0.7999999999999999,0.20000000000000007
2023-10-30,Granada,Villarreal,2,3,A,2,3,A,18,6,8,5,4,1,0,4,0,0,LL,23_24,3,3,1.2,1.8,0.8,1.2,0,0.3999999999999999,0.6000000000000001
2023-11-03,Bologna,Lazio,1,0,H,0,0,D,6,11,2,1,2,6,2,5,0,0,SA,23_24,9,12,1.6,0.8,1.6,0.8,-3,0.0,0.0
2023-11-03,Las Palmas,Ath Madrid,2,1,H,0,0,D,9,13,3,5,3,4,0,3,0,0,LL,23_24,9,15,1.2,1.2,2.4,0.8,-6,-1.2,0.3999999999999999
2023-11-04,Atalanta,Inter,1,2,A,0,1,A,14,10,4,4,6,1,4,1,1,0,SA,23_24,10,10,1.6,0.6,2.2,0.8,0,-0.6000000000000001,-0.20000000000000007
2023-11-04,Sociedad,Barcelona,0,1,A,0,0,D,13,12,6,4,8,3,3,3,0,0,LL,23_24,10,8,1.6,0.8,1.4,1.2,2,0.20000000000000018,-0.3999999999999999
2023-11-04,Newcastle,Arsenal,1,0,H,0,0,D,9,14,2,1,0,11,5,1,0,0,PL,24_25,11,11,3.6,0.8,2.8,0.8,0,0.8000000000000003,0.0
2023-11-04,Sheffield United,Wolves,2,1,H,0,0,D,11,10,2,3,4,4,2,3,0,0,PL,24_25,0,9,0.4,4.0,1.6,1.2,-9,-1.2000000000000002,2.8
2023-11-04,Man City,Bournemouth,6,1,H,3,0,H,21,5,8,1,12,1,0,1,0,0,PL,24_25,9,3,1.6,0.8,0.8,2.6,6,0.8,-1.8
2023-11-04,Everton,Brighton,1,1,D,1,0,H,10,7,4,2,3,3,4,2,0,0,PL,24_25,9,5,1.6,1.0,1.6,2.4,4,0.0,-1.4
2023-11-04,Burnley,Crystal Palace,0,2,A,0,1,A,17,4,5,3,12,1,0,5,0,0,PL,24_25,3,5,0.8,2.4,0.4,1.2,-2,0.4,1.2
2023-11-04,Milan,Udinese,0,1,A,0,0,D,14,12,5,2,11,5,1,2,0,0,SA,23_24,10,4,1.6,0.8,1.0,1.6,6,0.6000000000000001,-0.8
2023-11-04,Fulham,Man United,0,1,A,0,0,D,18,12,3,5,9,4,5,2,0,0,PL,24_25,5,9,0.8,1.2,1.0,1.2,-4,-0.19999999999999996,0.0
2023-11-04,Brentford,West Ham,3,2,H,1,2,A,16,12,4,2,4,3,1,4,0,0,PL,24_25,7,4,1.6,1.2,1.2,2.0,3,0.40000000000000013,-0.8
2023-11-04,Betis,Mallorca,2,0,H,1,0,H,22,8,3,1,6,1,1,4,0,1,LL,23_24,9,4,1.6,0.8,1.0,1.2,5,0.6000000000000001,-0.3999999999999999
2023-11-04,Osasuna,Girona,2,4,A,1,1,D,15,11,3,4,2,7,5,3,0,0,LL,23_24,6,12,1.0,1.6,1.8,1.2,-6,-0.8,0.40000000000000013
2023-11-04,Celta,Sevilla,1,1,D,1,0,H,15,13,3,5,4,6,2,5,1,0,LL,23_24,2,6,0.8,1.8,2.0,1.4,-4,-1.2,0.40000000000000013
2023-11-04,Salernitana,Napoli,0,2,A,0,1,A,10,21,3,8,8,9,1,1,0,0,SA,23_24,1,10,0.4,2.2,2.8,1.4,-9,-2.4,0.8000000000000003
2023-11-05,Real Madrid,Vallecano,0,0,D,0,0,D,22,4,5,0,11,1,3,5,0,0,LL,23_24,13,7,2.4,0.4,1.4,1.2,6,1.0,-0.7999999999999999
2023-11-05,Fiorentina,Juventus,0,1,A,0,1,A,25,4,4,3,9,2,1,3,0,0,SA,23_24,7,13,1.4,1.0,1.0,0.0,-6,0.3999999999999999,1.0
2023-11-05,Roma,Lecce,2,1,H,0,0,D,15,15,5,4,5,2,3,5,0,0,SA,23_24,9,2,1.6,1.2,0.4,1.6,7,1.2000000000000002,-0.40000000000000013
2023-11-05,Cagliari,Genoa,2,1,H,0,0,D,12,8,4,2,1,1,4,2,0,0,SA,23_24,4,7,1.6,3.0,1.4,1.2,-3,0.20000000000000018,1.8
2023-11-05,Nott'm Forest,Aston Villa,2,0,H,1,0,H,5,13,3,3,0,10,1,1,0,0,PL,24_25,3,13,0.6,1.6,3.0,0.8,-10,-2.4,0.8
2023-11-05,Luton,Liverpool,1,1,D,0,0,D,8,24,5,6,4,7,1,1,0,0,PL,24_25,4,10,1.2,1.8,2.2,1.0,-6,-1.0000000000000002,0.8
2023-11-05,Verona,Monza,1,3,A,0,1,A,16,12,5,6,2,6,1,2,0,0,SA,23_24,1,8,0.4,1.4,1.0,0.4,-7,-0.6,0.9999999999999999
2023-11-05,Alaves,Almeria,1,0,H,0,0,D,23,9,3,3,12,6,2,3,0,0,LL,23_24,3,1,0.8,1.4,1.4,3.6,2,-0.5999999999999999,-2.2
2023-11-05,Valencia,Granada,1,0,H,1,0,H,11,6,2,1,0,4,3,5,0,0,LL,23_24,5,3,1.0,1.4,1.6,2.2,2,-0.6000000000000001,-0.8000000000000003
2023-11-05,Villarreal,Ath Bilbao,2,3,A,0,3,A,17,17,6,7,9,3,4,4,0,0,LL,23_24,5,5,1.2,1.4,1.4,1.6,0,-0.19999999999999996,-0.20000000000000018
2023-11-06,Getafe,Cadiz,1,0,H,0,0,D,13,6,3,2,6,3,7,1,1,0,LL,23_24,5,2,1.0,1.0,0.8,1.6,3,0.19999999999999996,-0.6000000000000001
2023-11-06,Torino,Sassuolo,2,1,H,1,1,D,21,5,9,2,9,2,1,1,0,0,SA,23_24,4,5,0.2,1.4,0.8,1.2,-1,-0.6000000000000001,0.19999999999999996
2023-11-06,Tottenham,Chelsea,1,4,A,1,1,D,8,17,5,8,1,6,1,5,2,0,PL,24_25,13,7,1.8,0.8,1.6,1.2,6,0.19999999999999996,-0.3999999999999999
2023-11-06,Frosinone,Empoli,2,1,H,0,0,D,17,10,5,2,9,2,3,2,0,0,SA,23_24,4,7,1.4,2.0,0.6,1.2,-3,0.7999999999999999,0.8
2023-11-10,Sassuolo,Salernitana,2,2,D,1,2,A,29,9,9,2,11,0,2,1,0,0,SA,23_24,2,1,0.6,1.4,0.4,2.4,1,0.19999999999999996,-1.0
2023-11-10,Genoa,Verona,1,0,H,1,0,H,16,7,6,1,6,7,1,4,0,0,SA,23_24,4,1,0.8,1.4,0.6,1.8,3,0.20000000000000007,-0.40000000000000013
2023-11-10,Ath Bilbao,Celta,4,3,H,2,2,D,21,13,12,5,7,2,2,2,0,0,LL,23_24,7,2,1.6,1.6,0.8,1.8,5,0.8,-0.19999999999999996
2023-11-11,Wolves,Tottenham,2,1,H,0,1,A,17,6,4,2,11,3,4,3,0,0,PL,24_25,8,12,1.6,1.4,1.6,1.2,-4,0.0,0.19999999999999996
2023-11-11,Arsenal,Burnley,3,1,H,1,0,H,16,8,6,5,3,3,0,1,1,0,PL,24_25,10,3,2.4,0.6,0.8,2.4,7,1.5999999999999999,-1.7999999999999998
2023-11-11,Crystal Palace,Everton,2,3,A,1,1,D,13,8,4,4,9,2,1,4,0,0,PL,24_25,7,7,0.8,1.2,1.2,1.0,0,-0.3999999999999999,0.19999999999999996
2023-11-11,Bournemouth,Newcastle,2,0,H,0,0,D,19,8,10,5,6,5,2,1,0,0,PL,24_25,3,11,0.8,3.2,2.2,0.8,-8,-1.4000000000000001,2.4000000000000004
2023-11-11,Vallecano,Girona,1,2,A,1,1,D,22,19,9,7,8,3,1,2,0,0,LL,23_24,7,12,1.4,1.2,2.2,1.4,-5,-0.8000000000000003,-0.19999999999999996
2023-11-11,Almeria,Sociedad,1,3,A,0,0,D,7,18,2,6,5,5,2,2,0,0,LL,23_24,1,7,1.2,2.8,1.4,1.0,-6,-0.19999999999999996,1.7999999999999998
2023-11-11,Granada,Getafe,1,1,D,1,1,D,12,10,6,6,3,5,4,2,0,0,LL,23_24,2,7,1.4,2.2,0.8,0.6,-5,0.5999999999999999,1.6
2023-11-11,Osasuna,Las Palmas,1,1,D,0,0,D,11,6,3,1,8,3,1,1,0,0,LL,23_24,6,12,1.4,2.0,1.6,1.0,-6,-0.20000000000000018,1.0
2023-11-11,Real Madrid,Valencia,5,1,H,2,0,H,16,10,7,4,4,4,1,3,0,0,LL,23_24,11,8,2.0,0.4,1.2,1.2,3,0.8,-0.7999999999999999
2023-11-11,Juventus,Cagliari,2,1,H,0,0,D,18,11,4,2,12,4,3,1,0,0,SA,23_24,13,7,1.0,0.0,1.8,2.6,6,-0.8,-2.6
2023-11-11,Monza,Torino,1,1,D,0,0,D,12,12,5,5,3,1,2,2,0,0,SA,23_24,10,7,1.6,0.6,0.6,1.2,3,1.0,-0.6
2023-11-11,Man United,Luton,1,0,H,0,0,D,15,10,4,4,11,3,0,2,0,0,PL,24_25,9,2,1.0,1.2,1.0,1.8,7,0.0,-0.6000000000000001
2023-11-11,Lecce,Milan,2,2,D,0,2,A,14,10,5,6,3,1,4,6,0,1,SA,23_24,2,7,0.6,1.8,1.0,0.8,-5,-0.4,1.0
2023-11-12,West Ham,Nott'm Forest,3,2,H,1,1,D,16,10,6,5,9,4,2,2,0,0,PL,24_25,4,6,1.4,2.0,1.0,1.2,-2,0.3999999999999999,0.8
2023-11-12,Liverpool,Brentford,3,0,H,1,0,H,17,16,10,3,6,8,1,2,0,0,PL,24_25,8,10,1.8,1.0,2.0,1.0,-2,-0.19999999999999996,0.0
2023-11-12,Brighton,Sheffield United,1,1,D,1,0,H,11,9,6,1,6,3,3,2,1,0,PL,24_25,3,3,1.2,2.4,0.8,2.6,0,0.3999999999999999,-0.20000000000000018
2023-11-12,Udinese,Atalanta,1,1,D,1,0,H,13,8,4,2,7,7,2,3,0,0,SA,23_24,7,7,1.0,0.8,1.6,1.0,0,-0.6000000000000001,-0.19999999999999996
2023-11-12,Fiorentina,Bologna,2,1,H,1,1,D,12,11,4,4,0,3,2,2,0,0,SA,23_24,6,11,1.2,1.0,1.8,0.8,-5,-0.6000000000000001,0.19999999999999996
2023-11-12,Lazio,Roma,0,0,D,0,0,D,7,8,2,1,4,1,3,4,0,0,SA,23_24,9,12,1.2,1.0,1.8,0.6,-3,-0.6000000000000001,0.4
2023-11-12,Inter,Frosinone,2,0,H,1,0,H,21,12,6,3,9,4,0,1,0,0,SA,23_24,13,6,2.4,0.6,1.6,2.0,7,0.7999999999999998,-1.4
2023-11-12,Aston Villa,Fulham,3,1,H,2,0,H,12,9,6,5,2,2,2,5,0,0,PL,24_25,10,4,2.8,1.2,0.8,1.4,6,1.9999999999999998,-0.19999999999999996
2023-11-12,Napoli,Empoli,0,1,A,0,0,D,18,8,7,3,8,3,1,1,0,0,SA,23_24,10,4,2.4,1.2,0.6,1.6,6,1.7999999999999998,-0.40000000000000013
2023-11-12,Chelsea,Man City,4,4,D,2,2,D,17,15,9,10,3,3,5,3,0,0,PL,24_25,10,9,2.4,1.2,2.4,1.0,1,0.0,0.19999999999999996
2023-11-12,Ath Madrid,Villarreal,3,1,H,1,1,D,25,11,10,7,6,3,0,2,0,0,LL,23_24,12,5,2.2,1.2,1.4,1.6,7,0.8000000000000003,-0.40000000000000013
2023-11-12,Barcelona,Alaves,2,1,H,0,1,A,11,8,6,1,2,1,2,1,0,0,LL,23_24,10,5,1.2,0.8,0.8,1.2,5,0.3999999999999999,-0.3999999999999999
2023-11-12,Sevilla,Betis,1,1,D,0,0,D,13,14,4,6,9,5,1,1,0,0,LL,23_24,4,11,1.2,1.4,1.8,0.6,-7,-0.6000000000000001,0.7999999999999999
2023-11-24,Alaves,Granada,3,1,H,2,0,H,8,11,5,4,6,2,1,3,0,0,LL,23_24,5,2,1.0,1.2,1.0,1.8,3,0.0,-0.6000000000000001
2023-11-25,Milan,Fiorentina,1,0,H,1,0,H,9,20,6,4,3,11,1,2,0,0,SA,23_24,5,6,1.0,1.2,1.0,1.2,-1,0.0,0.0
2023-11-25,Atalanta,Napoli,1,2,A,0,1,A,16,11,5,4,5,4,2,2,0,0,SA,23_24,7,7,1.8,1.2,1.6,1.4,0,0.19999999999999996,-0.19999999999999996
2023-11-25,Salernitana,Lazio,2,1,H,0,1,A,13,13,6,2,4,9,5,3,0,0,SA,23_24,2,10,0.8,2.0,1.2,0.6,-8,-0.3999999999999999,1.4
2023-11-25,Sheffield United,Bournemouth,1,3,A,0,2,A,10,23,2,11,4,7,4,1,0,0,PL,24_25,4,6,1.0,2.4,1.2,2.4,-2,-0.19999999999999996,0.0
2023-11-25,Vallecano,Barcelona,1,1,D,1,0,H,10,15,4,4,1,4,3,4,0,0,LL,23_24,6,10,1.2,1.2,1.4,1.0,-4,-0.19999999999999996,0.19999999999999996
2023-11-25,Nott'm Forest,Brighton,2,3,A,1,2,A,18,11,5,5,6,4,2,4,0,1,PL,24_25,5,4,1.2,1.6,1.2,1.4,1,0.0,0.20000000000000018
2023-11-25,Getafe,Almeria,2,1,H,2,1,H,18,13,5,4,3,6,2,4,0,0,LL,23_24,7,0,1.0,0.8,0.8,2.8,7,0.19999999999999996,-1.9999999999999998
2023-11-25,Ath Madrid,Mallorca,1,0,H,0,0,D,20,8,3,1,7,3,0,0,0,0,LL,23_24,12,3,2.2,1.0,0.6,1.2,9,1.6,-0.19999999999999996
2023-11-25,Man City,Liverpool,1,1,D,1,0,H,16,8,5,3,9,6,1,3,0,0,PL,24_25,10,11,3.0,1.4,2.2,0.6,-1,0.7999999999999998,0.7999999999999999
2023-11-25,Burnley,West Ham,1,2,A,0,0,D,11,11,5,3,4,5,1,3,0,0,PL,24_25,0,4,0.6,2.8,1.6,2.4,-4,-1.0,0.3999999999999999
2023-11-25,Luton,Crystal Palace,2,1,H,0,0,D,8,16,3,8,4,5,6,1,0,0,PL,24_25,2,4,0.8,1.6,1.0,1.8,-2,-0.19999999999999996,-0.19999999999999996
2023-11-25,Newcastle,Chelsea,4,1,H,1,1,D,14,7,5,4,4,2,4,4,0,1,PL,24_25,8,8,1.8,1.2,2.8,2.0,0,-0.9999999999999998,-0.8
2023-11-25,Valencia,Celta,0,0,D,0,0,D,8,13,0,1,5,7,3,2,0,0,LL,23_24,8,2,1.4,1.6,1.2,2.2,6,0.19999999999999996,-0.6000000000000001
2023-11-25,Brentford,Arsenal,0,1,A,0,0,D,9,15,3,4,1,8,1,1,0,0,PL,24_25,9,10,1.8,1.4,2.2,0.8,-1,-0.40000000000000013,0.5999999999999999
2023-11-26,Tottenham,Aston Villa,1,2,A,1,1,D,18,15,8,5,9,3,0,4,0,0,PL,24_25,9,10,1.4,1.4,2.2,1.2,-1,-0.8000000000000003,0.19999999999999996
2023-11-26,Everton,Man United,0,3,A,0,1,A,24,9,6,4,6,5,3,0,0,0,PL,24_25,10,12,1.6,1.0,1.2,1.0,-2,0.40000000000000013,0.0
2023-11-26,Roma,Udinese,3,1,H,1,0,H,12,6,5,2,7,1,1,3,0,0,SA,23_24,10,7,1.4,0.6,0.8,0.6,3,0.5999999999999999,0.0
2023-11-26,Juventus,Inter,1,1,D,1,1,D,4,8,1,4,1,0,2,1,0,0,SA,23_24,15,13,1.4,0.2,2.0,0.6,2,-0.6000000000000001,-0.39999999999999997
2023-11-26,Villarreal,Osasuna,3,1,H,0,0,D,10,15,3,7,2,4,0,0,0,0,LL,23_24,4,4,1.6,2.2,1.2,2.2,0,0.40000000000000013,0.0
2023-11-26,Sociedad,Sevilla,2,1,H,2,0,H,11,8,8,2,4,4,2,1,0,2,LL,23_24,7,5,1.4,1.2,1.4,1.4,2,0.0,-0.19999999999999996
2023-11-26,Cadiz,Real Madrid,0,3,A,0,1,A,13,14,4,5,4,4,3,3,0,0,LL,23_24,1,11,0.8,1.8,2.4,0.6,-10,-1.5999999999999999,1.2000000000000002
2023-11-26,Betis,Las Palmas,1,0,H,1,0,H,12,15,6,4,7,6,1,2,0,0,LL,23_24,9,10,1.4,0.8,1.4,1.0,-1,0.0,-0.19999999999999996
2023-11-26,Cagliari,Monza,1,1,D,1,0,H,17,12,6,4,10,11,1,2,0,0,SA,23_24,7,8,2.0,2.4,1.6,0.8,-1,0.3999999999999999,1.5999999999999999
2023-11-26,Empoli,Sassuolo,3,4,A,2,2,D,11,17,9,9,6,5,4,2,0,0,SA,23_24,7,3,0.8,1.0,1.0,1.6,4,-0.19999999999999996,-0.6000000000000001
2023-11-26,Frosinone,Genoa,2,1,H,1,1,D,9,13,5,3,4,2,2,4,0,0,SA,23_24,6,6,1.6,2.0,0.6,1.0,0,1.0,1.0
2023-11-27,Verona,Lecce,2,2,D,1,1,D,19,14,11,5,4,2,1,2,0,0,SA,23_24,0,3,0.6,2.0,1.0,1.4,-3,-0.4,0.6000000000000001
2023-11-27,Bologna,Torino,2,0,H,0,0,D,13,9,2,3,3,2,3,4,0,0,SA,23_24,8,7,1.4,1.2,0.8,1.4,1,0.5999999999999999,-0.19999999999999996
2023-11-27,Girona,Ath Bilbao,1,1,D,0,0,D,12,13,2,6,2,6,1,1,0,0,LL,23_24,15,10,2.6,1.0,2.4,1.6,5,0.20000000000000018,-0.6000000000000001
2023-11-27,Fulham,Wolves,3,2,H,1,1,D,12,10,6,6,6,2,2,2,0,0,PL,24_25,4,8,1.0,1.6,1.6,1.4,-4,-0.6000000000000001,0.20000000000000018
2023-11-29,Mallorca,Cadiz,1,1,D,1,1,D,16,6,3,3,7,0,2,3,0,0,LL,23_24,2,1,0.2,1.0,0.4,1.8,1,-0.2,-0.8
2023-12-01,Monza,Juventus,1,2,A,0,1,A,16,18,1,7,7,3,1,2,0,0,SA,23_24,6,13,1.2,1.0,1.2,0.4,-7,0.0,0.6
2023-12-01,Las Palmas,Getafe,2,0,H,1,0,H,11,12,6,4,4,4,0,5,0,1,LL,23_24,7,9,1.0,1.0,1.0,0.6,-2,0.0,0.4
2023-12-02,Arsenal,Wolves,2,1,H,2,0,H,19,6,6,3,4,0,1,2,0,0,PL,24_25,10,7,2.2,0.8,1.8,1.8,3,0.40000000000000013,-1.0
2023-12-02,Burnley,Sheffield United,5,0,H,2,0,H,19,6,7,3,6,1,2,5,0,1,PL,24_25,0,4,0.6,2.4,1.0,2.4,-4,-0.4,0.0
2023-12-02,Nott'm Forest,Everton,0,1,A,0,0,D,13,12,2,3,4,3,1,0,0,0,PL,24_25,4,7,1.6,2.2,1.0,1.6,-3,0.6000000000000001,0.6000000000000001
2023-12-02,Osasuna,Sociedad,1,1,D,1,1,D,9,17,3,5,1,8,3,3,0,0,LL,23_24,4,10,1.4,2.0,1.6,1.0,-6,-0.20000000000000018,1.0
2023-12-02,Real Madrid,Granada,2,0,H,1,0,H,11,1,4,0,6,0,2,1,0,0,LL,23_24,11,1,2.2,0.6,0.8,2.0,10,1.4000000000000001,-1.4
2023-12-02,Brentford,Luton,3,1,H,0,0,D,27,7,6,1,7,5,1,2,0,0,PL,24_25,9,5,1.6,1.2,1.2,1.6,4,0.40000000000000013,-0.40000000000000013
2023-12-02,Girona,Valencia,2,1,H,0,0,D,9,9,5,3,3,2,2,3,0,0,LL,23_24,13,8,2.6,1.2,1.2,1.4,5,1.4000000000000001,-0.19999999999999996
2023-12-02,Milan,Frosinone,3,1,H,1,0,H,10,15,3,3,6,7,1,1,0,0,SA,23_24,5,6,1.0,1.2,1.6,2.0,-1,-0.6000000000000001,-0.8
2023-12-02,Lazio,Cagliari,1,0,H,1,0,H,10,9,5,2,4,3,0,2,0,1,SA,23_24,7,8,0.8,0.6,2.0,1.8,-1,-1.2,-1.2000000000000002
2023-12-02,Genoa,Empoli,1,1,D,1,0,H,21,9,1,1,5,3,3,1,0,0,SA,23_24,6,6,0.8,1.2,1.4,1.8,0,-0.5999999999999999,-0.6000000000000001
2023-12-02,Ath Bilbao,Vallecano,4,0,H,1,0,H,9,11,4,3,7,2,1,2,0,0,LL,23_24,8,6,2.0,1.8,1.0,1.0,2,1.0,0.8
2023-12-02,Newcastle,Man United,1,0,H,0,0,D,22,8,4,1,7,3,1,2,0,0,PL,24_25,10,12,2.2,1.0,1.4,0.8,-2,0.8000000000000003,0.19999999999999996
2023-12-03,Sevilla,Villarreal,1,1,D,0,0,D,18,5,4,4,8,4,3,2,0,0,LL,23_24,4,7,1.2,1.4,2.0,2.0,-3,-0.8,-0.6000000000000001
2023-12-03,West Ham,Crystal Palace,1,1,D,1,0,H,9,9,3,2,2,3,2,0,0,0,PL,24_25,6,3,1.6,2.2,1.2,2.2,3,0.40000000000000013,0.0
2023-12-03,Lecce,Bologna,1,1,D,0,0,D,14,11,4,4,6,3,3,2,0,0,SA,23_24,3,10,1.2,1.6,1.4,0.8,-7,-0.19999999999999996,0.8
2023-12-03,Fiorentina,Salernitana,3,0,H,2,0,H,22,11,9,1,3,2,1,0,0,0,SA,23_24,3,5,0.4,1.2,1.2,1.6,-2,-0.7999999999999999,-0.40000000000000013
2023-12-03,Udinese,Verona,3,3,D,2,1,H,12,13,6,4,5,3,2,5,0,0,SA,23_24,6,1,1.0,1.2,0.8,2.0,5,0.19999999999999996,-0.8
2023-12-03,Sassuolo,Roma,1,2,A,1,0,H,8,15,2,7,1,11,4,1,1,0,SA,23_24,5,10,1.6,2.0,1.2,0.6,-5,0.40000000000000013,1.4
2023-12-03,Liverpool,Fulham,4,3,H,2,2,D,26,9,12,5,3,4,0,0,0,0,PL,24_25,11,4,2.0,0.4,1.0,1.8,7,1.0,-1.4
2023-12-03,Chelsea,Brighton,3,2,H,2,1,H,8,18,5,9,5,8,3,5,1,0,PL,24_25,5,6,2.2,2.6,1.4,1.4,-1,0.8000000000000003,1.2000000000000002
2023-12-03,Bournemouth,Aston Villa,2,2,D,1,1,D,15,11,7,3,7,7,5,3,0,0,PL,24_25,9,12,1.8,2.0,2.4,1.2,-3,-0.5999999999999999,0.8
2023-12-03,Mallorca,Alaves,0,0,D,0,0,D,7,7,3,4,5,4,4,2,0,0,LL,23_24,2,7,0.2,1.0,1.4,1.2,-5,-1.2,-0.19999999999999996
2023-12-03,Almeria,Betis,0,0,D,0,0,D,20,6,8,2,4,6,0,3,0,1,LL,23_24,0,11,1.0,2.6,1.4,0.6,-11,-0.3999999999999999,2.0
2023-12-03,Barcelona,Ath Madrid,1,0,H,1,0,H,13,9,2,4,7,2,5,4,0,0,LL,23_24,10,12,1.2,0.8,2.0,0.8,-2,-0.8,0.0
2023-12-03,Napoli,Inter,0,3,A,0,1,A,15,11,4,4,6,4,2,2,0,0,SA,23_24,10,13,1.8,1.0,1.8,0.4,-3,0.0,0.6
2023-12-03,Man City,Tottenham,3,3,D,2,1,H,18,8,4,4,10,8,4,4,0,0,PL,24_25,11,6,3.2,1.4,1.4,1.8,5,1.8000000000000003,-0.40000000000000013
2023-12-04,Celta,Cadiz,1,1,D,0,1,A,26,2,7,1,12,1,1,6,0,1,LL,23_24,2,2,0.8,1.8,0.6,1.8,0,0.20000000000000007,0.0
2023-12-04,Torino,Atalanta,3,0,H,1,0,H,9,10,5,4,4,3,2,2,0,0,SA,23_24,7,7,0.8,1.4,1.6,1.0,0,-0.8,0.3999999999999999
2023-12-05,Luton,Arsenal,3,4,A,1,2,A,6,23,4,9,3,8,2,1,0,0,PL,24_25,4,12,1.0,1.8,2.2,0.6,-8,-1.2000000000000002,1.2000000000000002
2023-12-05,Wolves,Burnley,1,0,H,1,0,H,7,12,4,3,6,8,2,4,0,0,PL,24_25,4,3,1.6,2.0,1.6,1.8,1,0.0,0.19999999999999996
2023-12-06,Brighton,Brentford,2,1,H,1,1,D,18,8,7,2,7,3,3,1,0,0,PL,24_25,6,9,1.6,1.6,1.6,1.4,-3,0.0,0.20000000000000018
2023-12-06,Aston Villa,Man City,1,0,H,0,0,D,22,2,7,2,6,0,2,2,0,0,PL,24_25,10,9,2.0,1.4,3.4,1.8,1,-1.4,-0.40000000000000013
2023-12-06,Sheffield United,Liverpool,0,2,A,0,1,A,6,15,1,8,2,12,2,3,0,0,PL,24_25,4,11,0.8,3.0,2.4,1.0,-7,-1.5999999999999999,2.0
2023-12-06,Crystal Palace,Bournemouth,0,2,A,0,1,A,16,11,3,4,3,9,1,3,0,0,PL,24_25,4,10,1.4,1.6,2.0,2.0,-6,-0.6000000000000001,-0.3999999999999999
2023-12-06,Man United,Chelsea,2,1,H,1,1,D,28,13,9,3,12,4,4,0,0,0,PL,24_25,9,7,1.0,0.8,2.4,2.6,2,-1.4,-1.8
2023-12-06,Fulham,Nott'm Forest,5,0,H,2,0,H,14,4,6,1,6,1,0,1,0,0,PL,24_25,4,3,1.6,2.2,1.2,2.0,1,0.40000000000000013,0.20000000000000018
2023-12-07,Tottenham,West Ham,1,2,A,1,0,H,23,11,7,5,8,4,3,3,0,0,PL,24_25,4,7,1.6,2.4,1.6,1.6,-3,0.0,0.7999999999999998
2023-12-07,Everton,Newcastle,3,0,H,0,0,D,21,13,6,3,5,2,3,0,0,0,PL,24_25,10,10,1.2,1.2,1.6,1.0,0,-0.40000000000000013,0.19999999999999996
2023-12-08,Juventus,Napoli,1,0,H,0,0,D,11,13,2,1,3,6,2,4,0,0,SA,23_24,13,7,1.4,0.6,1.2,1.4,6,0.19999999999999996,-0.7999999999999999
2023-12-08,Getafe,Valencia,1,0,H,0,0,D,8,3,6,0,7,0,2,4,1,2,LL,23_24,8,5,0.8,0.8,1.0,1.8,3,-0.19999999999999996,-1.0
2023-12-09,Wolves,Nott'm Forest,1,1,D,1,1,D,10,8,4,2,4,3,0,1,0,0,PL,24_25,6,3,1.4,1.6,1.2,2.4,3,0.19999999999999996,-0.7999999999999998
2023-12-09,Verona,Lazio,1,1,D,0,1,A,5,14,1,5,1,7,2,4,1,0,SA,23_24,2,7,1.2,2.0,0.6,0.6,-5,0.6,1.4
2023-12-09,Atalanta,Milan,3,2,H,1,1,D,19,14,7,4,6,4,1,5,0,1,SA,23_24,4,8,1.2,1.6,1.6,1.2,-4,-0.40000000000000013,0.40000000000000013
2023-12-09,Inter,Udinese,4,0,H,3,0,H,17,11,8,1,6,1,0,1,0,0,SA,23_24,13,6,1.8,0.4,1.4,1.6,7,0.40000000000000013,-1.2000000000000002
2023-12-09,Mallorca,Sevilla,1,0,H,1,0,H,6,19,3,5,4,12,2,2,0,0,LL,23_24,3,4,0.2,0.8,1.2,1.4,-1,-1.0,-0.5999999999999999
2023-12-09,Villarreal,Sociedad,0,3,A,0,3,A,20,16,4,5,5,3,2,1,0,0,LL,23_24,7,8,2.0,2.0,1.6,1.2,-1,0.3999999999999999,0.8
2023-12-09,Betis,Real Madrid,1,1,D,0,0,D,14,12,6,2,8,6,2,1,0,0,LL,23_24,11,13,1.2,0.4,2.4,0.4,-2,-1.2,0.0
2023-12-09,Alaves,Las Palmas,0,1,A,0,1,A,19,9,5,2,12,3,3,4,0,0,LL,23_24,7,10,1.2,1.0,1.4,0.8,-3,-0.19999999999999996,0.19999999999999996
2023-12-09,Crystal Palace,Liverpool,1,2,A,0,0,D,8,14,4,2,6,5,5,2,1,0,PL,24_25,4,11,1.2,1.6,2.2,1.0,-7,-1.0000000000000002,0.6000000000000001
2023-12-09,Brighton,Burnley,1,1,D,0,1,A,29,6,11,3,9,1,0,4,0,0,PL,24_25,8,3,1.8,1.6,1.4,1.6,5,0.40000000000000013,0.0
2023-12-09,Sheffield United,Brentford,1,0,H,1,0,H,9,10,4,4,3,4,5,1,0,0,PL,24_25,4,6,0.8,2.4,1.4,1.8,-2,-0.5999999999999999,0.5999999999999999
2023-12-09,Aston Villa,Arsenal,1,0,H,1,0,H,10,12,3,5,3,3,4,2,0,0,PL,24_25,10,12,1.6,1.2,2.0,1.2,-2,-0.3999999999999999,0.0
2023-12-09,Man United,Bournemouth,0,3,A,0,1,A,20,10,3,4,10,4,3,1,0,0,PL,24_25,12,10,1.4,0.4,2.0,1.8,2,-0.6000000000000001,-1.4
2023-12-10,Roma,Fiorentina,1,1,D,1,0,H,4,14,1,8,1,6,5,3,2,1,SA,23_24,10,6,1.4,0.8,1.0,0.8,4,0.3999999999999999,0.0
2023-12-10,Salernitana,Bologna,1,2,A,0,2,A,9,10,2,5,5,1,7,2,0,0,SA,23_24,4,8,0.8,1.8,1.2,0.8,-4,-0.3999999999999999,1.0
2023-12-10,Frosinone,Torino,0,0,D,0,0,D,11,16,5,3,3,8,3,3,0,0,SA,23_24,6,10,1.6,2.2,1.4,0.8,-4,0.20000000000000018,1.4000000000000001
2023-12-10,Monza,Genoa,1,0,H,0,0,D,6,16,3,1,2,3,1,2,0,0,SA,23_24,6,7,1.4,1.2,1.0,1.0,-1,0.3999999999999999,0.19999999999999996
2023-12-10,Tottenham,Newcastle,4,1,H,2,0,H,23,9,12,3,3,6,1,3,0,0,PL,24_25,1,9,1.4,2.6,1.2,1.2,-8,0.19999999999999996,1.4000000000000001
2023-12-10,Cadiz,Osasuna,1,1,D,1,0,H,12,13,5,5,2,4,1,2,0,0,LL,23_24,3,2,0.8,1.6,1.2,2.2,1,-0.3999999999999999,-0.6000000000000001
2023-12-10,Ath Madrid,Almeria,2,1,H,2,0,H,13,19,4,5,3,15,1,0,0,0,LL,23_24,9,1,1.4,1.0,0.6,1.6,8,0.7999999999999999,-0.6000000000000001
2023-12-10,Everton,Chelsea,2,0,H,0,0,D,9,16,5,4,4,8,2,2,0,0,PL,24_25,10,7,1.6,1.2,2.6,2.6,3,-1.0,-1.4000000000000001
2023-12-10,Fulham,West Ham,5,0,H,3,0,H,14,9,8,5,3,6,2,1,0,0,PL,24_25,6,10,2.4,2.0,2.0,1.6,-4,0.3999999999999999,0.3999999999999999
2023-12-10,Luton,Man City,1,2,A,1,0,H,4,18,2,6,6,3,2,1,0,0,PL,24_25,4,6,1.4,2.0,2.8,2.0,-2,-1.4,0.0
2023-12-10,Barcelona,Girona,2,4,A,1,2,A,31,15,11,7,8,3,1,2,0,0,LL,23_24,10,13,1.2,0.8,2.0,1.0,-3,-0.8,-0.19999999999999996
2023-12-11,Vallecano,Celta,0,0,D,0,0,D,17,4,4,2,8,1,3,0,0,0,LL,23_24,3,3,0.8,1.8,1.0,1.4,0,-0.19999999999999996,0.40000000000000013
2023-12-11,Granada,Ath Bilbao,1,1,D,0,1,A,7,19,4,4,1,8,0,2,0,0,LL,23_24,1,11,0.8,2.0,2.8,1.6,-10,-1.9999999999999998,0.3999999999999999
2023-12-11,Empoli,Lecce,1,1,D,0,0,D,18,14,6,5,8,3,2,2,0,0,SA,23_24,4,3,1.2,2.0,1.2,1.6,1,0.0,0.3999999999999999
2023-12-11,Cagliari,Sassuolo,2,1,H,0,1,A,18,8,6,4,10,4,1,7,0,1,SA,23_24,7,5,1.6,1.6,1.8,2.0,2,-0.19999999999999996,-0.3999999999999999
2023-12-15,Nott'm Forest,Tottenham,0,2,A,0,1,A,15,12,1,6,6,4,2,4,0,1,PL,24_25,1,4,1.0,2.6,2.0,2.0,-3,-1.0,0.6000000000000001
2023-12-15,Genoa,Juventus,1,1,D,0,1,A,11,11,3,4,6,8,2,3,0,0,SA,23_24,4,13,0.8,1.2,1.4,0.6,-9,-0.5999999999999999,0.6
2023-12-15,Osasuna,Vallecano,1,0,H,0,0,D,10,9,4,3,9,1,2,3,0,0,LL,23_24,3,3,1.2,2.0,0.4,1.4,0,0.7999999999999999,0.6000000000000001
2023-12-16,Lecce,Frosinone,2,1,H,1,1,D,18,11,6,5,5,4,1,4,0,0,SA,23_24,4,7,1.4,1.6,1.0,1.4,-3,0.3999999999999999,0.20000000000000018
2023-12-16,Napoli,Cagliari,2,1,H,0,0,D,21,9,5,3,5,3,5,3,0,0,SA,23_24,6,7,0.8,1.2,1.2,1.2,-1,-0.3999999999999999,0.0
2023-12-16,Torino,Empoli,1,0,H,1,0,H,10,7,3,2,6,4,4,2,0,0,SA,23_24,8,5,1.2,0.8,1.4,1.6,3,-0.19999999999999996,-0.8
2023-12-16,Celta,Granada,1,0,H,1,0,H,11,7,4,2,7,1,6,2,1,0,LL,23_24,4,2,1.0,1.2,0.6,1.6,2,0.4,-0.40000000000000013
2023-12-16,Chelsea,Sheffield United,2,0,H,0,0,D,15,6,6,1,7,6,1,3,0,0,PL,24_25,4,4,1.8,2.8,0.6,2.2,0,1.2000000000000002,0.5999999999999996
2023-12-16,Man City,Crystal Palace,2,2,D,1,0,H,19,5,9,2,6,1,1,1,0,0,PL,24_25,6,1,2.0,2.0,1.0,2.0,5,1.0,0.0
2023-12-16,Newcastle,Fulham,3,0,H,0,0,D,27,6,10,4,5,1,0,2,0,1,PL,24_25,6,9,1.2,2.0,3.4,1.8,-3,-2.2,0.19999999999999996
2023-12-16,Burnley,Everton,0,2,A,0,2,A,14,9,2,6,8,6,0,1,0,0,PL,24_25,4,12,1.6,1.4,1.8,1.0,-8,-0.19999999999999996,0.3999999999999999
2023-12-16,Ath Bilbao,Ath Madrid,2,0,H,0,0,D,16,7,7,3,3,7,0,1,0,0,LL,23_24,11,9,2.6,1.4,1.4,1.0,2,1.2000000000000002,0.3999999999999999
2023-12-16,Sevilla,Getafe,0,3,A,0,2,A,12,14,4,7,4,2,3,3,0,0,LL,23_24,3,10,0.8,1.2,1.0,0.8,-7,-0.19999999999999996,0.3999999999999999
2023-12-16,Valencia,Barcelona,1,1,D,0,0,D,11,16,4,8,4,6,1,2,0,0,LL,23_24,4,10,0.6,1.6,1.4,1.2,-6,-0.7999999999999999,0.40000000000000013
2023-12-17,Lazio,Inter,0,2,A,0,1,A,13,12,4,4,8,7,1,2,1,0,SA,23_24,5,13,0.6,0.8,2.4,0.4,-8,-1.7999999999999998,0.4
2023-12-17,Bologna,Roma,2,0,H,1,0,H,8,8,2,3,0,4,4,4,0,0,SA,23_24,10,11,1.4,0.8,1.6,0.8,-1,-0.20000000000000018,0.0
2023-12-17,Udinese,Sassuolo,2,2,D,1,0,H,9,21,7,7,1,13,3,1,1,0,SA,23_24,5,4,1.2,2.2,1.8,2.2,1,-0.6000000000000001,0.0
2023-12-17,Fiorentina,Verona,1,0,H,0,0,D,5,19,3,7,1,6,3,1,0,0,SA,23_24,7,3,1.2,0.8,1.4,2.0,4,-0.19999999999999996,-1.2
2023-12-17,Milan,Monza,3,0,H,2,0,H,17,21,9,4,4,5,1,2,0,0,SA,23_24,7,8,1.6,1.4,1.4,1.0,-1,0.20000000000000018,0.3999999999999999
2023-12-17,Sociedad,Betis,0,0,D,0,0,D,12,12,4,3,3,7,3,4,0,0,LL,23_24,10,9,1.8,0.8,1.0,0.4,1,0.8,0.4
2023-12-17,Las Palmas,Cadiz,1,1,D,1,0,H,7,13,2,5,4,6,1,3,0,0,LL,23_24,10,3,1.2,0.6,0.6,1.4,7,0.6,-0.7999999999999999
2023-12-17,Real Madrid,Villarreal,4,1,H,2,0,H,22,3,9,1,11,0,2,3,0,0,LL,23_24,11,4,2.2,0.4,1.4,2.2,7,0.8000000000000003,-1.8000000000000003
2023-12-17,Almeria,Mallorca,0,0,D,0,0,D,7,20,1,2,4,4,2,1,0,0,LL,23_24,1,5,0.6,1.6,0.4,0.8,-4,0.19999999999999996,0.8
2023-12-17,Liverpool,Man United,0,0,D,0,0,D,34,6,8,1,12,0,2,4,0,1,PL,24_25,13,9,2.4,1.0,1.2,1.0,4,1.2,0.0
2023-12-17,Arsenal,Brighton,2,0,H,0,0,D,26,6,9,1,10,1,1,3,0,0,PL,24_25,12,8,2.0,1.2,1.8,1.6,4,0.19999999999999996,-0.40000000000000013
2023-12-17,Brentford,Aston Villa,1,2,A,1,0,H,4,15,3,5,7,12,6,4,1,1,PL,24_25,3,13,0.8,1.6,1.8,0.8,-10,-1.0,0.8
2023-12-17,West Ham,Wolves,3,0,H,2,0,H,13,14,4,3,6,6,3,1,0,0,PL,24_25,10,7,1.6,2.0,1.4,1.4,3,0.20000000000000018,0.6000000000000001
2023-12-18,Atalanta,Salernitana,4,1,H,0,1,A,20,10,11,3,10,7,1,2,0,0,SA,23_24,4,4,1.2,2.0,1.0,2.0,0,0.19999999999999996,0.0
2023-12-18,Girona,Alaves,3,0,H,2,0,H,9,12,4,2,3,2,0,1,0,0,LL,23_24,13,7,2.6,1.4,1.0,0.8,6,1.6,0.5999999999999999
2023-12-19,Granada,Sevilla,0,3,A,0,2,A,12,12,3,5,6,4,2,1,0,0,LL,23_24,2,2,0.6,1.6,0.6,1.6,0,0.0,0.0
2023-12-19,Vallecano,Valencia,0,1,A,0,0,D,7,8,1,3,8,1,1,5,0,1,LL,23_24,2,2,0.4,1.6,0.6,1.8,0,-0.19999999999999996,-0.19999999999999996
2023-12-19,Ath Madrid,Getafe,3,3,D,1,0,H,8,29,4,9,1,12,3,3,1,0,LL,23_24,9,10,1.2,1.0,1.4,0.8,-1,-0.19999999999999996,0.19999999999999996
2023-12-20,Ath Bilbao,Las Palmas,1,0,H,0,0,D,19,5,10,1,5,2,1,3,0,0,LL,23_24,11,8,2.4,1.0,1.0,0.6,3,1.4,0.4
2023-12-20,Barcelona,Almeria,3,2,H,1,1,D,30,10,11,5,12,0,3,3,0,0,LL,23_24,8,2,1.4,1.4,0.6,1.4,6,0.7999999999999999,0.0
2023-12-20,Villarreal,Celta,3,2,H,2,0,H,12,15,8,5,4,7,2,4,0,0,LL,23_24,4,6,1.2,2.4,1.0,1.0,-2,0.19999999999999996,1.4
2023-12-21,Crystal Palace,Brighton,1,1,D,1,0,H,11,18,3,6,3,1,5,2,0,0,PL,24_25,2,7,1.0,1.8,1.6,1.8,-5,-0.6000000000000001,0.0
2023-12-21,Cadiz,Sociedad,0,0,D,0,0,D,10,8,2,1,7,5,3,1,0,0,LL,23_24,4,11,0.8,1.4,1.8,0.6,-7,-1.0,0.7999999999999999
2023-12-21,Mallorca,Osasuna,3,2,H,1,1,D,15,12,8,7,6,0,3,1,0,0,LL,23_24,6,6,0.4,0.4,1.0,1.2,0,-0.6,-0.7999999999999999
2023-12-21,Betis,Girona,1,1,D,0,1,A,21,12,4,4,7,6,2,2,0,0,LL,23_24,7,13,0.6,0.4,2.4,1.0,-6,-1.7999999999999998,-0.6
2023-12-21,Alaves,Real Madrid,0,1,A,0,0,D,8,9,2,4,3,3,3,1,0,1,LL,23_24,4,13,0.8,1.4,3.0,0.6,-9,-2.2,0.7999999999999999
2023-12-22,Aston Villa,Sheffield United,1,1,D,0,0,D,12,5,4,2,9,1,3,3,0,0,PL,24_25,13,3,1.6,0.8,0.4,2.4,10,1.2000000000000002,-1.5999999999999999
2023-12-22,Empoli,Lazio,0,2,A,0,1,A,21,14,7,7,8,9,3,2,0,0,SA,23_24,5,5,1.2,1.4,0.6,1.0,0,0.6,0.3999999999999999
2023-12-22,Sassuolo,Genoa,1,2,A,1,0,H,12,14,3,5,3,6,2,1,0,0,SA,23_24,5,5,2.0,2.2,0.8,1.0,0,1.2,1.2000000000000002
2023-12-22,Monza,Fiorentina,0,1,A,0,1,A,7,14,2,5,1,4,3,4,0,0,SA,23_24,5,10,0.8,1.4,1.4,0.6,-5,-0.5999999999999999,0.7999999999999999
2023-12-22,Salernitana,Milan,2,2,D,1,1,D,19,21,7,9,6,6,3,1,1,0,SA,23_24,4,10,1.2,2.4,2.2,1.2,-6,-1.0000000000000002,1.2
2023-12-23,Frosinone,Juventus,1,2,A,0,1,A,10,13,3,3,8,8,0,2,0,0,SA,23_24,4,11,0.8,1.6,1.4,0.8,-7,-0.5999999999999999,0.8
2023-12-23,Bologna,Atalanta,1,0,H,0,0,D,9,12,1,2,2,3,2,4,0,0,SA,23_24,10,7,1.6,0.8,1.8,1.8,3,-0.19999999999999996,-1.0
2023-12-23,Inter,Lecce,2,0,H,1,0,H,20,11,8,5,16,2,1,3,0,1,SA,23_24,13,7,2.4,0.2,1.6,1.4,6,0.7999999999999998,-1.2
2023-12-23,Ath Madrid,Sevilla,1,0,H,0,0,D,12,8,4,2,6,5,7,3,1,0,LL,23_24,7,4,1.2,1.4,1.0,1.4,3,0.19999999999999996,0.0
2023-12-23,Liverpool,Arsenal,1,1,D,1,1,D,13,13,3,2,4,5,2,5,0,0,PL,24_25,11,12,1.8,1.0,1.8,1.0,-1,0.0,0.0
2023-12-23,Tottenham,Everton,2,1,H,2,0,H,13,18,6,8,3,8,1,4,0,0,PL,24_25,7,12,2.2,1.6,1.6,0.6,-5,0.6000000000000001,1.0
2023-12-23,Nott'm Forest,Bournemouth,2,3,A,0,0,D,11,18,5,7,6,6,0,3,1,0,PL,24_25,1,13,0.6,2.4,2.4,0.6,-12,-1.7999999999999998,1.7999999999999998
2023-12-23,Luton,Newcastle,1,0,H,1,0,H,16,15,5,2,6,7,2,1,0,0,PL,24_25,3,9,1.4,2.2,1.8,1.6,-6,-0.40000000000000013,0.6000000000000001
2023-12-23,Roma,Napoli,2,0,H,0,0,D,17,7,4,2,4,0,7,4,0,2,SA,23_24,8,6,1.2,1.0,0.8,1.4,2,0.3999999999999999,-0.3999999999999999
2023-12-23,West Ham,Man United,2,0,H,0,0,D,12,11,5,3,4,4,2,3,0,0,PL,24_25,10,7,1.6,1.6,1.0,1.0,3,0.6000000000000001,0.6000000000000001
2023-12-23,Torino,Udinese,1,1,D,0,0,D,14,10,4,4,8,2,2,2,0,0,SA,23_24,8,3,1.0,0.6,1.4,2.6,5,-0.3999999999999999,-2.0
2023-12-23,Verona,Cagliari,2,0,H,0,0,D,13,12,5,3,11,7,3,4,0,1,SA,23_24,3,4,1.2,1.6,1.0,1.4,-1,0.19999999999999996,0.20000000000000018
2023-12-23,Fulham,Burnley,0,2,A,0,0,D,19,7,5,2,8,6,2,1,0,0,PL,24_25,9,4,3.2,1.8,1.4,1.2,5,1.8000000000000003,0.6000000000000001
2023-12-24,Wolves,Chelsea,2,1,H,0,0,D,14,16,6,5,10,6,3,5,0,0,PL,24_25,4,6,1.0,1.8,1.4,2.0,-2,-0.3999999999999999,-0.19999999999999996
2023-12-26,Newcastle,Nott'm Forest,1,3,A,1,1,D,19,15,7,6,10,2,3,3,0,0,PL,24_25,6,1,1.0,1.6,0.6,2.4,5,0.4,-0.7999999999999998
2023-12-26,Bournemouth,Fulham,3,0,H,1,0,H,16,8,4,3,6,5,0,2,0,0,PL,24_25,13,6,2.6,1.0,2.6,1.8,7,0.0,-0.8
2023-12-26,Sheffield United,Luton,2,3,A,0,1,A,21,12,6,4,9,4,5,0,0,0,PL,24_25,4,6,0.4,2.0,1.6,2.0,-2,-1.2000000000000002,0.0
2023-12-26,Burnley,Liverpool,0,2,A,0,1,A,9,19,0,10,4,4,2,1,0,0,PL,24_25,7,11,1.6,0.8,1.8,1.0,-4,-0.19999999999999996,-0.19999999999999996
2023-12-26,Man United,Aston Villa,3,2,H,0,2,A,13,10,7,4,3,6,1,3,0,0,PL,24_25,4,11,0.4,1.4,1.4,0.8,-7,-0.9999999999999999,0.5999999999999999
2023-12-27,Brentford,Wolves,1,4,A,1,3,A,14,11,4,5,8,2,1,1,0,0,PL,24_25,3,7,1.0,1.4,1.0,1.4,-4,0.0,0.0
2023-12-27,Chelsea,Crystal Palace,2,1,H,1,1,D,9,13,4,5,4,3,3,2,0,0,PL,24_25,6,3,1.4,1.6,1.0,1.6,3,0.3999999999999999,0.0
2023-12-27,Everton,Man City,1,3,A,1,0,H,7,23,2,9,8,4,4,2,0,0,PL,24_25,12,6,1.8,0.4,1.6,1.6,6,0.19999999999999996,-1.2000000000000002
2023-12-28,Arsenal,West Ham,0,2,A,0,1,A,30,6,8,3,10,3,2,0,0,0,PL,24_25,10,10,1.8,1.2,1.6,1.4,0,0.19999999999999996,-0.19999999999999996
2023-12-28,Brighton,Tottenham,4,2,H,2,0,H,15,19,9,3,7,6,3,2,0,0,PL,24_25,5,10,1.2,1.6,2.4,1.4,-5,-1.2,0.20000000000000018
2023-12-29,Fiorentina,Torino,1,0,H,0,0,D,12,6,3,3,4,2,4,2,0,0,SA,23_24,10,8,1.2,0.4,1.0,0.6,2,0.19999999999999996,-0.19999999999999996
2023-12-29,Napoli,Monza,0,0,D,0,0,D,25,8,9,3,10,1,4,4,0,0,SA,23_24,6,4,0.8,1.6,0.6,1.4,2,0.20000000000000007,0.20000000000000018
2023-12-29,Genoa,Inter,1,1,D,1,1,D,13,16,4,6,8,2,2,2,0,0,SA,23_24,5,13,1.0,1.2,2.4,0.2,-8,-1.4,1.0
2023-12-29,Lazio,Frosinone,3,1,H,0,0,D,13,11,5,2,6,2,3,2,0,0,SA,23_24,7,4,1.0,1.0,1.0,1.6,3,0.0,-0.6000000000000001
2023-12-30,Juventus,Roma,1,0,H,0,0,D,13,11,4,2,2,2,1,1,0,0,SA,23_24,11,10,1.4,0.8,1.6,1.0,1,-0.20000000000000018,-0.19999999999999996
2023-12-30,Man City,Sheffield United,2,0,H,1,0,H,18,4,4,2,12,2,1,1,0,0,PL,24_25,8,4,2.0,1.6,0.8,1.6,4,1.2,0.0
2023-12-30,Wolves,Everton,3,0,H,1,0,H,12,10,6,0,5,2,2,3,0,0,PL,24_25,10,9,1.6,1.2,1.8,1.0,1,-0.19999999999999996,0.19999999999999996
2023-12-30,Nott'm Forest,Man United,2,1,H,0,0,D,8,10,2,5,4,5,2,4,0,0,PL,24_25,4,7,1.2,2.4,1.0,1.6,-3,0.19999999999999996,0.7999999999999998
2023-12-30,Verona,Salernitana,0,1,A,0,0,D,11,9,0,3,7,6,2,2,0,0,SA,23_24,6,4,1.6,1.4,1.2,2.4,2,0.40000000000000013,-1.0
2023-12-30,Udinese,Bologna,3,0,H,1,0,H,15,14,7,5,7,7,2,5,0,0,SA,23_24,3,13,1.4,2.6,1.6,0.4,-10,-0.20000000000000018,2.2
2023-12-30,Crystal Palace,Brentford,3,1,H,2,1,H,13,9,6,4,7,4,0,1,0,0,PL,24_25,2,3,1.0,1.8,1.2,2.0,-1,-0.19999999999999996,-0.19999999999999996
2023-12-30,Cagliari,Empoli,0,0,D,0,0,D,15,5,3,1,8,6,1,3,0,0,SA,23_24,4,2,0.8,1.4,1.0,1.8,2,-0.19999999999999996,-0.40000000000000013
2023-12-30,Atalanta,Lecce,1,0,H,0,0,D,17,15,4,2,5,6,2,2,0,0,SA,23_24,6,6,1.6,1.8,1.2,1.4,0,0.40000000000000013,0.40000000000000013
2023-12-30,Luton,Chelsea,2,3,A,0,2,A,15,12,6,8,7,2,2,2,0,0,PL,24_25,6,6,1.8,2.2,1.2,1.4,0,0.6000000000000001,0.8000000000000003
2023-12-30,Milan,Sassuolo,1,0,H,0,0,D,20,12,2,6,6,5,0,1,0,0,SA,23_24,10,4,2.2,1.2,1.8,2.2,6,0.40000000000000013,-1.0000000000000002
2023-12-30,Aston Villa,Burnley,3,2,H,2,1,H,19,9,7,5,6,2,4,1,0,1,PL,24_25,10,4,1.4,1.0,0.6,1.2,6,0.7999999999999999,-0.19999999999999996
2023-12-31,Tottenham,Bournemouth,3,1,H,1,0,H,12,24,6,4,4,13,3,3,0,0,PL,24_25,9,13,2.2,1.6,2.6,0.8,-4,-0.3999999999999999,0.8
2023-12-31,Fulham,Arsenal,2,1,H,1,1,D,15,13,4,3,5,4,4,1,0,0,PL,24_25,6,7,2.0,1.6,1.4,1.4,-1,0.6000000000000001,0.20000000000000018
2024-01-01,Liverpool,Newcastle,4,2,H,0,0,D,34,5,15,3,7,3,3,5,0,0,PL,24_25,11,3,1.4,0.4,1.0,2.2,8,0.3999999999999999,-1.8000000000000003
2024-01-02,Sociedad,Alaves,1,1,D,0,0,D,16,7,6,2,6,4,4,4,1,0,LL,23_24,9,4,1.2,0.4,0.6,1.2,5,0.6,-0.7999999999999999
2024-01-02,West Ham,Brighton,0,0,D,0,0,D,6,22,2,8,2,0,1,0,0,0,PL,24_25,12,8,1.8,1.2,1.6,1.4,4,0.19999999999999996,-0.19999999999999996
2024-01-02,Valencia,Villarreal,3,1,H,2,0,H,11,8,8,4,4,3,2,5,0,0,LL,23_24,5,7,0.6,0.8,1.6,2.2,-2,-1.0,-1.4000000000000001
2024-01-02,Getafe,Vallecano,0,2,A,0,1,A,5,12,0,8,2,3,6,3,2,0,LL,23_24,10,2,1.8,1.2,0.2,1.4,8,1.6,-0.19999999999999996
2024-01-03,Granada,Cadiz,2,0,H,1,0,H,15,15,8,2,5,6,3,4,0,1,LL,23_24,1,5,0.4,2.0,0.8,0.8,-4,-0.4,1.2
2024-01-03,Celta,Betis,2,1,H,1,1,D,19,14,6,3,8,7,0,2,0,0,LL,23_24,6,7,0.8,0.8,0.6,0.4,-1,0.20000000000000007,0.4
2024-01-03,Real Madrid,Mallorca,1,0,H,0,0,D,17,7,5,0,5,4,2,3,0,0,LL,23_24,13,9,2.2,0.4,1.0,0.6,4,1.2000000000000002,-0.19999999999999996
2024-01-03,Girona,Ath Madrid,4,3,H,3,2,H,17,18,9,12,7,8,0,1,0,0,LL,23_24,11,7,2.2,1.0,1.2,1.4,4,1.0000000000000002,-0.3999999999999999
2024-01-04,Las Palmas,Barcelona,1,2,A,1,0,H,12,15,3,5,5,10,5,2,1,0,LL,23_24,7,8,0.8,0.6,1.6,1.6,-1,-0.8,-1.0
2024-01-04,Sevilla,Ath Bilbao,0,2,A,0,1,A,11,15,2,6,5,4,3,1,0,0,LL,23_24,4,11,0.8,1.2,1.8,0.4,-7,-1.0,0.7999999999999999
2024-01-04,Osasuna,Almeria,1,0,H,1,0,H,14,4,2,0,5,4,1,2,0,0,LL,23_24,5,2,1.2,1.6,0.8,1.4,3,0.3999999999999999,0.20000000000000018
2024-01-05,Bologna,Genoa,1,1,D,0,1,A,21,3,8,1,11,2,3,3,0,0,SA,23_24,10,6,1.2,1.0,1.0,1.0,4,0.19999999999999996,0.0
2024-01-06,Sassuolo,Fiorentina,1,0,H,1,0,H,7,9,1,3,1,8,3,2,0,0,SA,23_24,1,13,1.0,1.8,1.4,0.2,-12,-0.3999999999999999,1.6
2024-01-06,Lecce,Cagliari,1,1,D,1,0,H,15,14,2,2,7,6,1,1,0,0,SA,23_24,5,4,0.8,1.2,0.6,1.2,1,0.20000000000000007,0.0
2024-01-06,Frosinone,Monza,2,3,A,0,2,A,10,7,5,2,5,1,3,5,0,0,SA,23_24,1,4,0.8,2.0,0.4,1.2,-3,0.4,0.8
2024-01-06,Inter,Verona,2,1,H,1,0,H,15,8,6,3,7,0,0,2,0,1,SA,23_24,13,5,2.4,0.2,1.2,1.2,8,1.2,-1.0
2024-01-07,Salernitana,Juventus,1,2,A,1,0,H,8,18,3,3,2,8,3,5,1,0,SA,23_24,4,13,1.0,2.2,1.4,0.6,-9,-0.3999999999999999,1.6
2024-01-07,Empoli,Milan,0,3,A,0,2,A,17,13,2,6,6,6,1,2,0,0,SA,23_24,3,10,0.4,1.0,2.2,1.2,-7,-1.8000000000000003,-0.19999999999999996
2024-01-07,Udinese,Lazio,1,2,A,0,1,A,13,7,2,2,4,4,5,3,0,0,SA,23_24,6,10,1.8,2.0,1.4,0.8,-4,0.40000000000000013,1.2
2024-01-07,Roma,Atalanta,1,1,D,1,1,D,16,8,6,2,6,5,1,6,0,0,SA,23_24,7,9,1.0,1.0,1.6,1.4,-2,-0.6000000000000001,-0.3999999999999999
2024-01-07,Torino,Napoli,3,0,H,1,0,H,10,10,6,3,2,5,0,2,0,1,SA,23_24,8,4,1.0,0.4,0.4,1.4,4,0.6,-0.9999999999999999
2024-01-12,Sevilla,Alaves,2,3,A,0,2,A,19,16,4,8,5,4,4,3,0,0,LL,23_24,3,2,0.6,1.4,0.2,1.2,1,0.39999999999999997,0.19999999999999996
2024-01-12,Burnley,Luton,1,1,D,1,0,H,13,14,7,5,2,8,1,0,0,0,PL,24_25,4,6,1.0,1.6,2.0,2.2,-2,-1.0,-0.6000000000000001
2024-01-13,Verona,Empoli,2,1,H,1,0,H,12,14,7,1,5,9,4,3,1,0,SA,23_24,4,2,0.8,1.0,0.2,1.4,2,0.6000000000000001,-0.3999999999999999
2024-01-13,Betis,Granada,1,0,H,0,0,D,25,6,6,2,13,1,3,4,0,0,LL,23_24,4,4,0.6,0.8,0.6,1.4,0,0.0,-0.5999999999999999
2024-01-13,Ath Bilbao,Sociedad,2,1,H,2,0,H,10,9,3,1,5,5,1,4,0,0,LL,23_24,13,7,2.0,0.2,1.0,0.4,6,1.0,-0.2
2024-01-13,Mallorca,Celta,1,1,D,1,1,D,17,6,6,2,10,1,4,1,0,0,LL,23_24,8,8,0.8,0.6,1.2,1.0,0,-0.3999999999999999,-0.4
2024-01-13,Chelsea,Fulham,1,0,H,1,0,H,17,14,3,4,6,4,5,1,0,0,PL,24_25,9,6,1.6,1.4,1.4,1.8,3,0.20000000000000018,-0.40000000000000013
2024-01-13,Las Palmas,Villarreal,3,0,H,1,0,H,8,17,3,3,4,6,4,3,0,0,LL,23_24,7,4,1.0,0.8,1.2,2.6,3,-0.19999999999999996,-1.8
2024-01-13,Genoa,Torino,0,0,D,0,0,D,11,6,6,0,8,4,3,2,0,0,SA,23_24,6,8,1.0,1.0,1.0,0.4,-2,0.0,0.6
2024-01-13,Napoli,Salernitana,2,1,H,1,1,D,20,6,7,2,8,3,3,2,0,0,SA,23_24,4,4,0.4,1.4,1.2,2.0,0,-0.7999999999999999,-0.6000000000000001
2024-01-13,Newcastle,Man City,2,3,A,2,1,H,12,27,5,11,3,13,1,2,0,0,PL,24_25,3,10,1.4,2.4,1.8,1.0,-7,-0.40000000000000013,1.4
2024-01-13,Monza,Inter,1,5,A,0,2,A,9,20,2,7,4,5,2,2,0,0,SA,23_24,7,13,0.8,1.2,2.2,0.4,-6,-1.4000000000000001,0.7999999999999999
2024-01-14,Everton,Aston Villa,0,0,D,0,0,D,10,16,2,5,4,5,1,4,0,0,PL,24_25,6,10,1.2,1.6,1.8,1.4,-4,-0.6000000000000001,0.20000000000000018
2024-01-14,Cagliari,Bologna,2,1,H,1,1,D,4,11,2,4,2,5,3,2,0,0,SA,23_24,5,10,0.8,1.2,1.2,1.0,-5,-0.3999999999999999,0.19999999999999996
2024-01-14,Fiorentina,Udinese,2,2,D,0,1,A,10,12,3,6,4,4,1,1,0,0,SA,23_24,10,5,0.8,0.4,1.4,1.8,5,-0.5999999999999999,-1.4
2024-01-14,Milan,Roma,3,1,H,1,0,H,17,12,5,5,2,5,2,3,0,0,SA,23_24,10,5,2.2,1.0,0.8,1.0,5,1.4000000000000001,0.0
2024-01-14,Cadiz,Valencia,1,4,A,1,1,D,10,9,2,5,3,1,4,2,0,0,LL,23_24,4,7,0.6,1.0,1.2,1.0,-3,-0.6,0.0
2024-01-14,Man United,Tottenham,2,2,D,2,1,H,9,16,2,6,8,13,2,1,0,0,PL,24_25,4,12,0.8,1.8,2.6,1.4,-8,-1.8,0.40000000000000013
2024-01-14,Lazio,Lecce,1,0,H,0,0,D,8,11,2,3,2,5,4,4,0,0,SA,23_24,10,5,1.6,1.0,0.8,1.2,5,0.8,-0.19999999999999996
2024-01-14,Almeria,Girona,0,0,D,0,0,D,20,5,3,1,4,3,4,4,0,1,LL,23_24,2,13,0.6,1.2,2.8,1.4,-11,-2.1999999999999997,-0.19999999999999996
2024-01-15,Atalanta,Frosinone,5,0,H,3,0,H,21,8,9,5,8,2,0,1,0,0,SA,23_24,10,1,1.8,1.0,1.0,2.0,9,0.8,-1.0
2024-01-16,Juventus,Sassuolo,3,0,H,2,0,H,12,8,5,4,5,2,0,2,0,0,SA,23_24,13,4,1.4,0.6,1.0,1.4,9,0.3999999999999999,-0.7999999999999999
2024-01-19,Alaves,Cadiz,1,0,H,0,0,D,13,9,3,1,4,4,0,4,0,0,LL,23_24,4,3,0.8,1.6,0.6,1.6,1,0.20000000000000007,0.0
2024-01-20,Celta,Sociedad,0,1,A,0,1,A,6,6,2,2,6,3,1,2,0,0,LL,23_24,8,6,1.2,1.0,1.0,0.6,2,0.19999999999999996,0.4
2024-01-20,Villarreal,Mallorca,1,1,D,1,0,H,18,8,5,2,4,6,2,2,1,0,LL,23_24,3,8,1.0,3.0,1.0,0.8,-5,0.0,2.2
2024-01-20,Valencia,Ath Bilbao,1,0,H,0,0,D,6,6,1,3,4,2,0,3,0,0,LL,23_24,10,13,1.8,0.8,1.6,0.4,-3,0.19999999999999996,0.4
2024-01-20,Vallecano,Las Palmas,0,2,A,0,1,A,16,10,3,5,12,0,3,1,1,0,LL,23_24,4,7,0.4,1.2,1.2,0.8,-3,-0.7999999999999999,0.3999999999999999
2024-01-20,Brentford,Nott'm Forest,3,2,H,1,1,D,11,12,5,3,6,4,1,3,0,0,PL,24_25,0,7,0.8,2.4,1.6,1.6,-7,-0.8,0.7999999999999998
2024-01-20,Arsenal,Crystal Palace,5,0,H,2,0,H,21,12,6,5,6,7,0,0,0,0,PL,24_25,4,5,0.8,1.2,1.6,1.6,-1,-0.8,-0.40000000000000013
2024-01-20,Udinese,Milan,2,3,A,1,1,D,11,15,6,7,5,7,6,1,0,0,SA,23_24,6,13,1.8,1.4,2.4,0.6,-7,-0.5999999999999999,0.7999999999999999
2024-01-20,Roma,Verona,2,1,H,2,0,H,9,12,2,3,1,2,2,2,0,0,SA,23_24,4,6,0.8,1.4,1.0,1.0,-2,-0.19999999999999996,0.3999999999999999
2024-01-21,Lecce,Juventus,0,3,A,0,0,D,12,15,3,8,5,5,1,1,0,0,SA,23_24,4,13,0.6,1.2,1.8,0.6,-9,-1.2000000000000002,0.6
2024-01-21,Salernitana,Genoa,1,2,A,1,1,D,11,5,2,5,5,5,0,5,0,0,SA,23_24,4,7,1.2,2.0,1.0,0.8,-3,0.19999999999999996,1.2
2024-01-21,Bournemouth,Liverpool,0,4,A,0,0,D,11,14,1,7,8,5,1,2,0,0,PL,24_25,12,11,2.4,1.0,1.8,0.8,1,0.5999999999999999,0.19999999999999996
2024-01-21,Sheffield United,West Ham,2,2,D,1,1,D,21,16,6,5,4,1,3,1,1,1,PL,24_25,4,10,0.8,1.6,1.4,1.0,-6,-0.5999999999999999,0.6000000000000001
2024-01-21,Frosinone,Cagliari,3,1,H,0,1,A,17,9,7,4,8,4,3,5,0,0,SA,23_24,0,5,1.0,3.0,0.8,1.2,-5,0.19999999999999996,1.8
2024-01-21,Empoli,Monza,3,0,H,2,0,H,9,15,5,5,1,7,1,3,0,0,SA,23_24,1,4,0.2,1.6,0.8,2.2,-3,-0.6000000000000001,-0.6000000000000001
2024-01-21,Betis,Barcelona,2,4,A,0,1,A,14,11,5,4,3,4,1,2,0,0,LL,23_24,6,10,0.8,0.8,1.8,1.6,-4,-1.0,-0.8
2024-01-21,Girona,Sevilla,5,1,H,3,1,H,12,9,8,3,4,5,0,2,0,0,LL,23_24,11,3,2.4,1.2,1.0,1.8,8,1.4,-0.6000000000000001
2024-01-21,Real Madrid,Almeria,3,2,H,0,2,A,18,10,6,2,6,3,3,5,0,0,LL,23_24,13,2,1.8,0.4,0.6,1.2,11,1.2000000000000002,-0.7999999999999999
2024-01-21,Osasuna,Getafe,3,2,H,2,0,H,13,10,7,7,1,4,4,4,0,0,LL,23_24,8,7,1.2,1.0,1.4,1.4,1,-0.19999999999999996,-0.3999999999999999
2024-01-22,Granada,Ath Madrid,0,1,A,0,0,D,17,10,2,5,6,2,2,2,1,0,LL,23_24,4,7,0.6,1.2,1.8,2.0,-3,-1.2000000000000002,-0.8
2024-01-22,Brighton,Wolves,0,0,D,0,0,D,11,8,4,3,8,2,1,4,0,0,PL,24_25,6,10,1.2,1.2,2.0,1.2,-4,-0.8,0.0
2024-01-26,Almeria,Alaves,0,3,A,0,1,A,19,11,7,3,11,3,1,2,0,0,LL,23_24,2,7,0.8,1.4,1.0,1.4,-5,-0.19999999999999996,0.0
2024-01-26,Cagliari,Torino,1,2,A,0,2,A,25,16,10,6,8,2,2,4,0,0,SA,23_24,5,8,0.8,1.4,1.0,0.4,-3,-0.19999999999999996,0.9999999999999999
2024-01-27,Milan,Bologna,2,2,D,1,1,D,14,15,4,4,4,1,5,3,0,0,SA,23_24,13,7,2.4,1.0,1.0,1.2,6,1.4,-0.19999999999999996
2024-01-27,Juventus,Empoli,1,1,D,0,0,D,9,16,3,5,6,7,1,1,1,0,SA,23_24,15,4,2.2,0.4,0.8,1.4,11,1.4000000000000001,-0.9999999999999999
2024-01-27,Atalanta,Udinese,2,0,H,2,0,H,14,13,11,5,4,4,2,1,0,0,SA,23_24,10,5,2.2,0.6,1.8,1.6,5,0.40000000000000013,-1.0
2024-01-27,Barcelona,Villarreal,3,5,A,0,1,A,22,9,10,6,10,0,3,4,0,0,LL,23_24,10,4,2.4,2.0,1.2,2.6,6,1.2,-0.6000000000000001
2024-01-27,Sociedad,Vallecano,0,0,D,0,0,D,6,5,3,0,2,2,2,4,0,0,LL,23_24,6,4,0.6,0.6,0.4,0.8,2,0.19999999999999996,-0.20000000000000007
2024-01-27,Las Palmas,Real Madrid,1,2,A,0,0,D,7,13,2,5,1,6,3,3,0,0,LL,23_24,7,13,1.4,0.8,2.0,0.8,-6,-0.6000000000000001,0.0
2024-01-27,Mallorca,Betis,0,1,A,0,1,A,14,8,1,2,5,4,2,1,0,0,LL,23_24,6,5,1.0,1.0,1.0,1.4,1,0.0,-0.3999999999999999
2024-01-28,Monza,Sassuolo,1,0,H,1,0,H,12,14,1,3,4,5,1,3,0,0,SA,23_24,4,4,0.8,2.2,0.8,1.6,0,0.0,0.6000000000000001
2024-01-28,Genoa,Lecce,2,1,H,0,1,A,19,19,7,5,3,8,0,2,0,0,SA,23_24,9,1,1.2,0.8,0.2,1.6,8,1.0,-0.8
2024-01-28,Verona,Frosinone,1,1,D,1,0,H,15,11,5,6,1,9,2,2,0,0,SA,23_24,6,3,1.2,1.2,1.4,2.8,3,-0.19999999999999996,-1.5999999999999999
2024-01-28,Cadiz,Ath Bilbao,0,0,D,0,0,D,9,8,2,0,6,8,4,2,0,0,LL,23_24,2,12,0.4,1.6,1.4,0.4,-10,-0.9999999999999999,1.2000000000000002
2024-01-28,Fiorentina,Inter,0,1,A,0,1,A,14,8,4,4,7,6,2,3,0,0,SA,23_24,10,13,1.0,0.6,2.4,0.6,-3,-1.4,0.0
2024-01-28,Ath Madrid,Valencia,2,0,H,1,0,H,12,10,8,3,3,6,2,0,0,0,LL,23_24,7,13,1.6,1.8,2.0,0.6,-6,-0.3999999999999999,1.2000000000000002
2024-01-28,Sevilla,Osasuna,1,1,D,1,0,H,10,11,5,4,2,4,3,0,1,0,LL,23_24,3,10,1.2,2.2,1.6,1.2,-7,-0.40000000000000013,1.0000000000000002
2024-01-28,Celta,Girona,0,1,A,0,1,A,10,15,5,6,5,7,1,1,0,0,LL,23_24,7,11,1.2,1.2,2.6,1.0,-4,-1.4000000000000001,0.19999999999999996
2024-01-28,Lazio,Napoli,0,0,D,0,0,D,10,5,1,0,4,3,3,2,0,0,SA,23_24,12,7,1.6,0.8,0.8,1.4,5,0.8,-0.5999999999999999
2024-01-29,Salernitana,Roma,1,2,A,0,0,D,15,5,7,2,5,1,2,3,0,0,SA,23_24,4,7,1.2,1.6,1.2,1.2,-3,0.0,0.40000000000000013
2024-01-29,Getafe,Granada,2,0,H,2,0,H,7,16,4,3,4,3,2,1,0,0,LL,23_24,7,3,1.8,1.6,0.4,1.2,4,1.4,0.40000000000000013
2024-01-30,Aston Villa,Newcastle,1,3,A,0,2,A,12,14,6,5,8,7,4,1,0,0,PL,24_25,8,3,1.6,1.4,1.6,2.2,5,0.0,-0.8000000000000003
2024-01-30,Crystal Palace,Sheffield United,3,2,H,2,2,D,12,9,4,5,11,1,1,4,0,0,PL,24_25,5,2,1.4,2.2,1.0,2.0,3,0.3999999999999999,0.20000000000000018
2024-01-30,Luton,Brighton,4,0,H,3,0,H,18,9,8,2,7,4,2,2,0,0,PL,24_25,7,6,1.6,1.6,1.0,1.0,1,0.6000000000000001,0.6000000000000001
2024-01-30,Nott'm Forest,Arsenal,1,2,A,0,0,D,9,19,3,3,2,11,0,1,0,0,PL,24_25,6,7,1.8,2.0,1.8,1.0,-1,0.0,1.0
2024-01-30,Fulham,Everton,0,0,D,0,0,D,25,21,6,4,15,6,1,2,0,0,PL,24_25,3,4,0.4,2.0,0.8,1.6,-1,-0.4,0.3999999999999999
2024-01-31,Tottenham,Brentford,3,2,H,0,1,A,19,9,5,5,5,3,2,3,0,0,PL,24_25,10,3,2.2,1.6,1.2,2.4,7,1.0000000000000002,-0.7999999999999998
2024-01-31,Man City,Burnley,3,1,H,2,0,H,14,8,4,3,7,3,2,2,0,0,PL,24_25,13,4,2.4,1.2,1.0,1.6,9,1.4,-0.40000000000000013
2024-01-31,Liverpool,Chelsea,4,1,H,2,0,H,28,4,13,3,8,1,2,4,0,0,PL,24_25,11,12,2.2,0.6,1.8,1.0,-1,0.40000000000000013,-0.4
2024-01-31,Barcelona,Osasuna,1,0,H,0,0,D,16,9,4,1,6,6,1,2,0,1,LL,23_24,10,10,2.6,2.2,1.6,1.2,0,1.0,1.0000000000000002
2024-01-31,Ath Madrid,Vallecano,2,1,H,1,1,D,8,10,3,2,5,6,0,3,0,0,LL,23_24,10,4,2.0,1.4,0.4,0.8,6,1.6,0.5999999999999999
2024-02-01,Getafe,Real Madrid,0,2,A,0,1,A,10,16,2,9,2,6,1,2,0,0,LL,23_24,7,15,2.0,1.6,2.2,0.8,-8,-0.20000000000000018,0.8
2024-02-01,Wolves,Man United,3,4,A,0,2,A,16,21,7,8,4,5,2,5,0,0,PL,24_25,10,5,1.8,1.0,1.2,1.6,5,0.6000000000000001,-0.6000000000000001
2024-02-01,West Ham,Bournemouth,1,1,D,0,1,A,9,9,3,4,1,5,1,3,0,0,PL,24_25,11,9,1.8,0.4,2.0,1.8,2,-0.19999999999999996,-1.4
2024-02-02,Ath Bilbao,Mallorca,4,0,H,2,0,H,13,6,6,2,6,2,0,1,0,0,LL,23_24,10,5,1.0,0.4,1.0,1.2,5,0.0,-0.7999999999999999
2024-02-02,Lecce,Fiorentina,3,2,H,1,0,H,16,10,8,3,1,3,3,3,0,0,SA,23_24,1,7,0.4,1.6,0.8,0.8,-6,-0.4,0.8
2024-02-03,Newcastle,Luton,4,4,D,2,2,D,19,11,6,8,8,2,2,2,0,0,PL,24_25,3,10,1.6,2.4,2.2,1.2,-7,-0.6000000000000001,1.2
2024-02-03,Burnley,Fulham,2,2,D,0,2,A,12,15,4,7,2,13,2,2,0,0,PL,24_25,4,4,1.2,1.8,0.4,1.4,0,0.7999999999999999,0.40000000000000013
2024-02-03,Brighton,Crystal Palace,4,1,H,3,0,H,13,7,6,5,3,2,1,3,0,0,PL,24_25,6,7,1.0,1.4,1.6,2.2,-1,-0.6000000000000001,-0.8000000000000003
2024-02-03,Everton,Tottenham,2,2,D,1,2,A,14,9,5,6,9,5,3,0,0,0,PL,24_25,2,10,0.4,1.6,2.4,2.0,-8,-2.0,-0.3999999999999999
2024-02-03,Empoli,Genoa,0,0,D,0,0,D,15,10,4,2,6,6,2,3,0,1,SA,23_24,5,9,1.0,1.2,1.2,0.8,-4,-0.19999999999999996,0.3999999999999999
2024-02-03,Frosinone,Milan,2,3,A,1,1,D,7,13,4,5,2,4,1,3,0,0,SA,23_24,4,13,1.4,2.6,2.4,1.0,-9,-1.0,1.6
2024-02-03,Sheffield United,Aston Villa,0,5,A,0,4,A,10,14,5,10,3,4,1,0,0,0,PL,24_25,2,5,1.4,2.2,1.4,1.8,-3,0.0,0.40000000000000013
2024-02-03,Bologna,Sassuolo,4,2,H,1,2,A,19,12,4,4,7,4,1,3,0,0,SA,23_24,5,3,1.0,1.6,0.4,1.4,2,0.6,0.20000000000000018
2024-02-03,Girona,Sociedad,0,0,D,0,0,D,11,11,3,2,3,4,2,3,0,0,LL,23_24,11,6,2.2,1.0,0.6,0.6,5,1.6,0.4
2024-02-03,Alaves,Barcelona,1,3,A,0,1,A,13,8,2,5,14,5,2,2,0,1,LL,23_24,10,12,1.6,0.8,2.6,2.0,-2,-1.0,-1.2
2024-02-03,Granada,Las Palmas,1,1,D,1,0,H,3,16,1,6,2,9,4,3,1,1,LL,23_24,3,6,0.4,1.4,1.4,1.0,-3,-0.9999999999999999,0.3999999999999999
2024-02-03,Valencia,Almeria,2,1,H,2,0,H,7,15,2,5,0,6,4,5,0,0,LL,23_24,12,1,1.8,0.8,0.8,2.0,11,1.0,-1.2
2024-02-03,Udinese,Monza,0,0,D,0,0,D,21,3,6,2,7,4,3,2,0,0,SA,23_24,4,7,1.6,1.8,1.0,2.0,-3,0.6000000000000001,-0.19999999999999996
2024-02-04,Osasuna,Celta,0,3,A,0,2,A,18,6,1,5,9,1,2,0,0,0,LL,23_24,7,4,1.4,1.4,1.0,1.4,3,0.3999999999999999,0.0
2024-02-04,Villarreal,Cadiz,0,0,D,0,0,D,19,8,4,2,13,2,3,1,0,0,LL,23_24,7,2,2.0,2.4,0.2,1.4,5,1.8,1.0
2024-02-04,Bournemouth,Nott'm Forest,1,1,D,1,1,D,9,8,2,6,11,6,3,2,1,0,PL,24_25,7,6,1.6,2.0,2.0,2.0,1,-0.3999999999999999,0.0
2024-02-04,Real Madrid,Ath Madrid,1,1,D,1,0,H,17,10,4,5,2,8,0,5,0,0,LL,23_24,15,12,1.8,0.6,1.8,1.0,3,0.0,-0.4
2024-02-04,Man United,West Ham,3,0,H,1,0,H,12,22,5,3,5,8,0,1,0,0,PL,24_25,7,9,2.0,2.2,1.4,0.6,-2,0.6000000000000001,1.6
2024-02-04,Arsenal,Liverpool,3,1,H,1,1,D,15,10,7,1,2,4,6,2,0,1,PL,24_25,7,13,1.8,1.2,3.0,0.8,-6,-1.2,0.3999999999999999
2024-02-04,Betis,Getafe,1,1,D,1,1,D,9,11,3,2,3,5,7,4,0,0,LL,23_24,7,4,1.2,1.4,1.4,2.0,3,-0.19999999999999996,-0.6000000000000001
2024-02-04,Inter,Juventus,1,0,H,1,0,H,15,12,3,1,6,4,2,2,0,0,SA,23_24,13,13,2.2,0.6,2.0,0.4,0,0.20000000000000018,0.19999999999999996
2024-02-04,Atalanta,Lazio,3,1,H,2,0,H,19,7,5,1,6,1,2,3,0,0,SA,23_24,10,13,1.8,0.4,1.6,0.4,-3,0.19999999999999996,0.0
2024-02-04,Napoli,Verona,2,1,H,0,0,D,19,12,8,2,9,2,3,2,0,0,SA,23_24,5,4,0.4,1.2,1.0,1.4,1,-0.6,-0.19999999999999996
2024-02-04,Torino,Salernitana,0,0,D,0,0,D,13,3,1,1,10,1,2,1,0,0,SA,23_24,8,3,1.2,0.6,1.0,1.6,5,0.19999999999999996,-1.0
2024-02-04,Chelsea,Wolves,2,4,A,1,2,A,15,14,6,7,10,1,3,2,0,0,PL,24_25,9,10,1.6,1.8,2.4,1.2,-1,-0.7999999999999998,0.6000000000000001
2024-02-05,Brentford,Man City,1,3,A,1,1,D,9,25,3,15,8,13,1,0,0,0,PL,24_25,3,13,1.6,2.8,2.6,1.2,-10,-1.0,1.5999999999999999
2024-02-05,Roma,Cagliari,4,0,H,2,0,H,20,12,6,3,7,5,1,1,0,0,SA,23_24,7,5,1.2,1.4,1.0,1.4,2,0.19999999999999996,0.0
2024-02-05,Vallecano,Sevilla,1,2,A,1,2,A,22,10,5,6,6,0,2,2,0,0,LL,23_24,4,1,0.6,1.0,0.8,2.4,3,-0.20000000000000007,-1.4
2024-02-09,Salernitana,Empoli,1,3,A,0,1,A,13,17,4,3,4,8,3,2,0,0,SA,23_24,1,5,0.8,1.6,1.0,1.2,-4,-0.19999999999999996,0.40000000000000013
2024-02-09,Cadiz,Betis,0,2,A,0,1,A,14,13,5,5,5,3,1,1,0,0,LL,23_24,2,7,0.2,1.4,1.2,1.4,-5,-1.0,0.0
2024-02-10,Wolves,Brentford,0,2,A,0,1,A,17,9,5,6,7,4,2,3,0,0,PL,24_25,10,3,2.8,1.4,1.6,3.0,7,1.1999999999999997,-1.6
2024-02-10,Sassuolo,Torino,1,1,D,1,1,D,11,13,4,2,5,4,1,3,0,0,SA,23_24,3,8,0.6,1.8,1.0,0.4,-5,-0.4,1.4
2024-02-10,Roma,Inter,2,4,A,2,1,H,8,10,3,6,3,8,2,0,0,0,SA,23_24,10,13,2.0,1.2,2.0,0.6,-3,0.0,0.6
2024-02-10,Alaves,Villarreal,1,1,D,1,1,D,17,12,4,4,10,9,0,2,0,0,LL,23_24,10,5,1.8,1.2,1.4,2.0,5,0.40000000000000013,-0.8
2024-02-10,Cagliari,Lazio,1,3,A,0,1,A,13,12,6,5,7,8,1,3,0,0,SA,23_24,4,10,1.0,2.2,1.4,1.0,-6,-0.3999999999999999,1.2000000000000002
2024-02-10,Las Palmas,Valencia,2,0,H,0,0,D,8,7,3,1,5,0,2,0,0,0,LL,23_24,7,12,1.6,1.0,2.0,1.0,-5,-0.3999999999999999,0.0
2024-02-10,Real Madrid,Girona,4,0,H,2,0,H,16,5,6,0,0,2,1,2,0,0,LL,23_24,13,11,1.8,0.8,2.0,0.8,2,-0.19999999999999996,0.0
2024-02-10,Sociedad,Osasuna,0,1,A,0,0,D,21,9,3,2,7,4,0,0,0,0,LL,23_24,6,7,0.6,0.6,1.0,1.4,-1,-0.4,-0.7999999999999999
2024-02-10,Nott'm Forest,Newcastle,2,3,A,2,2,D,13,7,3,5,4,4,1,2,0,0,PL,24_25,7,4,1.8,1.6,2.4,3.0,3,-0.5999999999999999,-1.4
2024-02-10,Man City,Everton,2,0,H,0,0,D,19,5,3,1,9,0,0,2,0,0,PL,24_25,15,3,2.8,1.0,0.6,1.6,12,2.1999999999999997,-0.6000000000000001
2024-02-10,Tottenham,Brighton,2,1,H,0,1,A,16,6,6,3,9,6,2,3,0,0,PL,24_25,8,8,2.4,2.2,1.6,1.4,0,0.7999999999999998,0.8000000000000003
2024-02-10,Luton,Sheffield United,1,3,A,0,2,A,20,7,5,3,13,1,1,2,0,0,PL,24_25,8,1,2.8,2.0,1.2,3.0,7,1.5999999999999999,-1.0
2024-02-10,Liverpool,Burnley,3,1,H,1,1,D,25,9,10,4,9,3,3,2,0,0,PL,24_25,12,2,3.0,1.2,1.2,2.2,10,1.8,-1.0000000000000002
2024-02-10,Fulham,Bournemouth,3,1,H,2,0,H,7,25,6,4,1,14,1,2,0,0,PL,24_25,5,5,0.8,1.4,1.2,1.8,0,-0.3999999999999999,-0.40000000000000013
2024-02-11,Genoa,Atalanta,1,4,A,0,1,A,15,14,6,9,7,4,3,4,0,0,SA,23_24,9,13,1.0,0.6,2.4,0.4,-4,-1.4,0.19999999999999996
2024-02-11,Getafe,Celta,3,2,H,2,0,H,11,9,4,4,0,4,1,2,0,0,LL,23_24,4,7,1.0,1.6,1.2,0.8,-3,-0.19999999999999996,0.8
2024-02-11,Sevilla,Ath Madrid,1,0,H,1,0,H,10,16,6,5,2,7,2,1,0,0,LL,23_24,4,10,1.2,2.4,1.8,1.2,-6,-0.6000000000000001,1.2
2024-02-11,Barcelona,Granada,3,3,D,1,1,D,11,11,6,5,6,2,1,2,0,0,LL,23_24,12,4,2.6,1.8,0.6,1.0,8,2.0,0.8
2024-02-11,Milan,Napoli,1,0,H,1,0,H,10,12,6,2,1,2,1,1,0,0,SA,23_24,13,8,2.8,1.4,0.8,1.0,5,1.9999999999999998,0.3999999999999999
2024-02-11,Mallorca,Vallecano,2,1,H,0,0,D,8,11,5,4,5,1,4,0,0,0,LL,23_24,2,4,0.4,1.6,0.8,1.2,-2,-0.4,0.40000000000000013
2024-02-11,Fiorentina,Frosinone,5,1,H,3,0,H,18,11,7,3,2,5,3,1,0,0,SA,23_24,4,4,1.0,1.4,1.6,2.6,0,-0.6000000000000001,-1.2000000000000002
2024-02-11,Bologna,Lecce,4,0,H,2,0,H,16,14,6,3,4,3,1,2,0,0,SA,23_24,5,4,1.6,2.0,1.0,1.8,1,0.6000000000000001,0.19999999999999996
2024-02-11,West Ham,Arsenal,0,6,A,0,4,A,5,25,1,12,2,6,4,0,0,0,PL,24_25,6,9,1.0,1.2,2.2,1.2,-3,-1.2000000000000002,0.0
2024-02-11,Aston Villa,Man United,1,2,A,0,1,A,23,17,10,5,10,8,3,2,0,0,PL,24_25,7,10,2.2,1.6,2.6,1.8,-3,-0.3999999999999999,-0.19999999999999996
2024-02-11,Monza,Verona,0,0,D,0,0,D,11,10,1,1,5,2,1,2,0,0,SA,23_24,7,4,1.0,2.0,1.2,1.6,3,-0.19999999999999996,0.3999999999999999
2024-02-12,Juventus,Udinese,0,1,A,0,1,A,14,8,6,1,8,4,3,3,0,0,SA,23_24,10,2,1.8,0.6,1.0,1.8,8,0.8,-1.2000000000000002
2024-02-12,Almeria,Ath Bilbao,0,0,D,0,0,D,10,12,4,4,4,10,4,1,1,0,LL,23_24,1,10,0.6,1.8,1.6,0.4,-9,-1.0,1.4
2024-02-12,Crystal Palace,Chelsea,1,3,A,1,0,H,13,14,4,5,1,7,2,2,0,0,PL,24_25,6,9,1.6,2.8,1.8,2.2,-3,-0.19999999999999996,0.5999999999999996
2024-02-14,Bologna,Fiorentina,2,0,H,1,0,H,18,12,7,3,2,3,2,3,0,0,SA,23_24,8,4,2.4,1.4,1.8,1.6,4,0.5999999999999999,-0.20000000000000018
2024-02-16,Inter,Salernitana,4,0,H,3,0,H,26,1,10,0,18,0,0,1,0,0,SA,23_24,15,1,2.6,0.8,0.8,1.8,14,1.8,-1.0
2024-02-16,Torino,Lecce,2,0,H,0,0,D,12,8,4,4,5,5,1,4,0,1,SA,23_24,9,3,1.2,0.4,0.8,2.4,6,0.3999999999999999,-2.0
2024-02-16,Villarreal,Getafe,1,1,D,0,1,A,20,11,7,2,8,3,0,1,0,0,LL,23_24,6,7,1.4,1.6,1.6,1.6,-1,-0.20000000000000018,0.0
2024-02-17,Atalanta,Sassuolo,3,0,H,1,0,H,28,12,13,4,11,5,0,0,0,0,SA,23_24,13,4,3.0,0.6,0.8,1.8,9,2.2,-1.2000000000000002
2024-02-17,Verona,Juventus,2,2,D,1,1,D,14,18,9,4,5,4,0,0,0,0,SA,23_24,5,7,1.0,1.2,1.4,0.6,-2,-0.3999999999999999,0.6
2024-02-17,Napoli,Genoa,1,1,D,0,0,D,25,6,7,4,7,2,3,2,0,0,SA,23_24,7,8,0.8,1.2,1.0,1.2,-1,-0.19999999999999996,0.0
2024-02-17,Valencia,Sevilla,0,0,D,0,0,D,14,1,4,1,7,2,0,1,0,0,LL,23_24,9,7,1.4,1.2,1.4,2.0,2,0.0,-0.8
2024-02-17,Osasuna,Cadiz,2,0,H,0,0,D,11,5,4,1,5,4,4,2,0,0,LL,23_24,7,2,1.0,1.4,0.2,1.4,5,0.8,0.0
2024-02-17,Ath Madrid,Las Palmas,5,0,H,2,0,H,13,11,7,2,3,5,2,2,0,0,LL,23_24,10,10,1.2,0.6,1.8,0.6,0,-0.6000000000000001,0.0
2024-02-17,Brentford,Liverpool,1,4,A,0,1,A,15,15,6,8,1,6,2,1,0,0,PL,24_25,6,12,1.8,2.2,3.2,1.4,-6,-1.4000000000000001,0.8000000000000003
2024-02-17,Burnley,Arsenal,0,5,A,0,2,A,8,16,0,7,4,6,2,1,0,0,PL,24_25,2,12,1.4,2.4,3.4,0.8,-10,-2.0,1.5999999999999999
2024-02-17,Fulham,Aston Villa,1,2,A,0,1,A,15,12,4,3,4,4,5,2,0,0,PL,24_25,8,7,1.4,1.0,2.0,1.4,1,-0.6000000000000001,-0.3999999999999999
2024-02-17,Newcastle,Bournemouth,2,2,D,0,0,D,17,12,5,7,4,2,1,3,0,0,PL,24_25,7,2,2.8,2.8,0.8,2.4,5,1.9999999999999998,0.3999999999999999
2024-02-17,Nott'm Forest,West Ham,2,0,H,1,0,H,19,10,8,3,5,3,4,4,0,1,PL,24_25,4,3,1.6,2.0,0.6,2.4,1,1.0,-0.3999999999999999
2024-02-17,Tottenham,Wolves,1,2,A,0,1,A,15,12,4,7,10,4,0,1,0,0,PL,24_25,11,7,2.4,1.6,2.0,1.6,4,0.3999999999999999,0.0
2024-02-17,Man City,Chelsea,1,1,D,0,1,A,31,9,5,6,12,1,1,3,0,0,PL,24_25,15,9,2.6,0.8,2.0,2.2,6,0.6000000000000001,-1.4000000000000001
2024-02-17,Celta,Barcelona,1,2,A,0,1,A,13,14,4,4,2,5,2,4,0,0,LL,23_24,4,10,1.2,1.2,2.8,2.2,-6,-1.5999999999999999,-1.0000000000000002
2024-02-18,Frosinone,Roma,0,3,A,0,1,A,25,13,7,5,10,2,0,3,0,0,SA,23_24,4,9,1.4,3.0,2.2,1.8,-5,-0.8000000000000003,1.2
2024-02-18,Lazio,Bologna,1,2,A,1,1,D,12,11,7,3,8,3,2,3,0,0,SA,23_24,10,10,1.4,1.0,2.6,1.2,0,-1.2000000000000002,-0.19999999999999996
2024-02-18,Empoli,Fiorentina,1,1,D,0,1,A,5,9,4,4,0,3,3,2,0,0,SA,23_24,8,4,1.6,0.8,1.8,1.8,4,-0.19999999999999996,-1.0
2024-02-18,Udinese,Cagliari,1,1,D,1,1,D,17,5,3,2,3,4,3,2,0,0,SA,23_24,5,3,1.0,1.4,1.0,2.6,2,0.0,-1.2000000000000002
2024-02-18,Monza,Milan,4,2,H,2,0,H,12,16,6,6,7,3,4,1,0,1,SA,23_24,5,13,0.4,1.6,2.4,1.4,-8,-2.0,0.20000000000000018
2024-02-18,Mallorca,Sociedad,1,2,A,1,1,D,4,19,1,5,3,9,7,5,1,0,LL,23_24,5,5,0.8,1.6,0.4,0.6,0,0.4,1.0
2024-02-18,Sheffield United,Brighton,0,5,A,0,2,A,6,24,1,10,5,10,1,4,1,0,PL,24_25,4,5,1.4,2.6,1.0,1.4,-1,0.3999999999999999,1.2000000000000002
2024-02-18,Luton,Man United,1,2,A,1,2,A,22,21,4,9,8,6,3,5,0,0,PL,24_25,5,10,2.4,2.2,2.4,1.6,-5,0.0,0.6000000000000001
2024-02-18,Betis,Alaves,0,0,D,0,0,D,13,13,2,4,6,8,5,2,0,0,LL,23_24,10,10,1.4,1.0,1.8,1.2,0,-0.40000000000000013,-0.19999999999999996
2024-02-18,Granada,Almeria,1,1,D,0,1,A,19,13,7,3,10,4,2,3,0,0,LL,23_24,2,2,0.8,1.6,0.6,1.6,0,0.20000000000000007,0.0
2024-02-18,Vallecano,Real Madrid,1,1,D,1,1,D,8,11,3,4,4,10,4,3,0,1,LL,23_24,1,13,0.6,1.6,2.4,0.8,-12,-1.7999999999999998,0.8
2024-02-19,Everton,Crystal Palace,1,1,D,0,0,D,19,10,4,4,3,6,0,2,0,0,PL,24_25,3,6,0.4,1.4,1.6,3.0,-3,-1.2000000000000002,-1.6
2024-02-19,Ath Bilbao,Girona,3,2,H,1,0,H,14,12,7,6,3,4,1,2,0,0,LL,23_24,8,8,1.2,0.4,1.2,1.0,0,0.0,-0.6
2024-02-20,Man City,Brentford,1,0,H,0,0,D,25,6,11,2,10,1,2,4,0,0,PL,24_25,13,6,2.4,1.0,1.8,2.4,7,0.5999999999999999,-1.4
2024-02-21,Liverpool,Luton,4,1,H,0,1,A,29,12,13,3,13,4,1,4,0,0,PL,24_25,12,5,3.2,1.2,2.2,2.0,7,1.0,-0.8
2024-02-22,Torino,Lazio,0,2,A,0,0,D,24,7,4,4,7,4,3,2,0,1,SA,23_24,9,7,1.0,0.4,1.2,1.2,2,-0.19999999999999996,-0.7999999999999999
2024-02-23,Sociedad,Villarreal,1,3,A,0,1,A,21,6,8,4,13,2,3,4,0,0,LL,23_24,8,7,0.6,0.4,1.6,1.2,1,-1.0,-0.7999999999999999
2024-02-23,Bologna,Verona,2,0,H,1,0,H,12,7,3,3,11,1,2,2,0,0,SA,23_24,13,3,2.8,1.0,1.0,1.4,10,1.7999999999999998,-0.3999999999999999
2024-02-24,Bournemouth,Man City,0,1,A,0,1,A,13,15,4,6,3,8,2,2,0,0,PL,24_25,3,13,1.0,2.2,2.0,0.6,-10,-1.0,1.6
2024-02-24,Arsenal,Newcastle,4,1,H,2,0,H,18,3,8,2,9,0,1,0,0,0,PL,24_25,15,8,4.2,0.4,2.8,2.4,7,1.4000000000000004,-2.0
2024-02-24,Crystal Palace,Burnley,3,0,H,0,0,D,15,2,6,0,12,3,3,1,0,1,PL,24_25,4,2,1.2,3.0,1.0,2.8,2,0.19999999999999996,0.20000000000000018
2024-02-24,Brighton,Everton,1,1,D,0,0,D,23,6,7,3,11,3,2,3,1,0,PL,24_25,7,4,2.0,1.4,0.6,1.0,3,1.4,0.3999999999999999
2024-02-24,Aston Villa,Nott'm Forest,4,2,H,3,1,H,16,10,6,3,7,2,1,2,0,0,PL,24_25,7,4,1.8,1.2,1.6,1.8,3,0.19999999999999996,-0.6000000000000001
2024-02-24,Man United,Fulham,1,2,A,0,0,D,21,17,9,5,10,9,2,5,0,0,PL,24_25,13,5,2.6,1.4,1.2,1.2,8,1.4000000000000001,0.19999999999999996
2024-02-24,Barcelona,Getafe,4,0,H,1,0,H,17,10,9,4,5,8,1,4,0,0,LL,23_24,10,8,2.4,2.0,1.4,1.2,2,1.0,0.8
2024-02-24,Almeria,Ath Madrid,2,2,D,1,1,D,9,18,4,9,2,7,1,1,0,0,LL,23_24,2,10,0.8,1.8,2.0,0.6,-8,-1.2,1.2000000000000002
2024-02-24,Alaves,Mallorca,1,1,D,0,0,D,9,15,1,8,3,3,0,2,0,0,LL,23_24,8,4,1.2,0.8,0.8,1.8,4,0.3999999999999999,-1.0
2024-02-24,Sassuolo,Empoli,2,3,A,0,1,A,19,14,5,6,4,1,1,3,0,0,SA,23_24,1,9,0.6,2.4,1.6,0.6,-8,-1.0,1.7999999999999998
2024-02-24,Salernitana,Monza,0,2,A,0,0,D,11,17,3,7,7,11,2,2,0,0,SA,23_24,1,8,0.6,2.2,1.0,1.0,-7,-0.4,1.2000000000000002
2024-02-24,Genoa,Udinese,2,0,H,2,0,H,19,5,4,1,8,3,1,4,0,1,SA,23_24,8,5,1.2,1.4,0.8,1.2,3,0.3999999999999999,0.19999999999999996
2024-02-25,Cadiz,Celta,2,2,D,0,1,A,19,7,6,3,9,1,2,3,0,0,LL,23_24,2,3,0.0,1.0,1.2,1.4,-1,-1.2,-0.3999999999999999
2024-02-25,Betis,Ath Bilbao,3,1,H,2,1,H,13,3,5,1,5,3,1,6,0,1,LL,23_24,8,8,1.2,1.0,1.4,0.6,0,-0.19999999999999996,0.4
2024-02-25,Las Palmas,Osasuna,1,1,D,0,0,D,9,6,3,2,6,7,2,1,0,0,LL,23_24,7,7,1.2,1.6,0.8,1.0,0,0.3999999999999999,0.6000000000000001
2024-02-25,Real Madrid,Sevilla,1,0,H,0,0,D,16,4,6,1,7,2,1,3,0,0,LL,23_24,11,8,2.0,0.6,1.0,1.4,3,1.0,-0.7999999999999999
2024-02-25,Lecce,Inter,0,4,A,0,1,A,14,11,2,7,7,10,1,2,0,0,SA,23_24,3,15,0.8,2.6,3.0,0.6,-12,-2.2,2.0
2024-02-25,Wolves,Sheffield United,1,0,H,1,0,H,13,12,2,4,5,6,2,1,0,0,PL,24_25,7,4,1.8,1.8,1.4,3.2,3,0.40000000000000013,-1.4000000000000001
2024-02-25,Milan,Atalanta,1,1,D,1,1,D,20,8,7,3,5,3,1,4,0,0,SA,23_24,10,15,2.2,2.0,3.4,0.4,-5,-1.1999999999999997,1.6
2024-02-25,Juventus,Frosinone,3,2,H,2,2,D,22,7,5,3,8,3,2,2,0,0,SA,23_24,5,4,1.2,1.0,1.4,2.6,1,-0.19999999999999996,-1.6
2024-02-25,Cagliari,Napoli,1,1,D,0,0,D,8,9,3,4,4,3,4,1,0,0,SA,23_24,1,8,0.8,2.6,1.0,0.8,-7,-0.19999999999999996,1.8
2024-02-26,Fiorentina,Lazio,2,1,H,0,1,A,22,5,7,1,13,2,0,2,0,0,SA,23_24,4,7,1.6,1.6,1.4,1.2,-3,0.20000000000000018,0.40000000000000013
2024-02-26,Girona,Vallecano,3,0,H,0,0,D,14,7,8,1,2,2,3,5,0,1,LL,23_24,7,2,1.6,1.6,0.8,1.4,5,0.8,0.20000000000000018
2024-02-26,West Ham,Brentford,4,2,H,2,1,H,17,14,6,8,1,7,1,2,0,0,PL,24_25,2,3,0.6,2.8,1.2,2.2,-1,-0.6,0.5999999999999996
2024-02-26,Roma,Torino,3,2,H,1,1,D,6,14,3,6,0,4,2,2,0,0,SA,23_24,12,8,2.6,1.2,1.0,0.8,4,1.6,0.3999999999999999
2024-02-28,Sassuolo,Napoli,1,6,A,1,3,A,5,27,2,9,5,10,0,0,0,0,SA,23_24,1,6,1.0,2.4,0.8,0.8,-5,0.19999999999999996,1.5999999999999999
2024-02-28,Inter,Atalanta,4,0,H,2,0,H,15,6,7,1,4,1,2,6,0,0,SA,23_24,15,13,2.8,0.4,2.6,0.6,2,0.19999999999999973,-0.19999999999999996
2024-03-01,Celta,Almeria,1,0,H,0,0,D,15,3,6,0,7,0,1,2,0,1,LL,23_24,4,3,1.6,1.6,0.8,1.6,1,0.8,0.0
2024-03-01,Lazio,Milan,0,1,A,0,0,D,11,14,3,5,2,5,5,6,3,0,SA,23_24,6,8,1.6,1.6,1.8,1.8,-2,-0.19999999999999996,-0.19999999999999996
2024-03-02,Brentford,Chelsea,2,2,D,0,1,A,14,17,5,6,0,6,3,1,0,0,PL,24_25,3,7,1.2,2.4,1.6,2.0,-4,-0.40000000000000013,0.3999999999999999
2024-03-02,Valencia,Real Madrid,2,2,D,2,1,H,12,10,5,5,2,2,2,3,0,1,LL,23_24,7,11,0.6,1.0,1.8,0.4,-4,-1.2000000000000002,0.6
2024-03-02,Vallecano,Cadiz,1,1,D,0,0,D,9,16,5,5,4,9,1,1,0,0,LL,23_24,1,3,0.8,2.0,0.4,1.2,-2,0.4,0.8
2024-03-02,Sevilla,Sociedad,3,2,H,2,1,H,12,13,5,4,2,5,1,2,0,0,LL,23_24,8,5,0.8,0.6,0.6,1.0,3,0.20000000000000007,-0.4
2024-03-02,Udinese,Salernitana,1,1,D,1,1,D,18,17,5,1,5,6,6,1,1,0,SA,23_24,5,1,0.4,1.0,0.4,2.2,4,0.0,-1.2000000000000002
2024-03-02,Monza,Roma,1,4,A,0,2,A,16,12,5,6,6,3,1,4,0,0,SA,23_24,11,12,1.4,0.4,2.8,1.4,-1,-1.4,-0.9999999999999999
2024-03-02,Torino,Fiorentina,0,0,D,0,0,D,8,14,2,3,4,5,2,4,1,0,SA,23_24,5,7,1.0,1.2,2.0,1.6,-2,-1.0,-0.40000000000000013
2024-03-02,Getafe,Las Palmas,3,3,D,3,1,H,16,14,5,5,4,4,4,1,0,0,LL,23_24,5,5,1.0,2.0,1.0,1.8,0,0.0,0.19999999999999996
2024-03-02,Newcastle,Wolves,3,0,H,2,0,H,14,12,7,3,3,5,0,1,0,0,PL,24_25,8,9,2.6,2.6,2.0,1.8,-1,0.6000000000000001,0.8
2024-03-02,Tottenham,Crystal Palace,3,1,H,0,0,D,14,4,6,1,11,1,1,2,0,0,PL,24_25,8,7,2.0,1.8,1.8,2.0,1,0.19999999999999996,-0.19999999999999996
2024-03-02,Nott'm Forest,Liverpool,0,1,A,0,0,D,8,22,2,2,3,12,2,2,0,0,PL,24_25,4,12,1.6,2.0,3.2,1.4,-8,-1.6,0.6000000000000001
2024-03-02,Fulham,Brighton,3,0,H,2,0,H,12,15,5,5,2,6,1,2,0,0,PL,24_25,8,7,1.6,1.2,2.2,1.6,1,-0.6000000000000001,-0.40000000000000013
2024-03-02,Everton,West Ham,1,3,A,0,0,D,22,12,11,5,4,5,1,2,0,0,PL,24_25,4,4,0.8,1.2,1.0,2.8,0,-0.19999999999999996,-1.5999999999999999
2024-03-02,Luton,Aston Villa,2,3,A,0,2,A,13,12,5,8,8,6,1,4,0,0,PL,24_25,4,9,2.2,2.6,2.6,1.6,-5,-0.3999999999999999,1.0
2024-03-03,Villarreal,Granada,5,1,H,3,0,H,16,9,10,3,6,4,1,2,0,0,LL,23_24,9,3,2.0,1.2,1.0,1.6,6,1.0,-0.40000000000000013
2024-03-03,Mallorca,Girona,1,0,H,1,0,H,16,15,2,4,8,5,5,0,0,0,LL,23_24,4,7,0.8,1.8,1.2,1.4,-3,-0.3999999999999999,0.40000000000000013
2024-03-03,Man City,Man United,3,1,H,0,1,A,27,3,8,1,15,2,0,1,0,0,PL,24_25,13,12,1.6,0.4,2.4,1.4,1,-0.7999999999999998,-0.9999999999999999
2024-03-03,Burnley,Bournemouth,0,2,A,0,1,A,20,10,6,3,7,2,2,4,0,0,PL,24_25,1,3,0.8,3.2,1.0,1.6,-2,-0.19999999999999996,1.6
2024-03-03,Napoli,Juventus,2,1,H,1,0,H,14,18,7,4,2,1,1,4,0,0,SA,23_24,8,5,2.0,1.0,1.2,1.4,3,0.8,-0.3999999999999999
2024-03-03,Atalanta,Bologna,1,2,A,1,0,H,11,11,2,6,6,2,3,2,0,0,SA,23_24,10,15,2.2,1.4,2.8,0.6,-5,-0.5999999999999996,0.7999999999999999
2024-03-03,Frosinone,Lecce,1,1,D,1,0,H,15,11,7,4,12,8,1,1,0,0,SA,23_24,1,3,1.2,3.0,0.8,2.8,-2,0.3999999999999999,0.20000000000000018
2024-03-03,Empoli,Cagliari,0,1,A,0,0,D,16,8,3,4,9,2,0,3,0,0,SA,23_24,9,2,1.6,1.0,0.8,2.2,7,0.8,-1.2000000000000002
2024-03-03,Verona,Sassuolo,1,0,H,0,0,D,10,13,5,2,2,10,4,2,0,0,SA,23_24,3,1,0.8,1.4,1.2,3.4,2,-0.3999999999999999,-2.0
2024-03-03,Ath Madrid,Betis,2,1,H,2,0,H,17,12,12,6,4,6,1,2,0,0,LL,23_24,8,11,2.0,1.0,1.4,0.4,-3,0.6000000000000001,0.6
2024-03-03,Ath Bilbao,Barcelona,0,0,D,0,0,D,8,8,2,2,4,4,3,3,0,0,LL,23_24,8,13,1.6,1.0,2.6,1.0,-5,-1.0,0.0
2024-03-04,Osasuna,Alaves,1,0,H,0,0,D,15,10,4,4,5,5,2,1,0,0,LL,23_24,7,6,0.8,1.0,1.2,1.0,1,-0.3999999999999999,0.0
2024-03-04,Inter,Genoa,2,1,H,2,0,H,16,10,5,2,4,5,2,3,0,0,SA,23_24,15,8,3.4,0.4,1.2,1.2,7,2.2,-0.7999999999999999
2024-03-04,Sheffield United,Arsenal,0,6,A,0,5,A,4,22,0,10,0,7,1,0,0,0,PL,24_25,3,15,1.0,3.0,4.0,0.6,-12,-3.0,2.4
2024-03-08,Napoli,Torino,1,1,D,0,0,D,22,11,8,2,13,7,2,2,0,0,SA,23_24,8,5,2.0,1.0,1.0,1.2,3,1.0,-0.19999999999999996
2024-03-08,Barcelona,Mallorca,1,0,H,0,0,D,20,9,6,3,4,1,1,1,0,0,LL,23_24,11,7,2.4,1.0,1.0,1.6,4,1.4,-0.6000000000000001
2024-03-09,Granada,Sociedad,2,3,A,2,1,H,13,11,6,8,4,6,1,2,0,0,LL,23_24,3,4,1.2,2.4,1.0,1.6,-1,0.19999999999999996,0.7999999999999998
2024-03-09,Girona,Osasuna,2,0,H,1,0,H,11,7,6,1,5,7,3,3,0,0,LL,23_24,4,10,1.0,1.6,1.0,0.8,-6,0.0,0.8
2024-03-09,Genoa,Monza,2,3,A,0,2,A,22,9,6,5,10,1,1,1,0,0,SA,23_24,5,8,1.0,1.4,1.4,1.2,-3,-0.3999999999999999,0.19999999999999996
2024-03-09,Cadiz,Ath Madrid,2,0,H,1,0,H,7,8,3,4,3,1,4,5,0,0,LL,23_24,3,8,0.6,1.4,2.0,1.0,-5,-1.4,0.3999999999999999
2024-03-09,Valencia,Getafe,1,0,H,1,0,H,10,15,3,5,5,5,2,3,0,0,LL,23_24,5,6,0.8,1.4,1.6,2.2,-1,-0.8,-0.8000000000000003
2024-03-09,Bournemouth,Sheffield United,2,2,D,0,1,A,32,13,12,9,10,3,3,5,0,0,PL,24_25,5,3,1.2,1.4,0.6,3.6,2,0.6,-2.2
2024-03-09,Crystal Palace,Luton,1,1,D,1,0,H,21,8,4,2,8,6,2,3,0,0,PL,24_25,4,1,1.4,2.2,1.8,3.2,3,-0.40000000000000013,-1.0
2024-03-09,Wolves,Fulham,2,1,H,0,0,D,8,23,3,6,3,4,2,2,0,0,PL,24_25,9,10,1.4,1.6,2.2,1.2,-1,-0.8000000000000003,0.40000000000000013
2024-03-09,Arsenal,Brentford,2,1,H,1,1,D,17,9,6,4,10,4,2,4,0,0,PL,24_25,15,4,4.8,0.4,1.4,2.2,11,3.4,-1.8000000000000003
2024-03-09,Man United,Everton,2,0,H,2,0,H,15,23,8,6,5,8,1,2,0,0,PL,24_25,9,3,1.8,1.4,1.0,1.8,6,0.8,-0.40000000000000013
2024-03-09,Cagliari,Salernitana,4,2,H,2,0,H,12,12,7,5,5,4,1,2,0,0,SA,23_24,5,2,0.8,1.8,0.4,2.0,3,0.4,-0.19999999999999996
2024-03-09,Sassuolo,Frosinone,1,0,H,0,0,D,10,11,4,1,1,2,3,1,0,0,SA,23_24,1,1,0.8,2.8,1.2,3.0,0,-0.3999999999999999,-0.20000000000000018
2024-03-09,Bologna,Inter,0,1,A,0,1,A,19,5,3,4,7,2,2,1,0,0,SA,23_24,15,15,2.4,0.4,3.6,0.6,0,-1.2000000000000002,-0.19999999999999996
2024-03-10,Milan,Empoli,1,0,H,1,0,H,15,5,5,2,11,4,1,4,0,0,SA,23_24,10,8,1.6,1.4,1.4,1.0,2,0.20000000000000018,0.3999999999999999
2024-03-10,Juventus,Atalanta,2,2,D,0,1,A,18,7,5,3,4,3,0,1,0,0,SA,23_24,4,7,1.2,1.6,1.8,1.6,-3,-0.6000000000000001,0.0
2024-03-10,Fiorentina,Roma,2,2,D,1,0,H,15,10,5,5,8,2,2,5,0,0,SA,23_24,8,12,1.6,1.0,3.2,1.4,-4,-1.6,-0.3999999999999999
2024-03-10,Betis,Villarreal,2,3,A,2,1,H,13,6,4,4,11,4,3,4,1,1,LL,23_24,8,9,1.4,0.8,2.0,0.8,-1,-0.6000000000000001,0.0
2024-03-10,Las Palmas,Ath Bilbao,0,2,A,0,1,A,14,7,2,2,10,3,3,3,0,0,LL,23_24,6,8,1.4,2.0,1.6,1.0,-2,-0.20000000000000018,1.0
2024-03-10,Alaves,Vallecano,1,0,H,1,0,H,12,9,4,3,7,5,2,2,0,0,LL,23_24,3,2,0.6,1.2,0.8,1.8,1,-0.20000000000000007,-0.6000000000000001
2024-03-10,Aston Villa,Tottenham,0,4,A,0,0,D,10,9,1,5,6,4,0,2,1,0,PL,24_25,12,10,3.0,1.4,2.2,1.6,2,0.7999999999999998,-0.20000000000000018
2024-03-10,Brighton,Nott'm Forest,1,0,H,1,0,H,10,9,3,4,6,3,4,4,0,0,PL,24_25,7,4,2.2,1.4,1.4,1.8,3,0.8000000000000003,-0.40000000000000013
2024-03-10,West Ham,Burnley,2,2,D,0,2,A,22,11,4,4,4,4,2,4,0,0,PL,24_25,6,1,1.4,2.8,0.6,3.0,5,0.7999999999999999,-0.20000000000000018
2024-03-10,Liverpool,Man City,1,1,D,0,1,A,19,10,6,6,7,4,0,3,0,0,PL,24_25,12,13,2.6,1.2,1.6,0.4,-1,1.0,0.7999999999999999
2024-03-10,Real Madrid,Celta,4,0,H,1,0,H,24,11,13,1,12,1,2,3,0,0,LL,23_24,9,7,1.8,0.8,1.8,1.4,2,0.0,-0.5999999999999999
2024-03-10,Lecce,Verona,0,1,A,0,1,A,15,13,3,4,11,6,3,3,0,1,SA,23_24,4,5,0.8,2.6,0.8,1.2,-1,0.0,1.4000000000000001
2024-03-11,Lazio,Udinese,1,2,A,0,0,D,18,14,6,5,9,5,3,6,0,1,SA,23_24,6,6,1.4,1.2,0.6,0.8,0,0.7999999999999999,0.3999999999999999
2024-03-11,Chelsea,Newcastle,3,2,H,1,1,D,12,11,8,3,0,4,3,1,0,0,PL,24_25,5,8,1.8,2.4,2.6,2.4,-3,-0.8,0.0
2024-03-11,Almeria,Sevilla,2,2,D,1,0,H,14,19,4,6,1,8,2,2,0,0,LL,23_24,3,10,0.8,1.2,1.2,0.8,-7,-0.3999999999999999,0.3999999999999999
2024-03-13,Bournemouth,Luton,4,3,H,0,3,A,24,8,10,4,11,3,1,2,0,0,PL,24_25,5,1,1.4,1.6,1.2,2.6,4,0.19999999999999996,-1.0
2024-03-15,Empoli,Bologna,0,1,A,0,0,D,10,20,1,9,7,6,4,0,0,0,SA,23_24,7,12,1.4,1.2,1.6,0.6,-5,-0.20000000000000018,0.6
2024-03-15,Sociedad,Cadiz,2,0,H,1,0,H,14,13,6,2,8,2,3,1,0,0,LL,23_24,6,5,1.6,2.0,1.0,1.4,1,0.6000000000000001,0.6000000000000001
2024-03-16,Salernitana,Lecce,0,1,A,0,1,A,15,17,6,4,7,1,4,3,0,0,SA,23_24,1,1,0.8,2.8,0.2,2.4,0,0.6000000000000001,0.3999999999999999
2024-03-16,Monza,Cagliari,1,0,H,1,0,H,15,10,3,0,3,7,2,1,0,0,SA,23_24,10,8,2.0,1.6,1.6,1.4,2,0.3999999999999999,0.20000000000000018
2024-03-16,Udinese,Torino,0,2,A,0,1,A,12,12,1,5,3,4,3,2,0,0,SA,23_24,8,5,1.0,1.0,1.0,1.2,3,0.0,-0.19999999999999996
2024-03-16,Frosinone,Lazio,2,3,A,1,1,D,14,22,5,7,9,4,1,3,0,0,SA,23_24,1,3,0.8,2.6,1.0,1.4,-2,-0.19999999999999996,1.2000000000000002
2024-03-16,Luton,Nott'm Forest,1,1,D,0,1,A,10,16,4,6,6,7,1,2,0,0,PL,24_25,1,3,1.6,2.8,1.2,1.8,-2,0.40000000000000013,0.9999999999999998
2024-03-16,Ath Bilbao,Alaves,2,0,H,2,0,H,16,7,4,3,5,4,1,3,0,0,LL,23_24,8,6,1.2,1.0,0.6,0.6,2,0.6,0.4
2024-03-16,Getafe,Girona,1,0,H,1,0,H,11,13,3,3,2,5,4,4,0,0,LL,23_24,5,6,1.4,2.2,1.4,1.6,-1,0.0,0.6000000000000001
2024-03-16,Osasuna,Real Madrid,2,4,A,1,2,A,9,17,4,9,5,7,3,2,0,0,LL,23_24,10,11,1.0,0.6,2.4,0.6,-1,-1.4,0.0
2024-03-16,Mallorca,Granada,1,0,H,0,0,D,18,8,8,3,10,2,2,0,0,0,LL,23_24,7,3,1.0,1.0,1.6,2.6,4,-0.6000000000000001,-1.6
2024-03-16,Fulham,Tottenham,3,0,H,1,0,H,16,14,7,5,4,5,2,3,0,0,PL,24_25,9,10,2.0,1.2,2.4,1.2,-1,-0.3999999999999999,0.0
2024-03-16,Burnley,Brentford,2,1,H,1,0,H,17,9,6,5,5,4,2,4,0,1,PL,24_25,1,1,0.6,3.0,1.2,2.6,0,-0.6,0.3999999999999999
2024-03-17,Roma,Sassuolo,1,0,H,0,0,D,10,8,4,2,4,7,2,1,0,0,SA,23_24,10,3,2.8,1.8,0.8,2.6,7,1.9999999999999998,-0.8
2024-03-17,Verona,Milan,1,3,A,0,1,A,15,18,4,6,3,5,1,3,0,0,SA,23_24,8,10,0.8,0.8,1.2,1.0,-2,-0.3999999999999999,-0.19999999999999996
2024-03-17,Juventus,Genoa,0,0,D,0,0,D,17,5,2,2,12,2,4,1,1,0,SA,23_24,5,4,1.6,1.8,1.4,2.0,1,0.20000000000000018,-0.19999999999999996
2024-03-17,Ath Madrid,Barcelona,0,3,A,0,1,A,12,9,3,5,7,3,3,1,1,0,LL,23_24,7,11,1.8,1.2,2.0,0.8,-4,-0.19999999999999996,0.3999999999999999
2024-03-17,Villarreal,Valencia,1,0,H,0,0,D,13,14,7,7,6,2,5,1,0,0,LL,23_24,11,8,2.6,1.2,1.0,1.0,3,1.6,0.19999999999999996
2024-03-17,Las Palmas,Almeria,0,1,A,0,1,A,21,3,6,2,11,3,2,2,0,0,LL,23_24,5,4,1.2,2.2,1.0,1.2,1,0.19999999999999996,1.0000000000000002
2024-03-17,Sevilla,Celta,1,2,A,1,0,H,11,18,4,5,3,8,4,0,0,0,LL,23_24,8,4,1.2,1.0,1.2,2.2,4,0.0,-1.2000000000000002
2024-03-17,Inter,Napoli,1,1,D,1,0,H,19,11,6,3,5,7,2,1,0,0,SA,23_24,15,9,3.0,0.2,2.2,1.0,6,0.7999999999999998,-0.8
2024-03-17,Vallecano,Betis,2,0,H,1,0,H,8,11,4,1,4,8,4,4,0,0,LL,23_24,2,7,0.6,1.6,1.6,1.2,-5,-1.0,0.40000000000000013
2024-03-17,West Ham,Aston Villa,1,1,D,1,0,H,13,13,5,5,7,11,3,3,0,0,PL,24_25,7,9,1.8,2.6,2.0,2.2,-2,-0.19999999999999996,0.3999999999999999
2024-03-29,Cadiz,Granada,1,0,H,0,0,D,13,10,5,2,5,2,2,4,0,0,LL,23_24,5,2,1.0,1.4,1.4,2.6,3,-0.3999999999999999,-1.2000000000000002
2024-03-30,Newcastle,West Ham,4,3,H,1,2,A,24,10,9,4,3,4,1,1,1,0,PL,24_25,7,8,2.2,2.2,2.0,1.6,-1,0.20000000000000018,0.6000000000000001
2024-03-30,Fiorentina,Milan,1,2,A,0,0,D,17,14,7,10,7,5,2,3,0,0,SA,23_24,6,10,1.0,1.2,1.6,1.2,-4,-0.6000000000000001,0.0
2024-03-30,Brentford,Man United,1,1,D,0,0,D,31,11,5,5,14,4,2,2,0,0,PL,24_25,1,9,1.2,2.2,1.6,1.4,-8,-0.40000000000000013,0.8000000000000003
2024-03-30,Genoa,Frosinone,1,1,D,1,1,D,9,15,3,3,3,8,2,1,0,0,SA,23_24,5,1,1.2,1.2,1.0,2.2,4,0.19999999999999996,-1.0000000000000002
2024-03-30,Torino,Monza,1,0,H,0,0,D,15,9,6,2,7,2,0,3,0,1,SA,23_24,5,12,1.0,1.2,2.2,1.6,-7,-1.2000000000000002,-0.40000000000000013
2024-03-30,Barcelona,Las Palmas,1,0,H,0,0,D,14,8,2,0,6,1,5,1,0,1,LL,23_24,13,2,2.0,0.2,0.8,2.4,11,1.2,-2.1999999999999997
2024-03-30,Valencia,Mallorca,0,0,D,0,0,D,14,11,5,3,3,3,0,2,0,0,LL,23_24,5,7,0.6,1.0,0.8,0.8,-2,-0.20000000000000007,0.19999999999999996
2024-03-30,Almeria,Osasuna,0,3,A,0,2,A,12,6,5,4,6,1,3,2,0,0,LL,23_24,6,7,1.2,1.2,1.2,1.4,-1,0.0,-0.19999999999999996
2024-03-30,Getafe,Sevilla,0,1,A,0,1,A,18,10,5,3,7,3,4,5,0,0,LL,23_24,5,5,1.0,1.8,1.2,1.4,0,-0.19999999999999996,0.40000000000000013
2024-03-30,Lazio,Juventus,1,0,H,0,0,D,16,9,4,3,7,2,1,2,0,0,SA,23_24,6,6,1.4,1.4,1.6,1.6,0,-0.20000000000000018,-0.20000000000000018
2024-03-30,Tottenham,Luton,2,1,H,0,1,A,17,7,4,3,3,6,2,4,0,0,PL,24_25,9,2,2.0,1.4,1.6,2.6,7,0.3999999999999999,-1.2000000000000002
2024-03-30,Sheffield United,Fulham,3,3,D,0,0,D,8,24,4,9,2,15,4,1,0,0,PL,24_25,4,9,1.0,3.0,2.0,1.0,-5,-1.0,2.0
2024-03-30,Nott'm Forest,Crystal Palace,1,1,D,0,1,A,12,10,5,3,4,6,1,1,0,0,PL,24_25,4,5,1.0,1.4,1.4,1.6,-1,-0.3999999999999999,-0.20000000000000018
2024-03-30,Chelsea,Burnley,2,2,D,1,0,H,33,18,13,7,12,4,2,2,0,1,PL,24_25,8,4,2.2,2.0,0.8,2.6,4,1.4000000000000001,-0.6000000000000001
2024-03-30,Bournemouth,Everton,2,1,H,0,0,D,11,7,4,3,9,8,1,2,0,0,PL,24_25,8,2,2.0,1.6,0.6,1.8,6,1.4,-0.19999999999999996
2024-03-30,Aston Villa,Wolves,2,0,H,1,0,H,11,13,5,3,5,4,3,4,0,0,PL,24_25,10,9,2.0,2.0,1.0,1.4,1,1.0,0.6000000000000001
2024-03-30,Napoli,Atalanta,0,3,A,0,2,A,20,12,6,6,7,5,2,2,0,0,SA,23_24,9,5,2.2,1.0,1.4,1.8,4,0.8000000000000003,-0.8
2024-03-31,Alaves,Sociedad,0,1,A,0,0,D,3,12,0,3,3,8,2,2,0,0,LL,23_24,5,9,0.4,0.8,2.0,1.8,-4,-1.6,-1.0
2024-03-31,Real Madrid,Ath Bilbao,2,0,H,1,0,H,9,7,4,3,4,7,2,1,0,0,LL,23_24,11,10,2.4,1.0,1.6,1.0,1,0.7999999999999998,0.0
2024-03-31,Celta,Vallecano,0,0,D,0,0,D,13,8,0,2,3,2,3,3,0,0,LL,23_24,7,5,1.2,1.8,0.8,1.2,2,0.3999999999999999,0.6000000000000001
2024-03-31,Liverpool,Brighton,2,1,H,1,1,D,30,9,8,3,8,4,5,3,0,0,PL,24_25,13,7,2.6,0.8,1.6,1.2,6,1.0,-0.3999999999999999
2024-03-31,Man City,Arsenal,0,0,D,0,0,D,12,6,1,2,7,4,0,2,0,0,PL,24_25,11,15,1.4,0.6,4.6,0.4,-4,-3.1999999999999997,0.19999999999999996
2024-03-31,Girona,Betis,3,2,H,1,1,D,9,7,5,4,5,4,3,4,0,0,LL,23_24,6,4,1.4,1.0,1.2,1.6,2,0.19999999999999996,-0.6000000000000001
2024-04-01,Lecce,Roma,0,0,D,0,0,D,27,10,6,3,8,4,3,2,0,0,SA,23_24,4,13,0.4,1.6,2.6,1.0,-9,-2.2,0.6000000000000001
2024-04-01,Bologna,Salernitana,3,0,H,2,0,H,14,8,3,2,5,3,0,3,0,0,SA,23_24,12,1,1.4,0.6,0.6,2.4,11,0.7999999999999999,-1.7999999999999998
2024-04-01,Sassuolo,Udinese,1,1,D,1,1,D,14,12,5,3,10,1,1,2,0,0,SA,23_24,3,5,0.8,2.2,0.8,1.4,-2,0.0,0.8000000000000003
2024-04-01,Inter,Empoli,2,0,H,1,0,H,19,14,7,3,8,6,0,2,0,0,SA,23_24,13,4,2.4,0.4,0.8,1.2,9,1.5999999999999999,-0.7999999999999999
2024-04-01,Cagliari,Verona,1,1,D,0,1,A,11,8,2,5,7,2,0,2,0,0,SA,23_24,8,7,1.4,1.0,1.0,1.4,1,0.3999999999999999,-0.3999999999999999
2024-04-01,Villarreal,Ath Madrid,1,2,A,0,1,A,11,14,2,8,3,3,3,3,0,0,LL,23_24,13,7,2.6,1.0,1.8,1.6,6,0.8,-0.6000000000000001
2024-04-02,Newcastle,Everton,1,1,D,1,0,H,18,10,6,3,7,3,0,3,0,0,PL,24_25,7,2,2.4,2.4,0.8,1.8,5,1.5999999999999999,0.5999999999999999
2024-04-02,Nott'm Forest,Fulham,3,1,H,3,0,H,16,18,4,3,3,8,0,0,0,0,PL,24_25,2,10,0.8,1.6,2.4,1.2,-8,-1.5999999999999999,0.40000000000000013
2024-04-02,Bournemouth,Crystal Palace,1,0,H,0,0,D,11,3,6,2,9,2,3,2,0,0,PL,24_25,10,6,2.0,1.4,1.4,1.2,4,0.6000000000000001,0.19999999999999996
2024-04-02,Burnley,Wolves,1,1,D,1,1,D,13,8,6,2,7,4,0,2,0,0,PL,24_25,5,9,1.2,2.0,1.0,1.4,-4,0.19999999999999996,0.6000000000000001
2024-04-02,West Ham,Tottenham,1,1,D,1,1,D,11,13,4,4,9,5,1,4,0,0,PL,24_25,8,9,2.6,2.0,2.0,1.4,-1,0.6000000000000001,0.6000000000000001
2024-04-03,Man City,Aston Villa,4,1,H,2,1,H,25,8,11,3,2,3,1,2,0,0,PL,24_25,11,10,1.2,0.4,2.0,1.8,1,-0.8,-1.4
2024-04-03,Brentford,Brighton,0,0,D,0,0,D,5,24,2,6,1,5,1,1,0,0,PL,24_25,2,7,1.4,2.2,1.6,1.2,-5,-0.20000000000000018,1.0000000000000002
2024-04-03,Arsenal,Luton,2,0,H,2,0,H,13,5,4,1,3,1,1,1,0,0,PL,24_25,13,2,3.4,0.4,1.6,2.2,11,1.7999999999999998,-1.8000000000000003
2024-04-04,Granada,Valencia,0,1,A,0,0,D,13,6,3,2,5,4,3,1,0,0,LL,23_24,1,6,0.8,2.2,0.6,0.6,-5,0.20000000000000007,1.6
2024-04-04,Liverpool,Sheffield United,3,1,H,1,0,H,29,8,9,3,13,1,0,1,0,0,PL,24_25,13,2,2.4,0.8,1.0,3.4,11,1.4,-2.5999999999999996
2024-04-04,Chelsea,Man United,4,3,H,2,2,D,28,19,10,5,12,3,3,0,0,0,PL,24_25,9,7,2.2,1.6,1.4,1.4,2,0.8000000000000003,0.20000000000000018
2024-04-05,Salernitana,Sassuolo,2,2,D,0,2,A,5,16,2,5,4,9,4,3,0,0,SA,23_24,1,4,0.6,2.2,0.6,1.8,-3,0.0,0.40000000000000013
2024-04-06,Empoli,Torino,3,2,H,1,0,H,4,19,3,5,1,7,2,1,0,0,SA,23_24,3,8,0.6,1.4,1.2,0.8,-5,-0.6,0.5999999999999999
2024-04-06,Milan,Lecce,3,0,H,2,0,H,16,12,8,7,5,1,1,1,0,1,SA,23_24,13,5,1.6,0.6,0.4,1.2,8,1.2000000000000002,-0.6
2024-04-06,Brighton,Arsenal,0,3,A,0,1,A,10,20,2,7,8,7,1,2,0,0,PL,24_25,5,13,0.6,1.2,2.8,0.4,-8,-2.1999999999999997,0.7999999999999999
2024-04-06,Crystal Palace,Man City,2,4,A,1,1,D,7,18,4,8,2,9,1,1,0,0,PL,24_25,5,11,1.2,1.2,1.8,0.6,-6,-0.6000000000000001,0.6
2024-04-06,Aston Villa,Brentford,3,3,D,1,0,H,11,8,3,3,11,3,2,2,0,0,PL,24_25,7,3,1.4,2.2,1.0,1.4,4,0.3999999999999999,0.8000000000000003
2024-04-06,Everton,Burnley,1,0,H,1,0,H,12,6,3,1,3,5,2,1,0,1,PL,24_25,2,6,0.8,1.8,1.4,1.6,-4,-0.5999999999999999,0.19999999999999996
2024-04-06,Fulham,Newcastle,0,1,A,0,0,D,14,12,4,5,14,3,1,2,0,0,PL,24_25,7,7,2.2,1.6,2.2,2.2,0,0.0,-0.6000000000000001
2024-04-06,Luton,Bournemouth,2,1,H,0,0,D,19,8,9,1,7,2,0,0,0,0,PL,24_25,2,13,1.2,2.0,2.2,1.2,-11,-1.0000000000000002,0.8
2024-04-06,Wolves,West Ham,1,2,A,1,0,H,14,11,7,4,4,4,5,2,0,0,PL,24_25,7,6,0.8,1.4,2.0,1.8,1,-1.2,-0.40000000000000013
2024-04-06,Roma,Lazio,1,0,H,1,0,H,15,11,3,1,3,6,6,3,0,0,SA,23_24,11,6,2.0,1.0,1.2,1.4,5,0.8,-0.3999999999999999
2024-04-07,Sheffield United,Chelsea,2,2,D,1,1,D,11,6,6,3,7,6,4,2,0,0,PL,24_25,2,9,1.2,3.0,2.4,2.0,-7,-1.2,1.0
2024-04-07,Man United,Liverpool,2,2,D,0,1,A,9,28,5,7,6,11,5,2,0,0,PL,24_25,4,13,1.6,2.0,2.2,0.8,-9,-0.6000000000000001,1.2
2024-04-07,Frosinone,Bologna,0,0,D,0,0,D,12,13,5,5,5,2,1,3,0,0,SA,23_24,2,12,1.2,1.8,1.6,0.4,-10,-0.40000000000000013,1.4
2024-04-07,Tottenham,Nott'm Forest,3,1,H,1,1,D,17,13,7,6,12,2,2,3,0,0,PL,24_25,10,5,2.0,1.2,1.0,1.0,5,1.0,0.19999999999999996
2024-04-07,Monza,Napoli,2,4,A,1,0,H,7,19,2,8,1,6,3,1,0,0,SA,23_24,9,8,1.4,1.4,2.0,1.4,1,-0.6000000000000001,0.0
2024-04-07,Verona,Genoa,1,2,A,1,1,D,12,11,3,5,5,3,3,1,0,0,SA,23_24,7,5,0.8,1.2,1.2,1.2,2,-0.3999999999999999,0.0
2024-04-07,Juventus,Fiorentina,1,0,H,1,0,H,7,13,2,2,5,6,2,1,0,0,SA,23_24,5,6,1.2,1.4,1.2,1.2,-1,0.0,0.19999999999999996
2024-04-07,Cagliari,Atalanta,2,1,H,1,1,D,11,7,3,2,4,4,3,3,0,0,SA,23_24,8,5,1.4,1.0,1.4,1.8,3,0.0,-0.8
2024-04-08,Udinese,Inter,1,2,A,1,0,H,3,23,1,6,0,8,1,2,0,0,SA,23_24,5,13,0.8,1.4,2.0,0.4,-8,-1.2,0.9999999999999999
2024-04-12,Lazio,Salernitana,4,1,H,3,1,H,17,8,6,5,9,0,0,1,0,0,SA,23_24,6,2,1.0,1.2,1.0,2.2,4,0.0,-1.0000000000000002
2024-04-12,Betis,Celta,2,1,H,0,0,D,15,12,3,5,6,5,1,0,0,0,LL,23_24,3,8,1.6,2.2,1.0,1.4,-5,0.6000000000000001,0.8000000000000003
2024-04-13,Bournemouth,Man United,2,2,D,2,1,H,20,8,5,2,7,2,4,0,0,0,PL,24_25,10,5,2.0,1.6,1.8,2.0,5,0.19999999999999996,-0.3999999999999999
2024-04-13,Bologna,Monza,0,0,D,0,0,D,17,4,7,0,10,0,4,4,0,0,SA,23_24,10,6,1.2,0.4,1.4,2.2,4,-0.19999999999999996,-1.8000000000000003
2024-04-13,Lecce,Empoli,1,0,H,0,0,D,14,3,7,0,10,3,1,0,0,0,SA,23_24,5,3,0.4,1.0,0.6,1.4,2,-0.19999999999999996,-0.3999999999999999
2024-04-13,Cadiz,Barcelona,0,1,A,0,1,A,14,12,3,2,8,4,3,3,0,0,LL,23_24,8,13,1.2,1.0,1.8,0.0,-5,-0.6000000000000001,1.0
2024-04-13,Mallorca,Real Madrid,0,1,A,0,0,D,6,16,2,9,4,2,2,1,0,0,LL,23_24,8,13,0.6,0.4,2.6,0.8,-5,-2.0,-0.4
2024-04-13,Vallecano,Getafe,0,0,D,0,0,D,11,7,2,0,3,0,4,6,0,0,LL,23_24,5,4,0.6,1.0,0.8,1.8,1,-0.20000000000000007,-0.8
2024-04-13,Newcastle,Tottenham,4,0,H,2,0,H,18,11,5,2,16,3,0,4,0,0,PL,24_25,10,10,2.2,1.4,2.0,1.2,0,0.20000000000000018,0.19999999999999996
2024-04-13,Brentford,Sheffield United,2,0,H,0,0,D,9,8,5,2,3,6,3,1,0,0,PL,24_25,3,3,1.2,1.6,1.6,3.2,0,-0.40000000000000013,-1.6
2024-04-13,Ath Madrid,Girona,3,1,H,2,1,H,17,12,4,5,2,0,3,2,0,0,LL,23_24,7,9,1.2,1.8,1.6,0.8,-2,-0.40000000000000013,1.0
2024-04-13,Burnley,Brighton,1,1,D,0,0,D,11,20,3,8,4,5,1,2,0,0,PL,24_25,6,4,1.4,1.4,0.4,1.6,2,0.9999999999999999,-0.20000000000000018
2024-04-13,Man City,Luton,5,1,H,1,0,H,33,4,13,2,12,1,1,0,0,0,PL,24_25,11,4,2.4,1.0,1.4,2.0,7,1.0,-1.0
2024-04-13,Nott'm Forest,Wolves,2,2,D,1,1,D,18,11,9,4,10,1,2,3,0,0,PL,24_25,5,4,1.2,1.4,0.8,1.8,1,0.3999999999999999,-0.40000000000000013
2024-04-13,Torino,Juventus,0,0,D,0,0,D,13,8,2,3,6,2,3,2,1,0,SA,23_24,8,5,1.2,0.8,0.8,1.0,3,0.3999999999999999,-0.19999999999999996
2024-04-14,Napoli,Frosinone,2,2,D,1,0,H,20,13,9,6,6,2,3,1,1,0,SA,23_24,8,3,1.6,1.6,0.8,1.2,5,0.8,0.40000000000000013
2024-04-14,Sassuolo,Milan,3,3,D,2,1,H,10,23,5,7,2,6,3,1,0,0,SA,23_24,5,15,0.8,1.0,2.0,0.4,-10,-1.2,0.6
2024-04-14,Las Palmas,Sevilla,0,2,A,0,1,A,5,10,2,3,6,2,3,3,1,0,LL,23_24,2,7,0.8,1.6,1.4,1.4,-5,-0.5999999999999999,0.20000000000000018
2024-04-14,Sociedad,Almeria,2,2,D,1,1,D,17,7,4,3,5,1,2,2,1,0,LL,23_24,9,5,1.8,1.6,1.0,1.6,4,0.8,0.0
2024-04-14,Inter,Cagliari,2,2,D,1,0,H,12,11,7,6,7,0,0,2,0,0,SA,23_24,13,10,1.6,0.6,1.6,1.0,3,0.0,-0.4
2024-04-14,Ath Bilbao,Villarreal,1,1,D,0,0,D,13,10,6,2,3,1,3,3,0,1,LL,23_24,7,12,1.0,1.0,2.6,1.2,-5,-1.6,-0.19999999999999996
2024-04-14,West Ham,Fulham,0,2,A,0,1,A,15,18,4,10,8,3,1,2,0,0,PL,24_25,6,4,1.8,1.8,1.6,1.8,2,0.19999999999999996,0.0
2024-04-14,Arsenal,Aston Villa,0,2,A,0,0,D,18,11,4,2,4,6,3,1,0,0,PL,24_25,13,5,2.6,0.2,1.4,2.4,8,1.2000000000000002,-2.1999999999999997
2024-04-14,Granada,Alaves,2,0,H,2,0,H,9,8,3,3,1,5,3,2,0,0,LL,23_24,0,4,0.6,2.2,0.4,1.0,-4,0.19999999999999996,1.2000000000000002
2024-04-14,Liverpool,Crystal Palace,0,1,A,0,1,A,21,8,6,5,11,1,1,1,0,0,PL,24_25,11,2,1.8,1.0,1.0,2.0,9,0.8,-1.0
2024-04-15,Atalanta,Verona,2,2,D,2,0,H,16,13,9,5,5,4,0,2,0,0,SA,23_24,4,7,1.4,2.0,1.0,1.2,-3,0.3999999999999999,0.8
2024-04-15,Fiorentina,Genoa,1,1,D,0,1,A,20,7,3,3,6,2,1,2,0,0,SA,23_24,5,5,1.0,1.2,1.2,1.4,0,-0.19999999999999996,-0.19999999999999996
2024-04-15,Osasuna,Valencia,0,1,A,0,1,A,13,4,2,3,4,1,0,2,0,0,LL,23_24,7,8,1.4,1.4,0.8,0.6,-1,0.5999999999999999,0.7999999999999999
2024-04-15,Chelsea,Everton,6,0,H,4,0,H,14,10,10,2,4,8,1,4,0,0,PL,24_25,9,4,2.6,2.2,0.8,1.6,5,1.8,0.6000000000000001
2024-04-19,Cagliari,Juventus,2,2,D,2,0,H,9,11,4,3,4,3,2,3,0,0,SA,23_24,8,6,1.8,1.4,0.6,0.6,2,1.2000000000000002,0.7999999999999999
2024-04-19,Genoa,Lazio,0,1,A,0,0,D,8,13,2,1,2,9,1,2,0,0,SA,23_24,6,9,1.2,1.2,1.8,1.2,-3,-0.6000000000000001,0.0
2024-04-19,Ath Bilbao,Granada,1,1,D,1,1,D,17,5,6,0,11,4,4,2,0,0,LL,23_24,8,3,1.0,0.6,0.8,1.2,5,0.19999999999999996,-0.6
2024-04-20,Valencia,Betis,1,2,A,0,1,A,8,12,5,6,7,6,2,3,0,0,LL,23_24,10,3,0.6,0.2,1.4,2.2,7,-0.7999999999999999,-2.0
2024-04-20,Wolves,Arsenal,0,2,A,0,1,A,5,24,3,9,1,2,3,2,0,0,PL,24_25,5,10,1.2,1.6,1.4,0.6,-5,-0.19999999999999996,1.0
2024-04-20,Sheffield United,Burnley,1,4,A,0,2,A,18,16,11,9,11,2,1,0,0,0,PL,24_25,3,6,1.6,2.4,1.2,1.2,-3,0.40000000000000013,1.2
2024-04-20,Luton,Brentford,1,5,A,0,2,A,6,21,3,9,4,9,1,2,0,0,PL,24_25,4,6,1.0,2.2,1.4,1.2,-2,-0.3999999999999999,1.0000000000000002
2024-04-20,Girona,Cadiz,4,1,H,2,0,H,10,12,5,5,2,4,1,2,0,0,LL,23_24,6,7,1.2,1.4,0.8,0.8,-1,0.3999999999999999,0.5999999999999999
2024-04-20,Vallecano,Osasuna,2,1,H,0,1,A,17,6,6,2,5,1,4,1,0,0,LL,23_24,6,6,0.6,0.4,1.2,1.4,0,-0.6,-0.9999999999999999
2024-04-20,Celta,Las Palmas,4,1,H,2,1,H,21,9,13,4,8,4,1,0,0,0,LL,23_24,7,1,0.8,1.4,0.6,1.8,6,0.20000000000000007,-0.40000000000000013
2024-04-20,Empoli,Napoli,1,0,H,1,0,H,7,9,1,1,2,8,2,2,0,0,SA,23_24,3,6,0.6,1.4,1.6,1.8,-3,-1.0,-0.40000000000000013
2024-04-20,Verona,Udinese,1,0,H,0,0,D,16,18,4,1,10,6,2,2,0,0,SA,23_24,5,5,1.2,1.6,1.0,1.4,0,0.19999999999999996,0.20000000000000018
2024-04-21,Monza,Atalanta,1,2,A,0,1,A,17,12,2,6,2,8,3,2,0,0,SA,23_24,7,5,1.2,1.4,1.8,1.6,2,-0.6000000000000001,-0.20000000000000018
2024-04-21,Everton,Nott'm Forest,2,0,H,1,0,H,7,8,4,3,6,4,3,2,0,0,PL,24_25,4,6,0.6,2.2,1.6,1.6,-2,-1.0,0.6000000000000001
2024-04-21,Aston Villa,Bournemouth,3,1,H,1,1,D,14,14,4,6,8,4,1,3,0,0,PL,24_25,8,10,1.8,1.6,2.0,1.6,-2,-0.19999999999999996,0.0
2024-04-21,Crystal Palace,West Ham,5,2,H,4,1,H,18,4,7,1,4,0,3,2,0,0,PL,24_25,5,5,1.0,1.4,1.4,1.8,0,-0.3999999999999999,-0.40000000000000013
2024-04-21,Fulham,Liverpool,1,3,A,1,1,D,12,14,5,7,1,4,3,0,0,0,PL,24_25,7,8,1.8,1.4,1.6,1.2,-1,0.19999999999999996,0.19999999999999996
2024-04-21,Sassuolo,Lecce,0,3,A,0,2,A,10,14,3,8,9,4,1,0,0,0,SA,23_24,6,7,1.4,1.4,0.4,0.8,-1,0.9999999999999999,0.5999999999999999
2024-04-21,Getafe,Sociedad,1,1,D,1,1,D,6,7,4,3,0,4,0,2,0,0,LL,23_24,5,10,0.8,1.0,2.0,1.4,-5,-1.2,-0.3999999999999999
2024-04-21,Almeria,Villarreal,1,2,A,1,1,D,24,11,5,3,5,2,3,4,1,0,LL,23_24,5,10,1.0,1.6,2.2,1.2,-5,-1.2000000000000002,0.40000000000000013
2024-04-21,Alaves,Ath Madrid,2,0,H,1,0,H,8,15,3,4,1,11,5,3,0,0,LL,23_24,3,9,0.2,1.2,1.4,1.6,-6,-1.2,-0.40000000000000013
2024-04-21,Real Madrid,Barcelona,3,2,H,1,1,D,14,14,8,6,2,8,3,2,0,0,LL,23_24,13,13,2.6,0.8,1.2,0.0,0,1.4000000000000001,0.8
2024-04-21,Salernitana,Fiorentina,0,2,A,0,0,D,5,12,1,7,2,5,2,4,0,0,SA,23_24,1,3,1.0,2.8,0.8,1.2,-2,0.19999999999999996,1.5999999999999999
2024-04-21,Torino,Frosinone,0,0,D,0,0,D,13,12,2,3,6,4,2,2,0,0,SA,23_24,8,3,1.2,0.8,1.0,1.4,5,0.19999999999999996,-0.5999999999999999
2024-04-22,Milan,Inter,1,2,A,0,1,A,15,11,6,3,5,3,3,2,2,1,SA,23_24,13,11,2.4,1.0,1.6,0.8,2,0.7999999999999998,0.19999999999999996
2024-04-22,Roma,Bologna,1,3,A,0,2,A,14,11,5,3,8,2,5,2,0,0,SA,23_24,11,8,1.6,0.6,0.8,0.2,3,0.8,0.39999999999999997
2024-04-22,Sevilla,Mallorca,2,1,H,0,0,D,11,8,4,6,4,4,0,2,0,0,LL,23_24,10,7,1.8,1.2,0.4,0.4,3,1.4,0.7999999999999999
2024-04-23,Arsenal,Chelsea,5,0,H,1,0,H,27,7,10,1,4,2,2,2,0,0,PL,24_25,10,11,1.4,0.4,3.4,1.8,-1,-2.0,-1.4
2024-04-24,Wolves,Bournemouth,0,1,A,0,1,A,15,21,4,6,8,12,4,1,0,1,PL,24_25,2,7,0.8,1.8,1.4,1.6,-5,-0.5999999999999999,0.19999999999999996
2024-04-24,Crystal Palace,Newcastle,2,0,H,0,0,D,20,7,7,2,7,2,3,3,0,0,PL,24_25,7,10,1.8,1.6,2.4,1.4,-3,-0.5999999999999999,0.20000000000000018
2024-04-24,Everton,Liverpool,2,0,H,1,0,H,16,23,6,7,4,13,0,3,0,0,PL,24_25,7,10,1.0,1.8,2.0,1.2,-3,-1.0,0.6000000000000001
2024-04-24,Man United,Sheffield United,4,2,H,1,1,D,25,10,13,4,9,4,0,1,0,0,PL,24_25,6,2,2.0,1.8,1.4,2.8,4,0.6000000000000001,-0.9999999999999998
2024-04-25,Udinese,Roma,1,2,A,1,0,H,9,19,3,5,5,8,3,2,0,0,SA,23_24,4,8,0.8,1.4,1.0,1.0,-4,-0.19999999999999996,0.3999999999999999
2024-04-25,Brighton,Man City,0,4,A,0,3,A,7,14,3,6,4,4,2,0,0,0,PL,24_25,5,11,0.6,1.2,2.8,1.0,-6,-2.1999999999999997,0.19999999999999996
2024-04-26,Frosinone,Salernitana,3,0,H,2,0,H,11,17,4,2,7,3,2,2,0,0,SA,23_24,4,1,1.0,1.2,0.6,2.4,3,0.4,-1.2
2024-04-26,Sociedad,Real Madrid,0,1,A,0,1,A,9,5,3,3,11,3,3,4,0,0,LL,23_24,11,15,1.8,1.0,2.8,0.8,-4,-0.9999999999999998,0.19999999999999996
2024-04-27,Fulham,Crystal Palace,1,1,D,0,0,D,9,14,2,4,5,9,0,2,0,0,PL,24_25,4,9,1.4,2.0,2.0,1.4,-5,-0.6000000000000001,0.6000000000000001
2024-04-27,Man United,Burnley,1,1,D,0,0,D,27,16,10,7,6,5,1,3,0,0,PL,24_25,6,6,2.4,2.2,1.6,1.2,0,0.7999999999999998,1.0000000000000002
2024-04-27,West Ham,Liverpool,2,2,D,1,0,H,11,28,8,8,5,8,0,2,0,0,PL,24_25,4,7,1.6,2.6,1.6,1.4,-3,0.0,1.2000000000000002
2024-04-27,Almeria,Getafe,1,3,A,1,1,D,21,8,11,5,9,2,5,4,1,0,LL,23_24,5,5,1.2,1.8,0.4,0.6,0,0.7999999999999999,1.2000000000000002
2024-04-27,Lazio,Verona,1,0,H,0,0,D,17,7,5,1,4,2,4,4,0,0,SA,23_24,12,5,1.8,0.8,1.2,1.6,7,0.6000000000000001,-0.8
2024-04-27,Aston Villa,Chelsea,2,2,D,2,0,H,9,21,4,5,2,4,3,5,0,0,PL,24_25,10,8,2.2,1.6,2.8,2.4,2,-0.5999999999999996,-0.7999999999999998
2024-04-27,Juventus,Milan,0,0,D,0,0,D,18,9,7,0,9,4,0,1,0,0,SA,23_24,6,10,0.6,0.6,2.4,1.4,-4,-1.7999999999999998,-0.7999999999999999
2024-04-27,Newcastle,Sheffield United,5,1,H,1,1,D,20,15,7,5,4,5,0,0,0,0,PL,24_25,10,1,2.0,1.2,1.2,3.0,9,0.8,-1.8
2024-04-27,Las Palmas,Girona,0,2,A,0,1,A,10,6,5,3,4,2,1,3,0,0,LL,23_24,0,9,0.2,2.0,2.0,1.4,-9,-1.8,0.6000000000000001
2024-04-27,Everton,Brentford,1,0,H,0,0,D,18,10,1,4,6,6,1,2,0,0,PL,24_25,10,9,1.2,1.4,2.2,1.0,1,-1.0000000000000002,0.3999999999999999
2024-04-27,Ath Madrid,Ath Bilbao,3,1,H,1,1,D,8,7,3,1,3,5,3,2,0,0,LL,23_24,6,8,1.0,1.8,1.2,0.8,-2,-0.19999999999999996,1.0
2024-04-27,Alaves,Celta,3,0,H,0,0,D,16,4,8,0,8,3,3,3,0,0,LL,23_24,6,7,0.6,1.0,1.4,1.6,-1,-0.7999999999999999,-0.6000000000000001
2024-04-27,Wolves,Luton,2,1,H,1,0,H,13,9,5,6,4,4,3,1,0,0,PL,24_25,2,3,0.8,1.6,1.0,3.0,-1,-0.19999999999999996,-1.4
2024-04-27,Lecce,Monza,1,1,D,0,0,D,12,9,4,1,0,5,2,3,0,0,SA,23_24,10,4,1.0,0.6,0.8,1.4,6,0.19999999999999996,-0.7999999999999999
2024-04-28,Tottenham,Arsenal,2,3,A,0,3,A,14,9,2,3,8,6,2,1,0,0,PL,24_25,7,12,1.2,2.0,2.4,0.4,-5,-1.2,1.6
2024-04-28,Nott'm Forest,Man City,0,2,A,0,1,A,14,11,2,5,4,5,0,0,0,0,PL,24_25,5,13,1.4,1.8,3.4,0.8,-8,-2.0,1.0
2024-04-28,Fiorentina,Sassuolo,5,1,H,1,0,H,22,7,10,2,10,2,2,2,0,0,SA,23_24,5,3,1.2,1.2,1.2,2.0,2,0.0,-0.8
2024-04-28,Napoli,Roma,2,2,D,0,0,D,27,10,9,4,9,2,2,0,0,0,SA,23_24,5,10,1.4,1.8,1.0,0.8,-5,0.3999999999999999,1.0
2024-04-28,Atalanta,Empoli,2,0,H,1,0,H,17,11,5,2,8,1,1,2,0,0,SA,23_24,8,6,2.0,1.4,0.8,1.2,2,1.2,0.19999999999999996
2024-04-28,Bologna,Udinese,1,1,D,0,1,A,15,11,4,4,10,3,3,7,1,0,SA,23_24,11,1,1.4,0.2,0.6,1.6,10,0.7999999999999999,-1.4000000000000001
2024-04-28,Inter,Torino,2,0,H,0,0,D,17,11,5,3,5,4,0,0,0,1,SA,23_24,11,8,1.8,1.0,1.0,0.6,3,0.8,0.4
2024-04-28,Bournemouth,Brighton,3,0,H,1,0,H,15,13,6,1,8,2,2,2,0,0,PL,24_25,7,2,1.2,1.4,0.4,2.0,5,0.7999999999999999,-0.6000000000000001
2024-04-28,Cadiz,Mallorca,1,1,D,0,1,A,10,9,2,2,3,1,3,2,0,0,LL,23_24,6,4,0.8,1.4,0.4,0.8,2,0.4,0.5999999999999999
2024-04-28,Granada,Osasuna,3,0,H,1,0,H,12,11,4,2,0,6,4,0,0,0,LL,23_24,4,3,0.6,0.8,1.2,1.8,1,-0.6,-1.0
2024-04-28,Villarreal,Vallecano,3,0,H,1,0,H,15,20,7,4,3,6,2,1,0,0,LL,23_24,10,8,1.6,1.2,0.8,0.4,2,0.8,0.7999999999999999
2024-04-28,Betis,Sevilla,1,1,D,1,0,H,15,10,5,1,4,6,3,5,0,0,LL,23_24,6,10,1.6,2.0,1.6,1.0,-4,0.0,1.0
2024-04-29,Barcelona,Valencia,4,2,H,1,2,A,27,5,13,3,15,1,1,0,0,1,LL,23_24,12,7,1.6,0.6,0.6,0.6,5,1.0,0.0
2024-04-29,Genoa,Cagliari,3,0,H,2,0,H,12,12,5,1,2,4,0,2,0,0,SA,23_24,6,6,0.8,0.8,1.4,1.4,0,-0.5999999999999999,-0.5999999999999999
2024-05-02,Chelsea,Tottenham,2,0,H,1,0,H,16,19,5,3,4,9,0,1,0,0,PL,24_25,8,7,2.8,2.4,1.6,2.0,1,1.1999999999999997,0.3999999999999999
2024-05-03,Luton,Everton,1,1,D,1,1,D,18,10,5,3,8,7,1,3,0,0,PL,24_25,3,12,1.0,3.0,1.2,1.2,-9,-0.19999999999999996,1.8
2024-05-03,Torino,Bologna,0,0,D,0,0,D,8,5,1,1,2,4,2,2,0,0,SA,23_24,5,9,0.6,1.0,1.4,0.4,-4,-0.7999999999999999,0.6
2024-05-03,Getafe,Ath Bilbao,0,2,A,0,1,A,34,7,9,2,10,6,0,2,0,2,LL,23_24,8,5,1.0,0.6,1.0,1.4,3,0.0,-0.7999999999999999
2024-05-04,Arsenal,Bournemouth,3,0,H,1,0,H,25,7,9,2,6,1,2,3,0,0,PL,24_25,12,7,2.6,0.8,1.6,1.4,5,1.0,-0.5999999999999999
2024-05-04,Brentford,Fulham,0,0,D,0,0,D,7,15,3,3,7,6,1,1,0,0,PL,24_25,8,4,2.0,1.0,1.0,1.6,4,1.0,-0.6000000000000001
2024-05-04,Man City,Wolves,5,1,H,3,0,H,20,2,12,1,6,0,0,4,0,0,PL,24_25,15,4,3.8,0.8,1.0,1.6,11,2.8,-0.8
2024-05-04,Sassuolo,Inter,1,0,H,1,0,H,6,14,2,1,2,5,1,1,0,0,SA,23_24,3,13,1.4,2.8,2.0,0.8,-10,-0.6000000000000001,1.9999999999999998
2024-05-04,Monza,Lazio,2,2,D,0,1,A,17,9,7,5,5,4,1,7,0,0,SA,23_24,2,12,0.8,1.6,1.4,0.4,-10,-0.5999999999999999,1.2000000000000002
2024-05-04,Sociedad,Las Palmas,2,0,H,2,0,H,9,7,4,1,7,2,2,1,0,0,LL,23_24,8,0,1.2,0.8,0.2,2.0,8,1.0,-1.2
2024-05-04,Real Madrid,Cadiz,3,0,H,0,0,D,19,7,9,2,7,4,0,1,0,0,LL,23_24,15,4,2.2,0.8,0.6,1.6,11,1.6,-0.8
2024-05-04,Girona,Barcelona,4,2,H,1,2,A,9,16,7,7,5,4,0,3,0,0,LL,23_24,9,12,2.0,1.4,2.2,1.0,-3,-0.20000000000000018,0.3999999999999999
2024-05-04,Mallorca,Ath Madrid,0,1,A,0,1,A,7,9,4,4,6,2,2,0,0,0,LL,23_24,5,9,0.6,0.8,1.6,1.6,-4,-1.0,-0.8
2024-05-04,Sheffield United,Nott'm Forest,1,3,A,1,1,D,17,15,5,4,5,3,0,1,1,0,PL,24_25,1,4,1.2,3.4,1.2,2.0,-3,0.0,1.4
2024-05-04,Burnley,Newcastle,1,4,A,0,3,A,17,23,5,11,4,11,2,2,0,0,PL,24_25,6,10,1.4,1.0,2.2,0.8,-4,-0.8000000000000003,0.19999999999999996
2024-05-05,Liverpool,Tottenham,4,2,H,2,0,H,25,11,13,6,8,3,1,4,0,0,PL,24_25,5,4,1.4,1.6,1.2,2.2,1,0.19999999999999996,-0.6000000000000001
2024-05-05,Chelsea,West Ham,5,0,H,3,0,H,25,13,14,2,8,6,1,3,0,0,PL,24_25,8,5,2.4,1.8,1.4,2.2,3,1.0,-0.40000000000000013
2024-05-05,Brighton,Aston Villa,1,0,H,0,0,D,15,2,8,1,7,3,2,1,0,0,PL,24_25,2,8,0.2,2.2,2.2,2.0,-6,-2.0,0.20000000000000018
2024-05-05,Verona,Fiorentina,2,1,H,1,1,D,9,13,4,4,1,2,2,1,0,0,SA,23_24,5,7,1.0,1.2,1.8,1.0,-2,-0.8,0.19999999999999996
2024-05-05,Osasuna,Betis,0,2,A,0,2,A,12,10,2,4,8,5,2,2,1,0,LL,23_24,3,7,1.2,2.0,1.4,1.6,-4,-0.19999999999999996,0.3999999999999999
2024-05-05,Valencia,Alaves,0,1,A,0,0,D,13,14,1,4,5,7,1,3,0,0,LL,23_24,7,6,1.0,1.2,1.0,1.0,1,0.0,0.19999999999999996
2024-05-05,Sevilla,Granada,3,0,H,1,0,H,11,8,5,3,5,4,2,2,0,0,LL,23_24,10,7,1.4,0.8,1.2,0.6,3,0.19999999999999996,0.20000000000000007
2024-05-05,Vallecano,Almeria,0,1,A,0,1,A,27,7,10,2,9,2,3,2,0,0,LL,23_24,8,4,0.8,0.8,1.0,2.0,4,-0.19999999999999996,-1.2
2024-05-05,Cagliari,Lecce,1,1,D,1,0,H,9,16,3,3,3,10,4,4,1,0,SA,23_24,6,8,1.4,1.8,1.0,0.8,-2,0.3999999999999999,1.0
2024-05-05,Celta,Villarreal,3,2,H,2,1,H,23,11,7,3,2,1,4,0,0,1,LL,23_24,7,10,1.4,1.4,1.6,0.8,-3,-0.20000000000000018,0.5999999999999999
2024-05-05,Milan,Genoa,3,3,D,1,1,D,26,6,7,2,7,1,1,1,0,0,SA,23_24,8,8,1.8,1.2,1.4,0.8,0,0.40000000000000013,0.3999999999999999
2024-05-05,Roma,Juventus,1,1,D,1,1,D,19,16,5,6,9,6,1,2,0,0,SA,23_24,8,6,1.2,1.2,0.6,0.6,2,0.6,0.6
2024-05-05,Empoli,Frosinone,0,0,D,0,0,D,7,17,1,5,3,8,2,3,0,0,SA,23_24,6,7,0.8,1.4,1.2,0.6,-1,-0.3999999999999999,0.7999999999999999
2024-05-06,Salernitana,Atalanta,1,2,A,1,0,H,9,17,2,4,1,7,1,0,0,0,SA,23_24,1,10,0.6,2.8,2.0,1.0,-9,-1.4,1.7999999999999998
2024-05-06,Crystal Palace,Man United,4,0,H,2,0,H,18,7,10,2,6,3,1,1,0,0,PL,24_25,10,6,2.2,1.4,2.4,2.2,4,-0.19999999999999973,-0.8000000000000003
2024-05-06,Udinese,Napoli,1,1,D,0,0,D,10,12,2,4,7,5,0,0,0,0,SA,23_24,2,5,0.8,1.4,1.6,2.0,-3,-0.8,-0.6000000000000001
2024-05-10,Alaves,Girona,2,2,D,1,2,A,14,15,8,5,5,3,3,2,0,0,LL,23_24,9,12,1.2,0.6,2.8,1.6,-3,-1.5999999999999999,-1.0
2024-05-10,Frosinone,Inter,0,5,A,0,1,A,17,14,8,5,8,4,0,0,0,0,SA,23_24,7,10,1.0,0.4,1.6,1.0,-3,-0.6000000000000001,-0.6
2024-05-11,Fulham,Man City,0,4,A,0,1,A,1,16,1,9,1,7,1,0,1,0,PL,24_25,5,15,0.8,1.0,4.0,0.8,-10,-3.2,0.19999999999999996
2024-05-11,Bournemouth,Brentford,1,2,A,0,0,D,13,11,4,5,3,8,2,2,0,0,PL,24_25,7,8,1.4,1.6,2.0,1.0,-1,-0.6000000000000001,0.6000000000000001
2024-05-11,Everton,Sheffield United,1,0,H,1,0,H,15,13,6,1,3,6,1,2,0,0,PL,24_25,10,0,1.2,1.4,1.0,3.6,10,0.19999999999999996,-2.2
2024-05-11,Newcastle,Brighton,1,1,D,1,1,D,18,15,7,4,8,4,3,4,0,0,PL,24_25,12,4,2.8,0.8,0.4,2.2,8,2.4,-1.4000000000000001
2024-05-11,Tottenham,Burnley,2,1,H,1,1,D,21,7,9,3,9,3,3,5,0,0,PL,24_25,3,5,1.4,2.8,1.4,1.6,-2,0.0,1.1999999999999997
2024-05-11,West Ham,Luton,3,1,H,0,1,A,24,4,8,1,7,6,1,3,0,0,PL,24_25,4,4,1.2,3.0,1.2,2.8,0,0.0,0.20000000000000018
2024-05-11,Wolves,Crystal Palace,1,3,A,0,2,A,13,13,7,3,8,3,3,2,0,1,PL,24_25,4,13,1.0,2.2,2.6,0.6,-9,-1.6,1.6
2024-05-11,Nott'm Forest,Chelsea,2,3,A,1,1,D,20,12,4,5,5,6,2,3,0,0,PL,24_25,4,10,1.2,2.0,3.0,1.4,-6,-1.8,0.6000000000000001
2024-05-11,Villarreal,Sevilla,3,2,H,1,2,A,25,8,7,4,10,1,3,5,0,0,LL,23_24,7,13,1.8,1.4,1.8,0.4,-6,0.0,0.9999999999999999
2024-05-11,Mallorca,Las Palmas,1,0,H,1,0,H,7,7,2,1,2,2,6,2,0,0,LL,23_24,2,0,0.4,1.0,0.2,2.2,2,0.2,-1.2000000000000002
2024-05-11,Napoli,Bologna,0,2,A,0,2,A,16,11,6,4,9,3,2,1,0,0,SA,23_24,6,7,1.8,1.6,0.8,0.4,-1,1.0,1.2000000000000002
2024-05-11,Milan,Cagliari,5,1,H,1,0,H,17,13,10,7,6,3,2,1,0,0,SA,23_24,6,6,2.0,1.6,1.4,1.8,0,0.6000000000000001,-0.19999999999999996
2024-05-11,Granada,Real Madrid,0,4,A,0,2,A,12,13,1,7,8,5,2,0,0,0,LL,23_24,7,15,1.2,1.0,2.0,0.4,-8,-0.8,0.6
2024-05-11,Ath Bilbao,Osasuna,2,2,D,0,1,A,15,13,6,3,8,6,2,4,0,0,LL,23_24,5,3,1.0,1.4,0.8,1.6,2,0.19999999999999996,-0.20000000000000018
2024-05-12,Lazio,Empoli,2,0,H,1,0,H,11,16,5,3,7,7,3,1,0,0,SA,23_24,10,7,1.6,0.8,0.8,1.0,3,0.8,-0.19999999999999996
2024-05-12,Genoa,Sassuolo,2,1,H,0,1,A,8,12,2,4,3,7,1,2,0,0,SA,23_24,8,5,1.8,1.2,1.4,2.6,3,0.40000000000000013,-1.4000000000000001
2024-05-12,Verona,Torino,1,2,A,0,0,D,13,6,5,2,7,4,3,2,1,0,SA,23_24,7,3,1.2,1.2,0.4,1.0,4,0.7999999999999999,0.19999999999999996
2024-05-12,Juventus,Salernitana,1,1,D,0,1,A,25,13,6,4,9,4,2,5,0,0,SA,23_24,7,1,0.8,0.6,0.8,2.6,6,0.0,-2.0
2024-05-12,Atalanta,Roma,2,1,H,2,0,H,24,9,7,6,6,1,1,1,0,0,SA,23_24,10,8,1.8,1.2,1.4,1.4,2,0.40000000000000013,-0.19999999999999996
2024-05-12,Betis,Almeria,3,2,H,2,1,H,14,14,7,7,3,5,0,2,0,0,LL,23_24,10,4,1.8,1.2,1.0,2.0,6,0.8,-0.8
2024-05-12,Man United,Arsenal,0,1,A,0,1,A,14,11,2,5,4,7,0,2,0,0,PL,24_25,6,12,1.8,2.2,2.6,0.8,-6,-0.8,1.4000000000000001
2024-05-12,Cadiz,Getafe,1,0,H,1,0,H,13,10,6,4,6,2,5,2,0,0,LL,23_24,4,5,0.6,1.8,0.8,1.0,-1,-0.20000000000000007,0.8
2024-05-12,Ath Madrid,Celta,1,0,H,0,0,D,21,6,8,2,4,7,1,1,0,0,LL,23_24,12,7,1.8,1.0,1.6,1.6,5,0.19999999999999996,-0.6000000000000001
2024-05-12,Valencia,Vallecano,0,0,D,0,0,D,13,12,5,1,6,3,1,2,0,0,LL,23_24,6,5,1.0,1.4,0.4,1.0,1,0.6,0.3999999999999999
2024-05-13,Aston Villa,Liverpool,3,3,D,1,2,A,19,14,5,7,5,4,1,1,0,0,PL,24_25,8,7,2.0,1.4,1.8,1.6,1,0.19999999999999996,-0.20000000000000018
2024-05-13,Fiorentina,Monza,2,1,H,1,1,D,15,5,8,2,6,1,1,1,0,0,SA,23_24,7,3,1.8,1.0,1.2,1.8,4,0.6000000000000001,-0.8
2024-05-13,Barcelona,Sociedad,2,0,H,1,0,H,14,10,5,3,6,2,2,3,0,0,LL,23_24,9,8,2.0,1.8,1.2,0.8,1,0.8,1.0
2024-05-13,Lecce,Udinese,0,2,A,0,1,A,9,16,2,3,8,2,2,1,0,0,SA,23_24,8,2,1.2,1.0,0.8,1.4,6,0.3999999999999999,-0.3999999999999999
2024-05-14,Real Madrid,Alaves,5,0,H,3,0,H,22,18,11,10,4,1,1,1,0,0,LL,23_24,15,10,2.4,0.4,1.6,0.8,5,0.7999999999999998,-0.4
2024-05-14,Girona,Villarreal,0,1,A,0,0,D,22,11,5,3,5,1,1,5,0,1,LL,23_24,10,10,2.6,1.6,2.2,1.4,0,0.3999999999999999,0.20000000000000018
2024-05-14,Tottenham,Man City,0,2,A,0,0,D,10,8,5,5,7,4,3,3,0,0,PL,24_25,3,15,1.2,2.8,4.0,0.4,-12,-2.8,2.4
2024-05-14,Osasuna,Mallorca,1,1,D,1,0,H,10,10,4,4,2,4,0,1,0,0,LL,23_24,1,4,0.6,2.0,0.6,1.0,-3,0.0,1.0
2024-05-15,Celta,Ath Bilbao,2,1,H,0,1,A,10,7,4,2,2,3,2,0,0,0,LL,23_24,6,6,1.6,1.8,1.4,1.4,0,0.20000000000000018,0.40000000000000013
2024-05-15,Vallecano,Granada,2,1,H,1,0,H,18,10,9,1,6,6,4,3,1,0,LL,23_24,5,7,0.4,1.0,1.2,1.6,-2,-0.7999999999999999,-0.6000000000000001
2024-05-15,Brighton,Chelsea,1,2,A,0,1,A,12,13,2,6,4,6,2,2,0,1,PL,24_25,5,10,0.6,1.8,2.4,1.8,-5,-1.7999999999999998,0.0
2024-05-15,Sevilla,Cadiz,0,1,A,0,0,D,14,19,3,7,1,9,6,2,0,0,LL,23_24,10,4,2.0,1.0,0.6,1.8,6,1.4,-0.8
2024-05-15,Man United,Newcastle,3,2,H,1,0,H,17,21,8,8,9,9,3,3,0,0,PL,24_25,5,10,1.4,2.0,2.8,1.0,-5,-1.4,1.0
2024-05-15,Getafe,Ath Madrid,0,3,A,0,2,A,8,7,3,3,6,3,4,3,0,0,LL,23_24,5,12,0.8,1.0,1.6,0.8,-7,-0.8,0.19999999999999996
2024-05-16,Sociedad,Valencia,1,0,H,1,0,H,10,7,5,3,3,3,0,2,0,0,LL,23_24,5,4,1.0,1.2,0.8,1.4,1,0.19999999999999996,-0.19999999999999996
2024-05-16,Almeria,Barcelona,0,2,A,0,1,A,12,16,3,7,4,7,0,1,0,0,LL,23_24,4,9,1.4,2.0,2.2,1.8,-5,-0.8000000000000003,0.19999999999999996
2024-05-16,Las Palmas,Betis,2,2,D,1,1,D,16,6,9,4,4,8,2,1,0,0,LL,23_24,0,13,0.2,2.2,2.0,1.0,-13,-1.8,1.2000000000000002
2024-05-17,Fiorentina,Napoli,2,2,D,2,1,H,14,15,5,3,5,3,1,2,0,0,SA,23_24,10,3,2.2,1.0,1.0,1.6,7,1.2000000000000002,-0.6000000000000001
2024-05-18,Lecce,Atalanta,0,2,A,0,0,D,11,19,3,9,2,5,0,4,0,0,SA,23_24,8,13,1.2,0.8,2.0,1.0,-5,-0.8,-0.19999999999999996
2024-05-18,Torino,Milan,3,1,H,2,0,H,11,16,5,4,3,8,1,1,0,0,SA,23_24,6,6,0.4,0.6,2.4,1.8,0,-2.0,-1.2000000000000002
2024-05-18,Alaves,Getafe,1,0,H,1,0,H,9,10,2,4,2,1,5,7,0,1,LL,23_24,10,4,1.6,1.4,0.8,1.6,6,0.8,-0.20000000000000018
2024-05-19,Sassuolo,Cagliari,0,2,A,0,0,D,7,13,0,3,5,6,4,2,1,0,SA,23_24,4,3,1.2,2.6,1.2,2.6,1,0.0,0.0
2024-05-19,Monza,Frosinone,0,1,A,0,1,A,14,16,2,5,3,4,1,2,0,0,SA,23_24,3,6,1.0,1.4,1.0,1.4,-3,0.0,0.0
2024-05-19,Udinese,Empoli,1,1,D,0,0,D,8,4,2,1,5,5,1,7,0,1,SA,23_24,5,4,1.0,1.0,0.2,1.0,1,0.8,0.0
2024-05-19,Inter,Lazio,1,1,D,0,1,A,19,8,7,3,8,0,0,1,0,0,SA,23_24,10,13,2.2,0.8,2.0,0.6,-3,0.20000000000000018,0.20000000000000007
2024-05-19,Roma,Genoa,1,0,H,0,0,D,21,11,6,4,6,3,3,0,1,0,SA,23_24,5,8,1.4,1.8,1.8,1.2,-3,-0.40000000000000013,0.6000000000000001
2024-05-19,Sheffield United,Tottenham,0,3,A,0,1,A,6,18,1,9,2,6,2,0,0,0,PL,24_25,0,3,1.0,3.4,1.2,2.4,-3,-0.19999999999999996,1.0
2024-05-19,Man City,West Ham,3,1,H,2,1,H,28,3,12,2,11,2,0,1,0,0,PL,24_25,15,4,3.4,0.2,1.4,3.0,11,2.0,-2.8
2024-05-19,Brighton,Man United,0,2,A,0,0,D,17,11,3,4,7,5,1,3,0,0,PL,24_25,4,7,0.6,2.0,1.6,2.0,-3,-1.0,0.0
2024-05-19,Luton,Fulham,2,4,A,1,2,A,15,15,6,7,4,4,5,4,0,0,PL,24_25,1,5,1.0,3.2,0.8,1.6,-4,0.19999999999999996,1.6
2024-05-19,Chelsea,Bournemouth,2,1,H,1,0,H,16,22,6,5,6,5,2,3,0,0,PL,24_25,13,6,2.8,1.0,1.2,1.6,7,1.5999999999999999,-0.6000000000000001
2024-05-19,Burnley,Nott'm Forest,1,2,A,0,2,A,20,12,3,6,4,3,1,0,0,0,PL,24_25,5,4,1.6,1.8,1.4,2.0,1,0.20000000000000018,-0.19999999999999996
2024-05-19,Villarreal,Real Madrid,4,4,D,1,4,A,21,12,7,6,3,3,3,2,0,0,LL,23_24,12,15,2.2,1.2,3.2,0.4,-3,-1.0,0.7999999999999999
2024-05-19,Brentford,Newcastle,2,4,A,0,3,A,10,12,5,7,3,0,4,4,0,0,PL,24_25,10,7,1.8,0.6,2.4,1.6,3,-0.5999999999999999,-1.0
2024-05-19,Liverpool,Wolves,2,0,H,2,0,H,36,4,14,3,10,2,1,1,0,1,PL,24_25,8,3,2.4,2.0,0.8,2.4,5,1.5999999999999999,-0.3999999999999999
2024-05-19,Ath Bilbao,Sevilla,2,0,H,2,0,H,15,9,6,4,8,3,1,1,0,0,LL,23_24,5,7,1.4,1.6,1.6,1.2,-2,-0.20000000000000018,0.40000000000000013
2024-05-19,Arsenal,Everton,2,1,H,1,1,D,26,5,5,2,8,1,4,3,0,0,PL,24_25,15,13,2.8,0.4,1.4,0.2,2,1.4,0.2
2024-05-19,Barcelona,Vallecano,3,0,H,1,0,H,14,15,6,4,7,5,4,2,0,0,LL,23_24,9,7,2.4,1.8,0.8,1.2,2,1.5999999999999999,0.6000000000000001
2024-05-19,Betis,Sociedad,0,2,A,0,2,A,18,5,9,2,6,2,3,4,0,0,LL,23_24,11,7,2.0,1.2,0.8,0.8,4,1.2,0.3999999999999999
2024-05-19,Cadiz,Las Palmas,0,0,D,0,0,D,10,9,3,1,5,3,3,1,1,0,LL,23_24,7,1,0.8,1.6,0.6,2.2,6,0.20000000000000007,-0.6000000000000001
2024-05-19,Granada,Celta,1,2,A,0,0,D,11,8,3,5,10,2,2,1,0,0,LL,23_24,4,9,1.0,2.0,1.8,1.6,-5,-0.8,0.3999999999999999
2024-05-19,Mallorca,Almeria,2,2,D,1,1,D,29,7,8,3,12,2,2,3,0,0,LL,23_24,5,3,0.8,1.0,1.0,2.0,2,-0.19999999999999996,-1.0
2024-05-19,Valencia,Girona,1,3,A,0,1,A,20,18,6,5,5,4,2,0,0,0,LL,23_24,1,10,0.6,1.6,2.4,1.2,-9,-1.7999999999999998,0.40000000000000013
2024-05-19,Ath Madrid,Osasuna,1,4,A,0,1,A,15,15,2,6,7,5,2,2,0,0,LL,23_24,12,2,1.6,0.6,0.8,2.0,10,0.8,-1.4
2024-05-19,Crystal Palace,Aston Villa,5,0,H,2,0,H,15,8,9,2,2,4,1,4,0,0,PL,24_25,13,8,3.0,0.8,2.0,1.4,5,1.0,-0.5999999999999999
2024-05-20,Bologna,Juventus,3,3,D,2,0,H,10,11,5,4,3,2,1,5,0,0,SA,23_24,9,5,1.2,0.4,0.8,0.8,4,0.3999999999999999,-0.4
2024-05-20,Salernitana,Verona,1,2,A,0,2,A,9,17,1,5,4,6,3,2,0,0,SA,23_24,1,7,0.6,2.4,1.2,1.2,-6,-0.6,1.2
2024-05-23,Cagliari,Fiorentina,2,3,A,0,1,A,14,11,6,5,4,5,2,4,0,0,SA,23_24,5,10,1.2,2.2,2.4,1.2,-5,-1.2,1.0000000000000002
2024-05-24,Girona,Granada,7,0,H,3,0,H,16,10,9,2,4,2,3,5,0,1,LL,23_24,10,3,2.2,1.2,1.0,2.2,7,1.2000000000000002,-1.0000000000000002
2024-05-24,Genoa,Bologna,2,0,H,1,0,H,14,11,3,1,3,6,1,2,0,0,SA,23_24,7,9,1.6,1.2,1.8,1.0,-2,-0.19999999999999996,0.19999999999999996
2024-05-25,Juventus,Monza,2,0,H,2,0,H,12,12,4,4,3,4,1,3,0,1,SA,23_24,5,2,1.4,1.4,1.0,1.6,3,0.3999999999999999,-0.20000000000000018
2024-05-25,Osasuna,Villarreal,1,1,D,1,0,H,12,11,6,3,6,4,4,3,0,0,LL,23_24,5,10,1.4,1.8,2.6,1.8,-5,-1.2000000000000002,0.0
2024-05-25,Almeria,Cadiz,6,1,H,0,1,A,27,12,12,4,1,4,2,2,0,0,LL,23_24,4,8,1.2,2.0,0.6,0.8,-4,0.6,1.2
2024-05-25,Vallecano,Ath Bilbao,0,1,A,0,0,D,17,7,4,1,8,2,1,1,0,0,LL,23_24,4,7,0.4,1.6,1.6,1.4,-3,-1.2000000000000002,0.20000000000000018
2024-05-25,Real Madrid,Betis,0,0,D,0,0,D,13,11,5,3,4,5,2,1,0,0,LL,23_24,13,8,3.4,0.8,1.6,1.4,5,1.7999999999999998,-0.5999999999999999
2024-05-25,Sociedad,Ath Madrid,0,2,A,0,1,A,14,10,4,4,8,4,3,5,0,1,LL,23_24,9,12,1.0,0.6,1.8,1.0,-3,-0.8,-0.4
2024-05-25,Milan,Salernitana,3,3,D,2,0,H,23,14,11,6,13,3,0,1,0,0,SA,23_24,5,1,2.0,1.8,0.6,2.0,4,1.4,-0.19999999999999996
2024-05-26,Celta,Valencia,2,2,D,0,1,A,9,12,4,1,2,2,0,0,0,0,LL,23_24,9,1,1.4,1.6,0.6,1.8,8,0.7999999999999999,-0.19999999999999996
2024-05-26,Las Palmas,Alaves,1,1,D,0,0,D,10,14,4,4,2,6,2,1,0,0,LL,23_24,2,10,0.4,1.4,1.4,1.4,-8,-0.9999999999999999,0.0
2024-05-26,Atalanta,Torino,3,0,H,2,0,H,18,8,7,1,2,5,1,1,0,0,SA,23_24,15,8,2.0,0.6,1.0,0.8,7,1.0,-0.20000000000000007
2024-05-26,Napoli,Lecce,0,0,D,0,0,D,24,10,5,0,4,1,0,0,0,0,SA,23_24,3,5,1.0,1.6,1.0,1.2,-2,0.0,0.40000000000000013
2024-05-26,Empoli,Roma,2,1,H,1,1,D,17,15,7,3,4,5,4,1,0,0,SA,23_24,5,8,0.4,1.0,1.4,1.2,-3,-0.9999999999999999,-0.19999999999999996
2024-05-26,Frosinone,Udinese,0,1,A,0,0,D,21,10,5,5,11,1,0,2,0,0,SA,23_24,8,6,0.8,1.0,1.2,1.0,2,-0.3999999999999999,0.0
2024-05-26,Lazio,Sassuolo,1,1,D,0,0,D,8,8,6,3,5,3,3,1,0,0,SA,23_24,11,3,1.4,0.6,0.6,2.4,8,0.7999999999999999,-1.7999999999999998
2024-05-26,Verona,Inter,2,2,D,2,2,D,18,15,8,11,9,3,1,1,0,0,SA,23_24,9,10,1.2,1.0,2.0,0.6,-1,-0.8,0.4
2024-05-26,Getafe,Mallorca,1,2,A,0,0,D,16,9,6,4,3,4,0,2,0,0,LL,23_24,3,6,0.6,1.6,1.0,1.0,-3,-0.4,0.6000000000000001
2024-05-26,Sevilla,Barcelona,1,2,A,1,1,D,15,11,6,6,6,5,2,1,0,0,LL,23_24,4,12,1.2,1.4,2.6,1.2,-8,-1.4000000000000001,0.19999999999999996
2024-06-02,Atalanta,Fiorentina,2,3,A,2,3,A,12,8,3,4,4,4,0,2,0,0,SA,23_24,15,10,2.2,0.4,2.6,1.6,5,-0.3999999999999999,-1.2000000000000002
2024-08-15,Betis,Girona,1,1,D,1,0,H,19,13,4,2,4,4,2,0,0,0,LL,24_25,8,10,1.4,1.2,3.2,1.2,-2,-1.8000000000000003,0.0
2024-08-15,Ath Bilbao,Getafe,1,1,D,1,0,H,7,9,4,2,5,6,4,1,0,0,LL,24_25,10,0,1.6,0.8,0.2,1.8,10,1.4000000000000001,-1.0
2024-08-16,Las Palmas,Sevilla,2,2,D,1,1,D,13,16,5,5,6,3,0,0,0,0,LL,24_25,3,3,0.6,1.2,1.2,1.6,0,-0.6,-0.40000000000000013
2024-08-16,Man United,Fulham,1,0,H,0,0,D,14,10,5,2,7,8,2,3,0,0,PL,21_20,7,5,1.2,1.6,1.2,2.0,2,0.0,-0.3999999999999999
2024-08-16,Celta,Alaves,2,1,H,0,1,A,6,10,4,2,3,3,3,2,0,0,LL,24_25,10,8,1.8,1.4,1.0,1.6,2,0.8,-0.20000000000000018
2024-08-17,West Ham,Aston Villa,1,2,A,1,1,D,14,15,3,3,5,3,1,2,0,0,PL,21_20,4,5,1.6,3.2,1.6,2.4,-1,0.0,0.8000000000000003
2024-08-17,Osasuna,Leganes,1,1,D,0,1,A,16,10,5,4,6,4,3,2,0,0,LL,24_25,6,0,1.6,1.4,0.0,0.0,6,1.6,1.4
2024-08-17,Valencia,Barcelona,1,2,A,1,1,D,6,18,1,8,3,8,2,3,0,0,LL,24_25,2,12,0.6,1.4,2.2,1.0,-10,-1.6,0.3999999999999999
2024-08-17,Nott'm Forest,Bournemouth,1,1,D,1,0,H,14,13,8,4,2,6,1,3,0,0,PL,21_20,6,6,1.4,1.8,1.2,1.4,0,0.19999999999999996,0.40000000000000013
2024-08-17,Everton,Brighton,0,3,A,0,1,A,9,10,1,5,1,5,1,1,1,0,PL,21_20,10,4,1.2,0.6,0.6,1.6,6,0.6,-1.0
2024-08-17,Arsenal,Wolves,2,0,H,1,0,H,18,9,6,3,8,2,2,2,0,0,PL,21_20,15,3,2.8,0.6,0.8,2.4,12,1.9999999999999998,-1.7999999999999998
2024-08-17,Ipswich,Liverpool,0,2,A,0,0,D,7,18,2,5,2,10,3,1,0,0,PL,21_20,0,8,0.0,0.0,2.2,1.8,-8,-2.2,-1.8
2024-08-17,Genoa,Inter,2,2,D,1,1,D,10,14,6,9,1,4,1,2,0,0,SA,24_25,10,8,2.0,1.0,2.0,0.8,2,0.0,0.19999999999999996
2024-08-17,Parma,Fiorentina,1,1,D,1,0,H,13,14,5,7,4,9,3,2,0,1,SA,24_25,0,10,0.6,2.6,2.2,1.8,-10,-1.6,0.8
2024-08-17,Empoli,Monza,0,0,D,0,0,D,9,4,1,1,7,3,0,2,0,0,SA,24_25,5,2,0.6,1.2,0.8,1.6,3,-0.20000000000000007,-0.40000000000000013
2024-08-17,Milan,Torino,2,2,D,0,1,A,20,6,6,3,9,2,2,4,0,0,SA,24_25,6,7,2.4,2.0,1.0,1.4,-1,1.4,0.6000000000000001
2024-08-17,Newcastle,Southampton,1,0,H,1,0,H,3,19,1,4,3,12,2,4,1,0,PL,21_20,10,1,3.2,1.6,1.8,3.2,9,1.4000000000000001,-1.6
2024-08-18,Bologna,Udinese,1,1,D,0,0,D,22,4,7,2,7,5,0,4,0,0,SA,24_25,6,9,1.2,1.2,1.2,0.6,-3,0.0,0.6
2024-08-18,Cagliari,Roma,0,0,D,0,0,D,12,13,2,3,5,3,2,0,0,0,SA,24_25,4,5,1.2,2.4,1.2,1.4,-1,0.0,1.0
2024-08-18,Sociedad,Vallecano,1,2,A,0,0,D,11,12,5,5,10,5,2,4,0,0,LL,24_25,9,4,1.0,0.8,0.4,1.2,5,0.6,-0.3999999999999999
2024-08-18,Lazio,Venezia,3,1,H,2,1,H,13,11,6,3,6,3,1,2,0,0,SA,24_25,9,5,1.4,0.8,1.4,1.6,4,0.0,-0.8
2024-08-18,Mallorca,Real Madrid,1,1,D,0,1,A,12,13,5,4,8,7,1,0,0,1,LL,24_25,8,11,1.2,1.0,3.2,0.8,-3,-2.0,0.19999999999999996
2024-08-18,Verona,Napoli,3,0,H,0,0,D,8,15,5,5,1,5,4,1,0,0,SA,24_25,7,4,1.4,1.4,1.0,1.4,3,0.3999999999999999,0.0
2024-08-18,Brentford,Crystal Palace,2,1,H,1,0,H,9,14,5,6,4,7,1,5,0,0,PL,21_20,7,13,1.8,1.4,3.0,0.4,-6,-1.2,0.9999999999999999
2024-08-18,Chelsea,Man City,0,2,A,0,1,A,10,11,3,5,4,3,1,1,0,0,PL,21_20,15,15,2.8,0.8,3.2,0.4,0,-0.40000000000000036,0.4
2024-08-19,Valladolid,Espanol,1,0,H,1,0,H,12,10,3,2,3,2,2,2,0,0,LL,24_25,5,6,0.6,1.2,2.4,2.6,-1,-1.7999999999999998,-1.4000000000000001
2024-08-19,Lecce,Atalanta,0,4,A,0,2,A,19,10,5,6,5,3,0,2,0,0,SA,24_25,3,12,0.4,1.2,2.2,1.0,-9,-1.8000000000000003,0.19999999999999996
2024-08-19,Juventus,Como,3,0,H,2,0,H,12,1,9,1,3,0,2,4,0,0,SA,24_25,7,0,1.4,1.0,0.0,0.0,7,1.4,1.0
2024-08-19,Villarreal,Ath Madrid,2,2,D,2,2,D,8,10,3,5,2,3,1,3,0,0,LL,24_25,8,12,2.2,2.0,1.6,0.8,-4,0.6000000000000001,1.2
2024-08-19,Leicester,Tottenham,1,1,D,0,1,A,7,15,3,7,2,13,1,1,0,0,PL,21_20,5,6,1.4,2.2,1.4,1.8,-1,0.0,0.40000000000000013
2024-08-23,Celta,Valencia,3,1,H,2,1,H,7,13,5,5,4,7,3,0,0,0,LL,24_25,10,2,1.6,1.2,0.8,1.6,8,0.8,-0.40000000000000013
2024-08-23,Sevilla,Villarreal,1,2,A,1,1,D,15,6,9,5,7,2,3,5,0,0,LL,24_25,1,9,1.0,2.0,2.2,1.8,-8,-1.2000000000000002,0.19999999999999996
2024-08-24,Getafe,Vallecano,0,0,D,0,0,D,12,3,0,1,3,2,1,2,0,0,LL,24_25,1,7,0.4,1.6,0.8,1.2,-6,-0.4,0.40000000000000013
2024-08-24,Brighton,Man United,2,1,H,1,0,H,14,11,5,4,4,4,1,2,0,0,PL,21_20,7,9,1.2,1.0,1.2,1.4,-2,0.0,-0.3999999999999999
2024-08-24,Man City,Ipswich,4,1,H,3,1,H,14,1,5,1,10,1,2,3,0,0,PL,21_20,15,0,3.2,0.4,0.0,2.0,15,3.2,-1.6
2024-08-24,Fulham,Leicester,2,1,H,1,1,D,18,10,6,4,7,5,2,2,0,0,PL,21_20,5,5,1.0,1.6,1.2,2.0,0,-0.19999999999999996,-0.3999999999999999
2024-08-24,Southampton,Nott'm Forest,0,1,A,0,0,D,5,23,1,8,4,10,3,3,0,0,PL,21_20,1,7,1.6,2.8,1.6,1.6,-6,0.0,1.1999999999999997
2024-08-24,Tottenham,Everton,4,0,H,2,0,H,13,10,7,1,12,5,0,0,0,0,PL,21_20,7,7,1.6,1.6,0.8,1.2,0,0.8,0.40000000000000013
2024-08-24,Aston Villa,Arsenal,0,2,A,0,0,D,11,9,3,4,4,1,1,3,0,0,PL,21_20,5,15,1.4,2.4,2.2,0.6,-10,-0.8000000000000003,1.7999999999999998
2024-08-24,Crystal Palace,West Ham,0,2,A,0,0,D,14,18,2,3,3,3,1,1,0,0,PL,21_20,10,4,2.8,0.8,1.4,2.6,6,1.4,-1.8
2024-08-24,Barcelona,Ath Bilbao,2,1,H,1,1,D,13,9,5,2,5,6,4,5,0,0,LL,24_25,15,8,2.2,0.4,1.4,1.0,7,0.8000000000000003,-0.6
2024-08-24,Espanol,Sociedad,0,1,A,0,0,D,13,8,3,4,7,4,2,2,0,0,LL,24_25,6,6,2.0,2.0,0.8,1.2,0,1.2,0.8
2024-08-24,Parma,Milan,2,1,H,1,0,H,8,17,5,5,3,9,0,3,0,0,SA,24_25,1,6,0.8,2.6,2.8,2.4,-5,-1.9999999999999998,0.20000000000000018
2024-08-24,Udinese,Lazio,2,1,H,1,0,H,8,17,3,5,4,13,0,0,1,0,SA,24_25,9,9,1.2,0.6,1.8,1.0,0,-0.6000000000000001,-0.4
2024-08-24,Inter,Lecce,2,0,H,1,0,H,11,10,3,4,10,6,0,2,0,0,SA,24_25,6,2,2.0,1.2,0.2,1.8,4,1.8,-0.6000000000000001
2024-08-24,Monza,Genoa,0,1,A,0,1,A,9,11,2,1,8,3,2,3,0,0,SA,24_25,2,8,0.6,1.4,1.8,1.4,-6,-1.2000000000000002,0.0
2024-08-24,Osasuna,Mallorca,1,0,H,0,0,D,15,11,5,2,5,4,2,1,0,0,LL,24_25,7,9,1.8,1.2,1.4,1.0,-2,0.40000000000000013,0.19999999999999996
2024-08-25,Liverpool,Brentford,2,0,H,1,0,H,19,8,8,2,9,4,2,3,0,0,PL,21_20,11,7,2.6,1.4,1.2,1.4,4,1.4000000000000001,0.0
2024-08-25,Wolves,Chelsea,2,6,A,2,2,D,12,14,4,8,5,5,2,3,0,0,PL,21_20,3,12,0.8,2.6,2.4,1.2,-9,-1.5999999999999999,1.4000000000000001
2024-08-25,Bournemouth,Newcastle,1,1,D,1,0,H,16,14,4,5,8,9,2,2,0,0,PL,21_20,4,10,1.2,1.6,2.4,1.4,-6,-1.2,0.20000000000000018
2024-08-25,Fiorentina,Venezia,0,0,D,0,0,D,12,7,8,4,7,3,1,2,0,0,SA,24_25,11,5,2.2,1.6,1.4,1.8,6,0.8000000000000003,-0.19999999999999996
2024-08-25,Torino,Atalanta,2,1,H,1,1,D,13,24,6,8,4,6,3,4,0,0,SA,24_25,8,12,1.4,1.4,2.6,0.8,-4,-1.2000000000000002,0.5999999999999999
2024-08-25,Napoli,Bologna,3,0,H,1,0,H,16,9,5,2,7,5,2,2,0,0,SA,24_25,3,6,0.6,1.6,1.2,1.2,-3,-0.6,0.40000000000000013
2024-08-25,Ath Madrid,Girona,3,0,H,1,0,H,11,13,6,5,1,9,1,3,0,0,LL,24_25,10,8,1.8,1.2,2.6,1.0,2,-0.8,0.19999999999999996
2024-08-25,Alaves,Betis,0,0,D,0,0,D,3,13,1,3,3,8,1,4,1,0,LL,24_25,5,6,1.0,2.0,1.2,1.4,-1,-0.19999999999999996,0.6000000000000001
2024-08-25,Leganes,Las Palmas,2,1,H,0,0,D,10,10,5,5,3,7,1,1,0,0,LL,24_25,1,4,1.0,1.0,1.0,1.2,-3,0.0,-0.19999999999999996
2024-08-25,Real Madrid,Valladolid,3,0,H,0,0,D,17,8,9,2,5,5,1,1,0,0,LL,24_25,9,8,2.8,1.0,0.8,0.6,1,1.9999999999999998,0.4
2024-08-25,Roma,Empoli,1,2,A,0,1,A,17,10,6,3,8,5,0,3,0,0,SA,24_25,5,6,0.8,1.0,0.6,0.8,-1,0.20000000000000007,0.19999999999999996
2024-08-26,Cagliari,Como,1,1,D,1,0,H,11,13,5,4,5,6,2,2,0,0,SA,24_25,5,0,1.2,1.8,0.0,3.0,5,1.2,-1.2
2024-08-26,Verona,Juventus,0,3,A,0,2,A,7,7,1,5,4,1,2,0,0,0,SA,24_25,10,9,2.0,1.2,2.0,1.0,1,0.0,0.19999999999999996
2024-08-26,Villarreal,Celta,4,3,H,1,2,A,22,18,9,8,7,4,4,3,0,0,LL,24_25,9,13,2.0,1.6,2.2,1.2,-4,-0.20000000000000018,0.40000000000000013
2024-08-27,Mallorca,Sevilla,0,0,D,0,0,D,12,16,4,7,5,9,0,1,0,1,LL,24_25,6,1,1.2,1.2,0.8,1.8,5,0.3999999999999999,-0.6000000000000001
2024-08-27,Vallecano,Barcelona,1,2,A,1,0,H,8,22,4,5,6,6,3,1,0,0,LL,24_25,7,15,0.8,1.2,2.2,0.6,-8,-1.4000000000000001,0.6
2024-08-28,Ath Bilbao,Valencia,1,0,H,1,0,H,13,2,4,0,5,3,1,3,0,0,LL,24_25,7,1,1.2,1.0,1.0,2.2,6,0.19999999999999996,-1.2000000000000002
2024-08-28,Ath Madrid,Espanol,0,0,D,0,0,D,24,8,7,1,9,3,0,2,0,0,LL,24_25,10,3,2.2,1.2,1.6,2.0,7,0.6000000000000001,-0.8
2024-08-28,Sociedad,Alaves,1,2,A,1,1,D,8,12,1,5,8,6,4,4,1,0,LL,24_25,9,5,1.0,0.8,0.6,1.6,4,0.4,-0.8
2024-08-28,Valladolid,Leganes,0,0,D,0,0,D,12,8,2,1,4,4,1,5,0,0,LL,24_25,8,4,0.8,0.8,1.5,1.0,4,-0.7,-0.19999999999999996
2024-08-29,Girona,Osasuna,4,0,H,1,0,H,10,1,5,0,5,0,0,0,0,0,LL,24_25,7,9,2.2,1.2,1.6,0.8,-2,0.6000000000000001,0.3999999999999999
2024-08-29,Las Palmas,Real Madrid,1,1,D,1,0,H,7,25,3,8,2,6,0,2,0,0,LL,24_25,4,9,1.2,1.4,2.6,1.0,-5,-1.4000000000000001,0.3999999999999999
2024-08-30,Inter,Atalanta,4,0,H,2,0,H,13,11,5,1,3,4,0,2,0,0,SA,24_25,9,9,2.4,1.0,2.4,1.0,0,0.0,0.0
2024-08-30,Venezia,Torino,0,1,A,0,0,D,13,12,4,6,3,3,2,4,0,0,SA,24_25,6,10,1.2,1.4,1.8,1.6,-4,-0.6000000000000001,-0.20000000000000018
2024-08-31,Valencia,Villarreal,1,1,D,1,1,D,22,9,6,3,14,3,3,5,0,1,LL,24_25,1,9,1.0,2.2,2.6,2.2,-8,-1.6,0.0
2024-08-31,Leganes,Mallorca,0,1,A,0,1,A,4,12,2,3,1,3,1,3,0,0,LL,24_25,5,6,1.0,0.67,1.0,1.0,-1,0.0,-0.32999999999999996
2024-08-31,Espanol,Vallecano,2,1,H,1,1,D,10,17,5,5,3,7,3,2,0,0,LL,24_25,3,4,1.0,1.4,0.6,1.4,-1,0.4,0.0
2024-08-31,Ath Bilbao,Ath Madrid,0,1,A,0,0,D,8,9,1,2,2,2,3,1,0,0,LL,24_25,10,8,1.2,0.6,1.6,1.2,2,-0.40000000000000013,-0.6
2024-08-31,Leicester,Aston Villa,1,2,A,0,1,A,9,10,3,5,1,4,4,5,0,0,PL,21_20,5,4,0.8,1.4,1.0,2.4,1,-0.19999999999999996,-1.0
2024-08-31,Barcelona,Valladolid,7,0,H,3,0,H,23,5,10,2,10,1,0,3,0,0,LL,24_25,15,6,2.2,0.8,0.2,0.6,9,2.0,0.20000000000000007
2024-08-31,Bologna,Empoli,1,1,D,1,1,D,14,4,3,2,6,3,0,3,0,0,SA,24_25,5,8,1.2,1.8,1.0,1.0,-3,0.19999999999999996,0.8
2024-08-31,Lecce,Cagliari,1,0,H,1,0,H,17,21,4,2,7,10,1,3,1,0,SA,24_25,1,5,0.0,2.0,1.2,1.8,-4,-1.2,0.19999999999999996
2024-08-31,Lazio,Milan,2,2,D,0,1,A,7,10,5,4,5,7,4,2,0,0,SA,24_25,8,5,1.6,1.0,2.4,2.2,3,-0.7999999999999998,-1.2000000000000002
2024-08-31,Napoli,Parma,2,1,H,0,1,A,29,13,7,2,6,4,2,4,0,1,SA,24_25,5,4,1.0,1.4,0.8,1.8,1,0.19999999999999996,-0.40000000000000013
2024-08-31,West Ham,Man City,1,3,A,1,2,A,10,23,2,8,3,11,3,2,0,0,PL,21_20,6,15,1.4,2.2,3.0,0.4,-9,-1.6,1.8000000000000003
2024-08-31,Nott'm Forest,Wolves,1,1,D,1,1,D,16,11,5,3,7,3,3,4,0,0,PL,21_20,10,0,1.8,1.2,0.8,3.6,10,1.0,-2.4000000000000004
2024-08-31,Ipswich,Fulham,1,1,D,1,1,D,11,9,4,4,8,6,2,3,0,0,PL,21_20,0,7,0.5,3.0,1.2,1.6,-7,-0.7,1.4
2024-08-31,Everton,Bournemouth,2,3,A,0,0,D,18,17,8,7,8,4,2,1,0,0,PL,21_20,4,2,0.6,2.0,0.8,1.8,2,-0.20000000000000007,0.19999999999999996
2024-08-31,Brentford,Southampton,3,1,H,1,0,H,20,18,7,6,2,8,2,1,0,0,PL,21_20,7,1,1.2,1.6,1.0,2.2,6,0.19999999999999996,-0.6000000000000001
2024-08-31,Arsenal,Brighton,1,1,D,1,0,H,11,22,7,4,3,7,3,2,1,0,PL,21_20,15,7,2.0,0.2,1.4,1.2,8,0.6000000000000001,-1.0
2024-09-01,Genoa,Verona,0,2,A,0,0,D,11,10,1,3,3,1,2,6,0,0,SA,24_25,10,7,1.4,0.8,1.6,1.6,3,-0.20000000000000018,-0.8
2024-09-01,Juventus,Roma,0,0,D,0,0,D,8,7,1,1,6,4,2,2,0,0,SA,24_25,11,4,2.4,0.8,0.8,1.2,7,1.5999999999999999,-0.3999999999999999
2024-09-01,Udinese,Como,1,0,H,1,0,H,10,21,3,4,4,6,3,0,0,0,SA,24_25,11,1,1.4,0.6,0.5,2.0,10,0.8999999999999999,-1.4
2024-09-01,Getafe,Sociedad,0,0,D,0,0,D,16,1,1,0,4,1,1,1,0,0,LL,24_25,2,6,0.4,1.4,1.0,1.2,-4,-0.6,0.19999999999999996
2024-09-01,Sevilla,Girona,0,2,A,0,1,A,16,11,5,4,7,5,3,2,0,0,LL,24_25,2,10,0.8,1.6,3.0,1.0,-8,-2.2,0.6000000000000001
2024-09-01,Real Madrid,Betis,2,0,H,0,0,D,20,12,8,2,7,3,2,0,0,0,LL,24_25,7,4,1.8,1.2,0.6,1.0,3,1.2000000000000002,0.19999999999999996
2024-09-01,Fiorentina,Monza,2,2,D,1,2,A,15,4,5,3,6,0,2,4,0,0,SA,24_25,9,1,1.8,1.4,0.2,1.2,8,1.6,0.19999999999999996
2024-09-01,Chelsea,Crystal Palace,1,1,D,1,0,H,13,9,7,3,4,5,4,2,0,0,PL,21_20,12,9,2.6,1.6,2.6,1.0,3,0.0,0.6000000000000001
2024-09-01,Newcastle,Tottenham,2,1,H,1,0,H,9,20,3,6,7,12,4,4,0,0,PL,21_20,8,10,1.8,1.4,2.0,0.8,-2,-0.19999999999999996,0.5999999999999999
2024-09-01,Man United,Liverpool,0,3,A,0,2,A,8,11,3,3,5,2,4,1,0,0,PL,21_20,9,13,1.4,1.0,2.6,1.0,-4,-1.2000000000000002,0.0
2024-09-01,Alaves,Las Palmas,2,0,H,1,0,H,15,12,5,7,6,5,3,0,0,0,LL,24_25,8,4,1.0,0.8,1.0,1.2,4,0.0,-0.3999999999999999
2024-09-01,Osasuna,Celta,3,2,H,2,1,H,10,12,4,3,6,3,2,0,0,1,LL,24_25,8,10,1.4,1.4,2.4,1.8,-2,-1.0,-0.40000000000000013
2024-09-13,Betis,Leganes,2,0,H,0,0,D,14,3,5,0,11,1,1,2,0,0,LL,24_25,3,5,0.2,1.0,0.75,0.75,-2,-0.55,0.25
2024-09-14,Liverpool,Nott'm Forest,0,1,A,0,0,D,14,5,5,3,7,2,4,4,0,0,PL,21_20,13,8,2.4,0.6,1.4,1.2,5,1.0,-0.6
2024-09-14,Empoli,Juventus,0,0,D,0,0,D,8,15,3,3,4,8,1,2,0,0,SA,24_25,9,11,1.2,0.8,2.2,0.6,-2,-1.0000000000000002,0.20000000000000007
2024-09-14,Fulham,West Ham,1,1,D,1,0,H,21,11,5,3,3,2,2,3,0,0,PL,21_20,7,6,1.4,1.8,1.6,1.8,1,-0.20000000000000018,0.0
2024-09-14,Southampton,Man United,0,3,A,0,2,A,6,20,4,10,0,7,1,4,1,0,PL,21_20,1,9,1.2,2.4,1.4,1.4,-8,-0.19999999999999996,1.0
2024-09-14,Brighton,Ipswich,0,0,D,0,0,D,21,6,6,1,9,2,4,3,0,0,PL,21_20,7,1,1.4,1.2,0.67,2.33,6,0.7299999999999999,-1.1300000000000001
2024-09-14,Crystal Palace,Leicester,2,2,D,0,1,A,20,9,4,4,5,2,0,3,0,0,PL,21_20,7,5,2.0,1.2,1.0,1.2,2,1.0,0.0
2024-09-14,Aston Villa,Everton,3,2,H,1,2,A,17,6,8,2,6,2,1,4,0,0,PL,21_20,7,3,1.4,2.4,0.8,2.4,4,0.5999999999999999,0.0
2024-09-14,Man City,Brentford,2,1,H,2,1,H,18,8,7,5,12,3,3,1,0,0,PL,21_20,15,9,2.8,0.6,1.8,1.8,6,0.9999999999999998,-1.2000000000000002
2024-09-14,Como,Bologna,2,2,D,1,0,H,14,14,4,4,4,3,2,1,0,0,SA,24_25,1,3,0.33,1.67,1.0,2.0,-2,-0.6699999999999999,-0.33000000000000007
2024-09-14,Milan,Venezia,4,0,H,4,0,H,12,6,8,1,6,1,1,3,0,1,SA,24_25,3,3,1.8,2.4,0.4,1.0,0,1.4,1.4
2024-09-14,Bournemouth,Chelsea,0,1,A,0,0,D,19,10,7,3,6,3,6,8,0,0,PL,21_20,5,10,1.4,1.6,2.2,1.4,-5,-0.8000000000000003,0.20000000000000018
2024-09-14,Mallorca,Villarreal,1,2,A,0,1,A,10,21,5,4,7,6,3,3,1,0,LL,24_25,8,9,0.8,0.6,2.0,1.6,-1,-1.2,-1.0
2024-09-14,Espanol,Alaves,3,2,H,1,1,D,9,19,4,6,0,5,2,3,0,0,LL,24_25,5,8,1.0,1.2,1.2,0.8,-3,-0.19999999999999996,0.3999999999999999
2024-09-14,Sevilla,Getafe,1,0,H,1,0,H,10,15,4,4,3,4,3,4,1,0,LL,24_25,2,3,0.8,1.6,0.4,0.8,-1,0.4,0.8
2024-09-14,Sociedad,Real Madrid,0,2,A,0,0,D,11,16,2,7,6,6,4,1,0,0,LL,24_25,4,9,0.6,1.2,1.4,0.4,-5,-0.7999999999999999,0.7999999999999999
2024-09-15,Genoa,Roma,1,1,D,0,1,A,20,16,8,6,4,5,1,3,0,0,SA,24_25,7,5,1.0,1.0,0.6,0.8,2,0.4,0.19999999999999996
2024-09-15,Atalanta,Fiorentina,3,2,H,3,2,H,13,13,7,5,4,2,2,3,0,0,SA,24_25,6,9,2.0,1.8,1.8,1.4,-3,0.19999999999999996,0.40000000000000013
2024-09-15,Torino,Lecce,0,0,D,0,0,D,5,20,0,6,2,7,1,3,0,0,SA,24_25,10,4,1.6,1.4,0.2,1.6,6,1.4000000000000001,-0.20000000000000018
2024-09-15,Cagliari,Napoli,0,4,A,0,1,A,16,12,3,5,7,4,1,2,0,0,SA,24_25,5,8,1.0,1.0,1.4,1.2,-3,-0.3999999999999999,-0.19999999999999996
2024-09-15,Monza,Inter,1,1,D,0,0,D,5,16,2,2,1,8,1,2,0,0,SA,24_25,2,9,0.4,1.2,2.2,1.0,-7,-1.8000000000000003,0.19999999999999996
2024-09-15,Tottenham,Arsenal,0,1,A,0,0,D,15,7,5,4,7,6,5,3,0,0,PL,21_20,7,13,1.8,1.0,1.6,0.4,-6,0.19999999999999996,0.6
2024-09-15,Wolves,Newcastle,1,2,A,1,0,H,12,14,5,6,4,7,3,3,0,0,PL,21_20,1,10,0.8,2.8,2.0,1.4,-9,-1.2,1.4
2024-09-15,Celta,Valladolid,3,1,H,2,0,H,14,6,7,1,5,3,3,5,0,1,LL,24_25,7,5,2.4,2.2,0.2,2.0,2,2.1999999999999997,0.20000000000000018
2024-09-15,Girona,Barcelona,1,4,A,0,2,A,9,20,4,9,1,6,3,2,0,1,LL,24_25,10,15,2.8,0.8,3.0,0.8,-5,-0.20000000000000018,0.0
2024-09-15,Las Palmas,Ath Bilbao,2,3,A,0,2,A,15,9,6,4,9,3,1,2,0,1,LL,24_25,3,7,1.0,1.6,0.8,0.8,-4,0.19999999999999996,0.8
2024-09-15,Ath Madrid,Valencia,3,0,H,1,0,H,14,5,5,1,7,3,1,2,0,0,LL,24_25,11,2,1.6,0.4,1.0,1.8,9,0.6000000000000001,-1.4
2024-09-16,Vallecano,Osasuna,3,1,H,0,1,A,17,5,6,2,7,4,3,2,0,0,LL,24_25,4,8,0.8,1.2,1.2,1.6,-4,-0.3999999999999999,-0.40000000000000013
2024-09-16,Parma,Udinese,2,3,A,2,0,H,9,18,3,6,5,6,2,3,1,0,SA,24_25,4,11,1.0,2.0,1.2,0.6,-7,-0.19999999999999996,1.4
2024-09-16,Lazio,Verona,2,1,H,2,1,H,14,7,7,2,9,6,2,2,0,0,SA,24_25,6,10,1.6,1.4,1.8,1.2,-4,-0.19999999999999996,0.19999999999999996
2024-09-17,Mallorca,Sociedad,1,0,H,1,0,H,10,13,4,4,5,5,1,1,0,0,LL,24_25,5,4,0.6,0.8,0.6,1.2,1,0.0,-0.3999999999999999
2024-09-18,Betis,Getafe,2,1,H,0,0,D,18,15,8,5,8,4,3,5,0,0,LL,24_25,6,3,0.6,0.6,0.4,0.8,3,0.19999999999999996,-0.20000000000000007
2024-09-19,Leganes,Ath Bilbao,0,2,A,0,0,D,14,10,3,4,4,7,3,0,0,0,LL,24_25,5,7,0.6,1.0,1.2,1.2,-2,-0.6,-0.19999999999999996
2024-09-20,Verona,Torino,2,3,A,1,2,A,8,16,2,3,5,6,3,1,1,0,SA,24_25,7,8,1.6,1.4,1.0,1.2,-1,0.6000000000000001,0.19999999999999996
2024-09-20,Alaves,Sevilla,2,1,H,1,0,H,10,8,4,2,3,5,1,4,0,0,LL,24_25,7,5,1.4,1.2,0.8,1.2,2,0.5999999999999999,0.0
2024-09-20,Cagliari,Empoli,0,2,A,0,1,A,21,9,2,4,10,4,1,2,0,0,SA,24_25,2,9,0.6,1.8,1.0,0.6,-7,-0.4,1.2000000000000002
2024-09-21,Aston Villa,Wolves,3,1,H,0,1,A,9,10,4,4,6,5,3,6,0,0,PL,21_20,9,1,1.4,2.2,0.8,2.6,8,0.5999999999999999,-0.3999999999999999
2024-09-21,Venezia,Genoa,2,0,H,0,0,D,12,9,4,0,3,4,2,3,0,0,SA,24_25,2,8,0.2,1.6,1.2,1.0,-6,-1.0,0.6000000000000001
2024-09-21,Juventus,Napoli,0,0,D,0,0,D,9,8,1,1,4,3,1,0,0,0,SA,24_25,11,10,1.6,0.0,1.8,0.8,1,-0.19999999999999996,-0.8
2024-09-21,Lecce,Parma,2,2,D,1,0,H,14,24,3,10,2,12,4,0,1,1,SA,24_25,5,4,0.2,1.2,1.2,2.0,1,-1.0,-0.8
2024-09-21,Tottenham,Brentford,3,1,H,2,1,H,23,6,10,6,9,4,3,1,0,0,PL,21_20,7,6,1.8,0.8,1.6,2.0,1,0.19999999999999996,-1.2
2024-09-21,Southampton,Ipswich,1,1,D,1,0,H,11,13,3,6,2,10,4,4,0,0,PL,21_20,1,2,1.0,2.4,0.5,1.75,-1,0.5,0.6499999999999999
2024-09-21,Liverpool,Bournemouth,3,0,H,3,0,H,19,19,13,6,3,9,1,4,0,0,PL,21_20,12,5,1.8,0.2,1.2,1.4,7,0.6000000000000001,-1.2
2024-09-21,Leicester,Everton,1,1,D,0,1,A,12,16,2,5,6,1,1,2,0,0,PL,21_20,5,0,1.4,1.6,1.0,3.0,5,0.3999999999999999,-1.4
2024-09-21,Fulham,Newcastle,3,1,H,2,0,H,22,15,11,4,6,0,6,0,0,0,PL,21_20,8,13,1.6,1.2,2.0,1.0,-5,-0.3999999999999999,0.19999999999999996
2024-09-21,West Ham,Chelsea,0,3,A,0,2,A,15,12,7,5,6,5,5,2,0,0,PL,21_20,4,10,1.2,1.8,2.0,1.2,-6,-0.8,0.6000000000000001
2024-09-21,Crystal Palace,Man United,0,0,D,0,0,D,9,15,4,6,4,11,3,1,0,0,PL,21_20,5,9,1.8,1.4,1.4,1.0,-4,0.40000000000000013,0.3999999999999999
2024-09-21,Valladolid,Sociedad,0,0,D,0,0,D,15,14,2,4,5,7,4,4,0,0,LL,24_25,4,4,0.4,2.6,0.4,1.0,0,0.0,1.6
2024-09-21,Osasuna,Las Palmas,2,1,H,1,1,D,13,11,2,4,2,4,2,5,0,0,LL,24_25,7,2,1.2,2.0,1.2,2.0,5,0.0,0.0
2024-09-21,Valencia,Girona,2,0,H,0,0,D,7,8,2,3,5,4,3,2,0,0,LL,24_25,1,7,0.6,2.0,1.6,1.6,-6,-1.0,0.3999999999999999
2024-09-21,Real Madrid,Espanol,4,1,H,0,0,D,31,10,14,2,9,4,4,3,0,0,LL,24_25,11,7,1.8,0.4,1.0,1.0,4,0.8,-0.6
2024-09-22,Brighton,Nott'm Forest,2,2,D,2,1,H,14,4,3,3,9,1,3,4,0,1,PL,21_20,8,11,1.2,0.8,1.2,0.6,-3,0.0,0.20000000000000007
2024-09-22,Inter,Milan,1,2,A,1,1,D,13,16,4,8,6,2,4,1,0,0,SA,24_25,9,6,2.2,1.0,2.4,1.8,3,-0.19999999999999973,-0.8
2024-09-22,Roma,Udinese,3,0,H,1,0,H,14,9,6,3,2,1,2,2,0,0,SA,24_25,3,13,0.6,1.0,1.6,0.8,-10,-1.0,0.19999999999999996
2024-09-22,Monza,Bologna,1,2,A,1,1,D,6,15,3,8,2,2,3,2,0,0,SA,24_25,3,3,0.6,1.2,0.8,1.8,0,-0.20000000000000007,-0.6000000000000001
2024-09-22,Fiorentina,Lazio,2,1,H,0,1,A,14,20,5,6,3,10,3,4,0,0,SA,24_25,6,8,1.6,1.6,1.8,1.4,-2,-0.19999999999999996,0.20000000000000018
2024-09-22,Man City,Arsenal,2,2,D,1,2,A,33,5,11,3,8,2,3,4,0,1,PL,21_20,15,13,2.8,0.8,1.6,0.4,2,1.1999999999999997,0.4
2024-09-22,Getafe,Leganes,1,1,D,0,0,D,12,6,3,3,6,2,3,2,0,0,LL,24_25,3,4,0.4,0.8,0.4,1.2,-1,0.0,-0.3999999999999999
2024-09-22,Ath Bilbao,Celta,3,1,H,2,1,H,10,11,7,4,3,6,3,2,0,0,LL,24_25,9,9,1.4,1.0,2.6,2.0,0,-1.2000000000000002,-1.0
2024-09-22,Villarreal,Barcelona,1,5,A,1,2,A,13,17,4,10,7,3,6,1,0,0,LL,24_25,11,15,2.2,1.6,3.4,0.8,-4,-1.1999999999999997,0.8
2024-09-22,Vallecano,Ath Madrid,1,1,D,1,0,H,15,10,3,5,3,4,0,0,0,0,LL,24_25,7,11,1.4,1.2,1.8,0.4,-4,-0.40000000000000013,0.7999999999999999
2024-09-23,Betis,Mallorca,1,2,A,1,1,D,14,6,6,6,6,3,3,2,0,0,LL,24_25,8,7,1.0,0.8,0.6,0.6,1,0.4,0.20000000000000007
2024-09-24,Sevilla,Valladolid,2,1,H,1,0,H,22,8,5,2,6,4,5,4,1,0,LL,24_25,4,2,0.6,1.2,0.2,2.6,2,0.39999999999999997,-1.4000000000000001
2024-09-24,Atalanta,Como,2,3,A,1,0,H,8,14,5,7,6,2,1,3,0,0,SA,24_25,6,2,2.0,2.2,0.75,1.75,4,1.25,0.4500000000000002
2024-09-24,Valencia,Osasuna,0,0,D,0,0,D,10,9,2,2,10,5,2,3,0,0,LL,24_25,4,9,0.8,1.6,1.4,2.0,-5,-0.5999999999999999,-0.3999999999999999
2024-09-24,Real Madrid,Alaves,3,2,H,2,0,H,10,12,4,3,4,4,4,0,0,0,LL,24_25,13,10,2.4,0.4,1.6,1.0,3,0.7999999999999998,-0.6
2024-09-25,Girona,Vallecano,0,0,D,0,0,D,11,2,0,0,4,3,3,4,0,0,LL,24_25,6,5,1.4,1.8,1.2,1.2,1,0.19999999999999996,0.6000000000000001
2024-09-25,Barcelona,Getafe,1,0,H,1,0,H,16,7,4,1,7,5,1,1,0,0,LL,24_25,15,3,4.0,0.8,0.4,0.8,12,3.6,0.0
2024-09-26,Celta,Ath Madrid,0,1,A,0,0,D,9,7,4,2,2,3,2,2,0,0,LL,24_25,6,11,2.4,2.4,1.6,0.2,-5,0.7999999999999998,2.1999999999999997
2024-09-26,Las Palmas,Betis,1,1,D,1,1,D,8,14,2,5,1,4,4,2,0,0,LL,24_25,1,7,1.0,2.0,1.0,1.0,-6,0.0,1.0
2024-09-26,Espanol,Villarreal,1,2,A,1,1,D,11,15,2,4,4,1,5,3,0,0,LL,24_25,7,10,1.2,1.6,2.0,2.2,-3,-0.8,-0.6000000000000001
2024-09-27,Valladolid,Mallorca,1,2,A,0,0,D,11,14,1,6,7,4,3,2,0,0,LL,24_25,2,10,0.4,2.4,1.0,0.6,-8,-0.6,1.7999999999999998
2024-09-27,Milan,Lecce,3,0,H,3,0,H,15,16,6,7,4,7,1,1,1,0,SA,24_25,8,5,2.2,1.4,0.6,1.6,3,1.6,-0.20000000000000018
2024-09-28,Udinese,Inter,2,3,A,1,2,A,10,16,3,7,7,3,1,0,0,0,SA,24_25,10,8,1.4,1.4,2.0,1.0,2,-0.6000000000000001,0.3999999999999999
2024-09-28,Genoa,Juventus,0,3,A,0,0,D,7,12,2,3,5,3,2,1,0,0,SA,24_25,5,9,0.8,1.4,1.2,0.0,-4,-0.3999999999999999,1.4
2024-09-28,Bologna,Atalanta,1,1,D,0,0,D,5,23,1,5,2,9,3,3,1,0,SA,24_25,6,6,1.2,1.6,2.0,2.2,0,-0.8,-0.6000000000000001
2024-09-28,Vallecano,Leganes,1,1,D,1,0,H,15,13,6,3,5,5,2,1,0,0,LL,24_25,5,2,1.2,1.2,0.2,1.2,3,1.0,0.0
2024-09-28,Getafe,Alaves,2,0,H,1,0,H,14,9,8,1,2,2,3,6,0,0,LL,24_25,2,9,0.4,1.0,2.0,1.6,-7,-1.6,-0.6000000000000001
2024-09-28,Sociedad,Valencia,3,0,H,1,0,H,11,9,6,4,6,4,0,0,0,0,LL,24_25,2,5,0.2,1.0,0.6,1.0,-3,-0.39999999999999997,0.0
2024-09-28,Newcastle,Man City,1,1,D,0,1,A,11,16,4,6,5,6,4,4,0,0,PL,21_20,10,13,1.4,1.2,2.6,1.0,-3,-1.2000000000000002,0.19999999999999996
2024-09-28,Arsenal,Leicester,4,2,H,2,0,H,36,5,16,3,17,0,2,4,0,0,PL,21_20,11,3,1.6,0.6,1.2,1.6,8,0.40000000000000013,-1.0
2024-09-28,Brentford,West Ham,1,1,D,1,0,H,8,19,3,3,7,7,2,3,0,0,PL,21_20,6,4,1.4,1.8,1.0,1.8,2,0.3999999999999999,0.0
2024-09-28,Chelsea,Brighton,4,2,H,4,2,H,15,15,7,5,8,2,3,2,0,0,PL,21_20,10,9,2.2,1.0,1.6,0.8,1,0.6000000000000001,0.19999999999999996
2024-09-28,Everton,Crystal Palace,2,1,H,0,1,A,8,17,2,5,5,8,2,1,0,0,PL,21_20,1,3,1.0,2.8,0.8,1.4,-2,0.19999999999999996,1.4
2024-09-28,Nott'm Forest,Fulham,0,1,A,0,0,D,11,14,1,2,6,5,2,4,0,0,PL,21_20,9,8,1.2,0.8,1.4,1.0,1,-0.19999999999999996,-0.19999999999999996
2024-09-28,Wolves,Liverpool,1,2,A,0,1,A,8,10,3,6,2,10,2,3,0,0,PL,21_20,1,12,1.0,2.8,2.0,0.2,-11,-1.0,2.5999999999999996
2024-09-28,Osasuna,Barcelona,4,2,H,2,0,H,11,12,6,5,5,8,2,2,0,0,LL,24_25,7,15,1.2,2.0,3.8,0.6,-8,-2.5999999999999996,1.4
2024-09-29,Ipswich,Aston Villa,2,2,D,1,2,A,15,7,5,3,10,0,4,1,0,0,PL,21_20,3,12,0.6,1.6,2.0,1.4,-9,-1.4,0.20000000000000018
2024-09-29,Man United,Tottenham,0,3,A,0,1,A,11,24,2,10,5,3,5,3,1,0,PL,21_20,7,7,1.0,1.0,1.8,1.0,0,-0.8,0.0
2024-09-29,Empoli,Fiorentina,0,0,D,0,0,D,8,13,1,0,2,4,0,1,0,0,SA,24_25,9,6,1.0,0.4,1.4,1.4,3,-0.3999999999999999,-0.9999999999999999
2024-09-29,Como,Verona,3,2,H,1,0,H,24,6,11,3,9,1,2,5,0,1,SA,24_25,5,6,1.2,1.8,1.6,1.6,-1,-0.40000000000000013,0.19999999999999996
2024-09-29,Roma,Venezia,2,1,H,0,1,A,22,18,5,7,6,3,1,2,0,0,SA,24_25,6,4,1.0,0.6,0.6,1.6,2,0.4,-1.0
2024-09-29,Napoli,Monza,2,0,H,2,0,H,11,5,2,1,1,3,1,2,0,0,SA,24_25,10,3,1.8,0.8,0.8,1.2,7,1.0,-0.3999999999999999
2024-09-29,Torino,Lazio,2,3,A,0,1,A,12,13,7,7,3,1,2,3,0,0,SA,24_25,11,7,1.6,1.0,1.8,1.6,4,-0.19999999999999996,-0.6000000000000001
2024-09-29,Ath Madrid,Real Madrid,1,1,D,0,0,D,12,12,4,4,5,5,3,1,1,0,LL,24_25,11,13,1.2,0.2,2.4,0.8,-2,-1.2,-0.6000000000000001
2024-09-29,Celta,Girona,1,1,D,0,1,A,12,9,2,4,4,4,1,0,0,0,LL,24_25,3,7,1.8,2.4,1.4,1.2,-4,0.40000000000000013,1.2
2024-09-29,Ath Bilbao,Sevilla,1,1,D,1,0,H,13,13,3,4,4,7,0,3,1,0,LL,24_25,12,7,1.8,0.8,0.8,1.0,5,1.0,-0.19999999999999996
2024-09-29,Betis,Espanol,1,0,H,0,0,D,20,8,12,1,8,4,2,4,0,0,LL,24_25,7,7,1.2,1.2,1.4,1.8,0,-0.19999999999999996,-0.6000000000000001
2024-09-30,Villarreal,Las Palmas,3,1,H,1,0,H,17,7,7,3,3,2,0,3,0,0,LL,24_25,10,2,2.0,2.2,1.0,1.8,8,1.0,0.40000000000000013
2024-09-30,Bournemouth,Southampton,3,1,H,3,0,H,14,9,6,3,7,4,2,5,0,0,PL,21_20,5,1,1.0,1.6,0.4,1.8,4,0.6,-0.19999999999999996
2024-09-30,Parma,Cagliari,2,3,A,0,1,A,18,11,4,4,5,3,3,2,0,0,SA,24_25,5,2,1.6,1.8,0.2,1.6,3,1.4000000000000001,0.19999999999999996
2024-10-04,Napoli,Como,3,1,H,1,1,D,9,11,6,2,4,1,1,1,0,0,SA,24_25,13,8,2.2,0.2,1.8,1.6,5,0.40000000000000013,-1.4000000000000001
2024-10-04,Verona,Venezia,2,1,H,1,1,D,13,11,4,2,13,6,3,0,0,0,SA,24_25,3,4,1.4,2.2,0.6,1.4,-1,0.7999999999999999,0.8000000000000003
2024-10-04,Leganes,Valencia,0,0,D,0,0,D,8,6,0,1,1,2,2,2,0,0,LL,24_25,2,5,0.4,1.4,0.6,1.4,-3,-0.19999999999999996,0.0
2024-10-05,Espanol,Mallorca,2,1,H,1,0,H,8,11,3,4,4,6,1,5,0,0,LL,24_25,6,12,1.4,2.0,1.4,0.8,-6,0.0,1.2
2024-10-05,Getafe,Osasuna,1,1,D,1,0,H,11,6,3,2,4,2,2,4,0,0,LL,24_25,4,10,0.8,1.0,2.0,1.6,-6,-1.2,-0.6000000000000001
2024-10-05,Las Palmas,Celta,0,1,A,0,1,A,24,8,5,1,11,2,3,8,0,2,LL,24_25,1,4,1.0,2.2,1.4,1.8,-3,-0.3999999999999999,0.40000000000000013
2024-10-05,Valladolid,Vallecano,1,2,A,0,0,D,13,17,5,3,5,13,4,2,0,0,LL,24_25,1,6,0.6,2.8,1.2,1.0,-5,-0.6,1.7999999999999998
2024-10-05,Leicester,Bournemouth,1,0,H,1,0,H,6,17,2,2,0,9,4,1,0,0,PL,21_20,2,7,1.4,2.2,1.4,1.6,-5,0.0,0.6000000000000001
2024-10-05,Real Madrid,Villarreal,2,0,H,1,0,H,11,10,2,1,2,5,0,1,0,0,LL,24_25,13,10,2.4,0.8,1.8,1.8,3,0.5999999999999999,-1.0
2024-10-05,Man City,Fulham,3,2,H,1,1,D,20,11,7,4,8,3,2,1,0,0,PL,21_20,11,11,2.4,1.2,1.6,0.8,0,0.7999999999999998,0.3999999999999999
2024-10-05,West Ham,Ipswich,4,1,H,2,1,H,23,9,13,2,5,5,0,1,0,0,PL,21_20,5,4,1.0,1.6,1.0,1.6,1,0.0,0.0
2024-10-05,Everton,Newcastle,0,0,D,0,0,D,8,14,2,3,0,10,1,2,0,0,PL,21_20,4,8,1.4,2.4,1.4,1.4,-4,0.0,1.0
2024-10-05,Udinese,Lecce,1,0,H,0,0,D,13,9,4,3,5,0,2,2,0,0,SA,24_25,9,5,1.6,1.8,0.6,1.4,4,1.0,0.40000000000000013
2024-10-05,Crystal Palace,Liverpool,0,1,A,0,1,A,9,16,5,4,3,8,4,2,0,0,PL,21_20,3,12,0.8,1.4,2.0,0.4,-9,-1.2,0.9999999999999999
2024-10-05,Atalanta,Genoa,5,1,H,1,0,H,23,7,8,2,4,2,0,0,0,0,SA,24_25,4,4,1.4,2.4,0.4,1.6,0,0.9999999999999999,0.7999999999999998
2024-10-05,Inter,Torino,3,2,H,2,1,H,29,7,8,5,14,0,1,2,0,1,SA,24_25,10,10,2.2,1.0,1.6,1.2,0,0.6000000000000001,-0.19999999999999996
2024-10-05,Arsenal,Southampton,3,1,H,0,0,D,29,8,6,2,13,1,0,3,0,0,PL,21_20,11,1,2.0,1.0,0.6,2.2,10,1.4,-1.2000000000000002
2024-10-05,Brentford,Wolves,5,3,H,4,2,H,19,17,12,6,10,3,2,3,0,0,PL,21_20,4,1,1.2,1.8,1.2,2.8,3,0.0,-0.9999999999999998
2024-10-06,Juventus,Cagliari,1,1,D,1,0,H,21,9,9,2,8,3,5,2,1,0,SA,24_25,9,4,1.2,0.0,0.8,2.0,5,0.3999999999999999,-2.0
2024-10-06,Bologna,Parma,0,0,D,0,0,D,19,13,3,2,13,6,1,0,0,1,SA,24_25,6,4,1.2,1.6,1.8,2.2,2,-0.6000000000000001,-0.6000000000000001
2024-10-06,Monza,Roma,1,1,D,0,0,D,3,15,3,4,1,3,3,1,0,0,SA,24_25,2,8,0.8,1.6,1.4,0.8,-6,-0.5999999999999999,0.8
2024-10-06,Fiorentina,Milan,2,1,H,1,0,H,12,16,3,8,0,7,2,3,0,1,SA,24_25,6,10,1.2,1.2,2.4,1.0,-4,-1.2,0.19999999999999996
2024-10-06,Lazio,Empoli,2,1,H,1,1,D,16,7,6,2,5,3,2,4,0,0,SA,24_25,7,9,1.8,1.8,1.0,0.4,-2,0.8,1.4
2024-10-06,Alaves,Barcelona,0,3,A,0,3,A,11,14,2,8,11,3,2,2,0,0,LL,24_25,6,12,1.6,1.8,3.8,1.2,-6,-2.1999999999999997,0.6000000000000001
2024-10-06,Sevilla,Betis,1,0,H,0,0,D,14,11,5,3,4,1,6,3,1,0,LL,24_25,7,10,1.0,1.2,1.4,0.8,-3,-0.3999999999999999,0.3999999999999999
2024-10-06,Sociedad,Ath Madrid,1,1,D,0,1,A,16,4,8,1,5,1,0,2,0,0,LL,24_25,5,11,0.6,0.6,1.4,0.4,-6,-0.7999999999999999,0.19999999999999996
2024-10-06,Aston Villa,Man United,0,0,D,0,0,D,11,10,1,4,6,3,1,5,0,0,PL,21_20,10,4,2.0,1.6,0.8,1.6,6,1.2,0.0
2024-10-06,Chelsea,Nott'm Forest,1,1,D,0,0,D,22,16,8,9,11,3,6,2,0,1,PL,21_20,13,8,3.0,1.0,1.0,0.8,5,2.0,0.19999999999999996
2024-10-06,Girona,Ath Bilbao,2,1,H,1,1,D,14,13,6,4,6,1,4,3,0,1,LL,24_25,5,10,0.8,1.4,1.8,1.0,-5,-1.0,0.3999999999999999
2024-10-06,Brighton,Tottenham,3,2,H,0,2,A,11,13,4,3,4,7,2,2,0,0,PL,21_20,6,9,1.4,1.6,2.2,0.8,-3,-0.8000000000000003,0.8
2024-10-18,Alaves,Valladolid,2,3,A,1,1,D,10,12,4,4,5,6,6,2,1,0,LL,24_25,3,1,1.2,2.4,0.8,1.8,2,0.3999999999999999,0.5999999999999999
2024-10-19,Tottenham,West Ham,4,1,H,1,1,D,22,11,7,4,13,5,1,3,0,1,PL,21_20,6,5,1.8,1.4,1.4,1.8,1,0.40000000000000013,-0.40000000000000013
2024-10-19,Bournemouth,Arsenal,2,0,H,0,0,D,13,6,4,1,7,4,1,1,0,1,PL,21_20,6,11,1.2,1.6,2.2,1.2,-5,-1.0000000000000002,0.40000000000000013
2024-10-19,Fulham,Aston Villa,1,3,A,1,1,D,10,14,4,5,6,11,3,3,1,1,PL,21_20,8,11,1.6,1.2,2.0,1.2,-3,-0.3999999999999999,0.0
2024-10-19,Ipswich,Everton,0,2,A,0,2,A,13,11,2,8,5,8,1,1,0,0,PL,21_20,4,5,1.0,1.6,1.4,1.6,-1,-0.3999999999999999,0.0
2024-10-19,Man United,Brentford,2,1,H,0,1,A,23,8,11,2,9,2,2,2,0,0,PL,21_20,5,7,0.6,1.2,2.2,2.0,-2,-1.6,-0.8
2024-10-19,Newcastle,Brighton,0,1,A,0,1,A,21,10,6,5,9,4,2,2,0,0,PL,21_20,8,6,1.2,1.2,1.6,1.8,2,-0.40000000000000013,-0.6000000000000001
2024-10-19,Southampton,Leicester,2,3,A,2,0,H,14,18,7,4,10,6,5,3,1,0,PL,21_20,1,5,0.8,2.6,1.4,1.8,-4,-0.5999999999999999,0.8
2024-10-19,Como,Parma,1,1,D,1,1,D,11,9,3,3,7,4,1,2,0,0,SA,24_25,7,2,1.8,2.0,1.4,2.0,5,0.40000000000000013,0.0
2024-10-19,Celta,Real Madrid,1,2,A,0,1,A,13,10,5,3,6,2,2,1,0,0,LL,24_25,7,13,1.2,1.2,2.4,0.8,-6,-1.2,0.3999999999999999
2024-10-19,Milan,Udinese,1,0,H,1,0,H,10,13,5,1,8,4,2,3,1,0,SA,24_25,10,9,2.4,1.0,1.4,1.6,1,1.0,-0.6000000000000001
2024-10-19,Ath Bilbao,Espanol,4,1,H,3,0,H,10,5,6,2,5,5,2,3,0,0,LL,24_25,10,6,2.0,1.2,1.4,2.0,4,0.6000000000000001,-0.8
2024-10-19,Osasuna,Betis,1,2,A,0,1,A,19,11,6,7,10,2,2,1,0,1,LL,24_25,8,7,1.6,1.4,1.0,1.0,1,0.6000000000000001,0.3999999999999999
2024-10-19,Girona,Sociedad,0,1,A,0,1,A,8,14,3,4,6,6,2,1,0,0,LL,24_25,5,5,0.8,1.6,0.8,0.8,0,0.0,0.8
2024-10-19,Juventus,Lazio,1,0,H,0,0,D,16,2,3,1,7,1,4,2,0,1,SA,24_25,7,10,0.8,0.2,2.0,1.6,-3,-1.2,-1.4000000000000001
2024-10-19,Genoa,Bologna,2,2,D,0,1,A,10,12,4,7,1,7,2,0,0,0,SA,24_25,1,7,0.4,2.6,1.2,1.0,-6,-0.7999999999999999,1.6
2024-10-20,Villarreal,Getafe,1,1,D,1,0,H,10,21,4,4,5,5,4,3,0,0,LL,24_25,9,5,1.6,2.0,1.0,1.0,4,0.6000000000000001,1.0
2024-10-20,Ath Madrid,Leganes,3,1,H,0,1,A,24,5,9,2,8,2,5,1,0,0,LL,24_25,9,3,1.4,0.6,0.4,1.2,6,0.9999999999999999,-0.6
2024-10-20,Mallorca,Vallecano,1,0,H,0,0,D,19,10,5,2,9,2,1,1,0,0,LL,24_25,9,9,1.4,1.2,1.4,0.8,0,0.0,0.3999999999999999
2024-10-20,Empoli,Napoli,0,1,A,0,0,D,11,9,4,1,7,7,2,2,0,0,SA,24_25,6,13,0.8,0.6,2.2,0.4,-7,-1.4000000000000001,0.19999999999999996
2024-10-20,Wolves,Man City,1,2,A,1,1,D,3,22,2,7,1,18,4,1,0,0,PL,21_20,1,11,1.4,2.6,2.2,1.4,-10,-0.8000000000000003,1.2000000000000002
2024-10-20,Roma,Inter,0,1,A,0,0,D,14,11,3,6,3,3,2,3,0,0,SA,24_25,9,10,1.4,0.6,2.4,1.4,-1,-1.0,-0.7999999999999999
2024-10-20,Liverpool,Chelsea,2,1,H,1,0,H,9,12,5,2,1,6,4,3,0,0,PL,21_20,12,11,1.8,0.4,2.0,0.8,1,-0.19999999999999996,-0.4
2024-10-20,Venezia,Atalanta,0,2,A,0,1,A,12,16,4,7,2,5,1,1,0,0,SA,24_25,3,7,0.8,1.8,2.2,2.2,-4,-1.4000000000000001,-0.40000000000000013
2024-10-20,Lecce,Fiorentina,0,6,A,0,3,A,5,19,2,11,1,3,0,5,1,0,SA,24_25,5,8,0.6,1.2,1.6,1.4,-3,-1.0,-0.19999999999999996
2024-10-20,Barcelona,Sevilla,5,1,H,3,0,H,21,7,9,1,5,5,1,2,0,0,LL,24_25,12,10,3.0,1.2,1.2,0.8,2,1.8,0.3999999999999999
2024-10-20,Cagliari,Torino,3,2,H,1,1,D,18,17,5,5,9,12,1,3,0,0,SA,24_25,4,7,0.8,2.0,1.6,1.6,-3,-0.8,0.3999999999999999
2024-10-21,Verona,Monza,0,3,A,0,1,A,16,10,4,4,9,6,3,2,0,0,SA,24_25,6,3,1.8,1.8,1.0,1.6,3,0.8,0.19999999999999996
2024-10-21,Nott'm Forest,Crystal Palace,1,0,H,0,0,D,20,20,6,7,6,6,2,3,0,0,PL,21_20,6,3,1.0,1.0,0.8,1.2,3,0.19999999999999996,-0.19999999999999996
2024-10-21,Valencia,Las Palmas,2,3,A,1,1,D,14,11,7,6,11,2,4,9,1,0,LL,24_25,5,1,0.4,1.2,1.0,2.0,4,-0.6,-0.8
2024-10-25,Espanol,Sevilla,0,2,A,0,2,A,16,6,1,3,13,2,2,0,0,0,LL,24_25,3,7,1.0,2.4,1.2,1.8,-4,-0.19999999999999996,0.5999999999999999
2024-10-25,Udinese,Cagliari,2,0,H,1,0,H,13,3,4,0,2,4,2,3,0,1,SA,24_25,6,7,1.2,1.8,1.4,2.2,-1,-0.19999999999999996,-0.40000000000000013
2024-10-25,Torino,Como,1,0,H,0,0,D,8,20,2,6,1,3,3,3,0,0,SA,24_25,4,8,1.8,2.2,2.0,2.0,-4,-0.19999999999999996,0.20000000000000018
2024-10-25,Leicester,Nott'm Forest,1,3,A,1,1,D,11,20,1,5,6,7,5,2,0,0,PL,21_20,8,8,1.8,1.8,1.0,0.8,0,0.8,1.0
2024-10-26,Napoli,Lecce,1,0,H,0,0,D,24,11,8,2,16,5,3,2,0,0,SA,24_25,13,2,2.0,0.2,0.4,2.4,11,1.6,-2.1999999999999997
2024-10-26,Valladolid,Villarreal,1,2,A,0,1,A,7,21,3,9,4,6,4,3,0,0,LL,24_25,4,7,1.2,1.6,1.4,2.0,-3,-0.19999999999999996,-0.3999999999999999
2024-10-26,Vallecano,Alaves,1,0,H,0,0,D,16,15,4,7,6,2,2,4,1,0,LL,24_25,6,3,0.8,0.8,1.2,2.4,3,-0.3999999999999999,-1.5999999999999999
2024-10-26,Las Palmas,Girona,1,0,H,1,0,H,12,8,3,3,3,5,4,5,0,1,LL,24_25,4,5,1.2,1.8,0.6,1.0,-1,0.6,0.8
2024-10-26,Atalanta,Verona,6,1,H,5,1,H,19,4,10,2,4,2,0,1,0,0,SA,24_25,10,3,2.6,1.4,1.4,2.4,7,1.2000000000000002,-1.0
2024-10-26,Brentford,Ipswich,4,3,H,2,2,D,20,11,9,5,5,5,0,1,0,1,PL,21_20,4,3,1.8,2.2,0.8,1.8,1,1.0,0.40000000000000013
2024-10-26,Aston Villa,Bournemouth,1,1,D,0,0,D,18,11,8,3,9,7,7,6,0,0,PL,21_20,11,6,2.2,1.2,1.0,1.2,5,1.2000000000000002,0.0
2024-10-26,Everton,Fulham,1,1,D,0,0,D,10,14,5,3,4,2,1,0,0,0,PL,21_20,8,7,1.4,1.0,1.6,1.6,1,-0.20000000000000018,-0.6000000000000001
2024-10-26,Real Madrid,Barcelona,0,4,A,0,0,D,9,15,4,7,10,3,2,5,0,0,LL,24_25,13,12,2.4,1.0,3.2,1.2,1,-0.8000000000000003,-0.19999999999999996
2024-10-26,Brighton,Wolves,2,2,D,1,0,H,19,14,6,7,9,6,3,3,0,0,PL,21_20,8,0,1.6,1.6,1.4,2.8,8,0.20000000000000018,-1.1999999999999997
2024-10-26,Man City,Southampton,1,0,H,1,0,H,22,5,8,2,12,1,1,3,0,0,PL,21_20,11,1,2.0,1.4,1.0,2.6,10,1.0,-1.2000000000000002
2024-10-27,Fiorentina,Roma,5,1,H,3,1,H,21,14,10,5,6,2,2,5,0,1,SA,24_25,10,8,2.4,1.0,1.4,0.8,2,1.0,0.19999999999999996
2024-10-27,Chelsea,Newcastle,2,1,H,1,1,D,17,11,7,3,7,4,6,3,0,0,PL,21_20,10,5,2.0,1.0,0.8,1.2,5,1.2,-0.19999999999999996
2024-10-27,Crystal Palace,Tottenham,1,0,H,1,0,H,14,11,6,3,8,8,4,4,0,0,PL,21_20,2,9,0.6,1.2,2.4,1.2,-7,-1.7999999999999998,0.0
2024-10-27,Leganes,Celta,3,0,H,0,0,D,7,18,4,5,4,2,2,2,0,0,LL,24_25,3,4,0.6,1.4,0.8,1.4,-1,-0.20000000000000007,0.0
2024-10-27,West Ham,Man United,2,1,H,0,0,D,12,18,3,5,6,5,5,1,0,0,PL,21_20,5,8,1.4,2.0,1.0,0.8,-3,0.3999999999999999,1.2
2024-10-27,Arsenal,Liverpool,2,2,D,2,1,H,9,9,3,4,1,3,2,2,0,0,PL,21_20,10,12,2.0,1.4,1.6,0.6,-2,0.3999999999999999,0.7999999999999999
2024-10-27,Parma,Empoli,1,1,D,0,1,A,17,6,4,2,9,3,4,5,0,0,SA,24_25,3,5,1.4,1.8,0.6,0.6,-2,0.7999999999999999,1.2000000000000002
2024-10-27,Lazio,Genoa,3,0,H,1,0,H,18,6,4,2,7,4,3,1,0,0,SA,24_25,9,2,1.6,1.4,0.8,2.6,7,0.8,-1.2000000000000002
2024-10-27,Monza,Venezia,2,2,D,2,2,D,13,6,2,2,4,3,4,2,1,0,SA,24_25,5,3,1.2,1.2,0.8,2.0,2,0.3999999999999999,-0.8
2024-10-27,Inter,Juventus,4,4,D,3,2,H,18,10,9,5,13,5,2,1,0,0,SA,24_25,10,9,1.8,1.4,1.0,0.2,1,0.8,1.2
2024-10-27,Sociedad,Osasuna,0,2,A,0,2,A,19,10,9,4,14,4,3,4,0,0,LL,24_25,8,8,1.0,0.4,1.6,1.2,0,-0.6000000000000001,-0.7999999999999999
2024-10-27,Betis,Ath Madrid,1,0,H,1,0,H,24,10,3,3,3,10,3,2,0,0,LL,24_25,7,9,1.0,1.0,1.4,0.8,-2,-0.3999999999999999,0.19999999999999996
2024-10-27,Getafe,Valencia,1,1,D,0,1,A,15,2,4,1,8,2,3,7,0,0,LL,24_25,6,5,1.0,0.8,0.8,1.2,1,0.19999999999999996,-0.3999999999999999
2024-10-28,Mallorca,Ath Bilbao,0,0,D,0,0,D,4,20,1,1,1,14,5,1,1,0,LL,24_25,12,10,1.4,0.8,2.2,1.0,2,-0.8000000000000003,-0.19999999999999996
2024-10-29,Milan,Napoli,0,2,A,0,2,A,13,9,5,4,5,1,0,1,0,0,SA,24_25,12,13,2.2,0.6,1.4,0.2,-1,0.8000000000000003,0.39999999999999997
2024-10-29,Cagliari,Bologna,0,2,A,0,1,A,14,11,2,4,7,2,2,2,0,0,SA,24_25,7,7,1.4,1.8,1.4,1.2,0,0.0,0.6000000000000001
2024-10-29,Lecce,Verona,1,0,H,0,0,D,14,7,6,1,3,4,1,3,0,2,SA,24_25,1,3,0.4,2.6,1.4,3.2,-2,-0.9999999999999999,-0.6000000000000001
2024-10-30,Atalanta,Monza,2,0,H,0,0,D,16,4,6,3,5,1,2,3,0,0,SA,24_25,10,5,3.2,1.2,1.4,1.4,5,1.8000000000000003,-0.19999999999999996
2024-10-30,Juventus,Parma,2,2,D,1,2,A,24,13,6,5,10,6,2,0,0,0,SA,24_25,9,4,1.8,1.0,1.2,1.4,5,0.6000000000000001,-0.3999999999999999
2024-10-30,Empoli,Inter,0,3,A,0,0,D,6,15,1,5,1,4,1,1,1,0,SA,24_25,5,10,0.8,0.8,2.4,2.0,-5,-1.5999999999999999,-1.2
2024-10-30,Venezia,Udinese,3,2,H,1,2,A,18,15,7,5,2,6,3,4,0,1,SA,24_25,4,6,1.2,1.6,1.0,1.4,-2,0.19999999999999996,0.20000000000000018
2024-10-31,Genoa,Fiorentina,0,1,A,0,0,D,14,12,4,4,4,4,4,2,0,0,SA,24_25,1,13,0.6,3.0,3.0,0.6,-12,-2.4,2.4
2024-10-31,Como,Lazio,1,5,A,0,2,A,14,14,2,7,3,5,2,5,1,1,SA,24_25,7,9,1.6,1.8,1.8,1.2,-2,-0.19999999999999996,0.6000000000000001
2024-10-31,Roma,Torino,1,0,H,1,0,H,10,4,3,2,3,5,2,2,0,0,SA,24_25,7,6,1.4,1.6,2.0,2.2,1,-0.6000000000000001,-0.6000000000000001
2024-11-01,Alaves,Mallorca,1,0,H,0,0,D,13,7,3,2,7,2,3,2,0,0,LL,24_25,0,10,0.8,2.4,1.2,0.8,-10,-0.3999999999999999,1.5999999999999999
2024-11-02,Bologna,Lecce,1,0,H,0,0,D,20,6,4,0,9,1,2,2,0,0,SA,24_25,9,3,1.4,0.8,0.2,2.2,6,1.2,-1.4000000000000001
2024-11-02,Udinese,Juventus,0,2,A,0,2,A,11,11,2,5,10,3,2,2,0,0,SA,24_25,6,9,1.4,1.4,2.2,1.4,-3,-0.8000000000000003,0.0
2024-11-02,Monza,Milan,0,1,A,0,1,A,12,18,2,7,3,5,2,1,0,0,SA,24_25,5,9,1.2,1.4,1.4,1.0,-4,-0.19999999999999996,0.3999999999999999
2024-11-02,Girona,Leganes,4,3,H,2,2,D,15,8,6,5,6,1,2,4,0,0,LL,24_25,5,6,0.6,0.8,1.2,1.0,-1,-0.6,-0.19999999999999996
2024-11-02,Osasuna,Valladolid,1,0,H,1,0,H,20,7,4,4,7,2,1,5,0,0,LL,24_25,8,3,1.6,1.0,1.4,2.0,5,0.20000000000000018,-1.0
2024-11-02,Nott'm Forest,West Ham,3,0,H,1,0,H,19,4,6,2,11,6,1,2,0,1,PL,21_20,8,7,1.4,1.0,1.6,2.0,1,-0.20000000000000018,-1.0
2024-11-02,Newcastle,Arsenal,1,0,H,1,0,H,9,10,4,1,4,6,4,4,0,0,PL,21_20,2,8,0.6,1.4,2.2,1.8,-6,-1.6,-0.40000000000000013
2024-11-02,Bournemouth,Man City,2,1,H,1,0,H,12,18,6,4,3,10,2,1,0,0,PL,21_20,7,11,1.2,1.2,1.8,1.2,-4,-0.6000000000000001,0.0
2024-11-02,Ipswich,Leicester,1,1,D,0,0,D,14,20,2,6,4,6,4,2,1,0,PL,21_20,2,7,1.4,2.6,1.6,2.0,-5,-0.20000000000000018,0.6000000000000001
2024-11-02,Wolves,Crystal Palace,2,2,D,0,0,D,11,19,6,7,3,6,1,2,0,0,PL,21_20,1,4,1.6,2.8,0.4,0.8,-3,1.2000000000000002,1.9999999999999998
2024-11-02,Southampton,Everton,1,0,H,0,0,D,9,16,2,5,3,6,4,2,0,0,PL,21_20,1,9,1.0,2.2,1.2,0.6,-8,-0.19999999999999996,1.6
2024-11-02,Liverpool,Brighton,2,1,H,0,1,A,16,13,8,5,10,7,1,1,0,0,PL,21_20,13,8,2.0,0.8,2.0,2.0,5,0.0,-1.2
2024-11-03,Tottenham,Aston Villa,4,1,H,0,1,A,16,12,6,1,6,4,2,0,0,0,PL,21_20,9,9,2.4,1.2,1.8,1.0,0,0.5999999999999999,0.19999999999999996
2024-11-03,Inter,Venezia,1,0,H,0,0,D,20,7,8,2,9,3,2,1,0,0,SA,24_25,13,4,2.8,1.6,1.4,2.0,9,1.4,-0.3999999999999999
2024-11-03,Verona,Roma,3,2,H,2,1,H,7,14,3,3,2,2,2,2,1,0,SA,24_25,3,7,1.0,2.8,1.0,1.6,-4,0.0,1.1999999999999997
2024-11-03,Torino,Fiorentina,0,1,A,0,1,A,9,8,1,3,1,3,2,1,0,0,SA,24_25,3,13,1.4,2.0,2.8,0.4,-10,-1.4,1.6
2024-11-03,Napoli,Atalanta,0,3,A,0,2,A,13,12,3,3,4,3,1,3,0,0,SA,24_25,15,13,1.8,0.2,3.2,0.6,2,-1.4000000000000001,-0.39999999999999997
2024-11-03,Man United,Chelsea,1,1,D,0,0,D,11,12,4,3,4,8,6,2,0,0,PL,21_20,5,10,0.6,1.2,2.2,1.2,-5,-1.6,0.0
2024-11-03,Ath Bilbao,Betis,1,1,D,0,0,D,17,7,8,4,6,2,0,0,0,0,LL,24_25,8,10,1.8,1.0,1.0,0.6,-2,0.8,0.4
2024-11-03,Sevilla,Sociedad,0,2,A,0,1,A,8,9,0,3,5,9,2,1,0,0,LL,24_25,10,8,1.4,1.4,1.0,0.6,2,0.3999999999999999,0.7999999999999999
2024-11-03,Barcelona,Espanol,3,1,H,3,0,H,14,10,9,3,9,5,0,3,0,0,LL,24_25,12,3,3.0,1.0,0.8,2.0,9,2.2,-1.0
2024-11-03,Ath Madrid,Las Palmas,2,0,H,1,0,H,15,1,3,1,9,1,1,1,0,0,LL,24_25,8,7,1.2,0.8,1.2,1.4,1,0.0,-0.5999999999999999
2024-11-04,Fulham,Brentford,2,1,H,0,1,A,26,5,12,2,11,3,2,1,0,0,PL,21_20,7,7,1.6,1.6,2.4,2.4,0,-0.7999999999999998,-0.7999999999999998
2024-11-04,Empoli,Como,1,0,H,0,0,D,9,12,4,2,3,6,1,0,0,0,SA,24_25,2,4,0.4,1.4,1.2,2.4,-2,-0.7999999999999999,-1.0
2024-11-04,Parma,Genoa,0,1,A,0,0,D,13,15,0,7,3,7,2,5,0,0,SA,24_25,4,1,1.2,1.4,0.6,2.8,3,0.6,-1.4
2024-11-04,Lazio,Cagliari,2,1,H,1,1,D,20,6,5,1,2,3,3,8,0,2,SA,24_25,12,7,2.6,1.0,1.4,1.8,5,1.2000000000000002,-0.8
2024-11-04,Celta,Getafe,1,0,H,1,0,H,10,10,3,2,0,2,1,4,0,1,LL,24_25,4,6,0.6,1.4,1.0,0.8,-2,-0.4,0.5999999999999999
2024-11-07,Genoa,Como,1,1,D,0,1,A,8,18,4,8,8,5,4,3,0,0,SA,24_25,4,1,0.8,2.2,0.6,2.2,3,0.20000000000000007,0.0
2024-11-08,Lecce,Empoli,1,1,D,0,1,A,18,11,3,6,4,3,0,3,0,0,SA,24_25,3,4,0.2,1.8,0.6,1.4,-1,-0.39999999999999997,0.40000000000000013
2024-11-08,Vallecano,Las Palmas,1,3,A,0,1,A,35,11,7,3,12,4,1,3,0,0,LL,24_25,8,6,0.8,0.6,1.0,1.6,2,-0.19999999999999996,-1.0
2024-11-09,Brighton,Man City,2,1,H,0,1,A,10,15,4,6,0,4,3,3,0,0,PL,21_20,7,10,1.8,2.0,1.6,1.2,-3,0.19999999999999996,0.8
2024-11-09,Wolves,Southampton,2,0,H,1,0,H,8,9,4,0,1,9,1,4,0,0,PL,21_20,2,3,1.8,2.6,1.0,2.0,-1,0.8,0.6000000000000001
2024-11-09,West Ham,Everton,0,0,D,0,0,D,11,18,6,4,7,6,1,2,0,0,PL,21_20,7,8,1.6,2.0,1.0,0.6,-1,0.6000000000000001,1.4
2024-11-09,Crystal Palace,Fulham,0,2,A,0,1,A,13,17,5,7,1,8,1,1,1,0,PL,21_20,4,7,0.8,1.2,1.4,1.6,-3,-0.5999999999999999,-0.40000000000000013
2024-11-09,Brentford,Bournemouth,3,2,H,1,1,D,12,15,6,3,6,4,2,4,0,0,PL,21_20,7,10,2.4,2.2,1.6,0.8,-3,0.7999999999999998,1.4000000000000001
2024-11-09,Real Madrid,Osasuna,4,0,H,2,0,H,18,2,8,0,11,3,0,2,0,0,LL,24_25,10,10,1.6,1.6,1.8,1.0,0,-0.19999999999999996,0.6000000000000001
2024-11-09,Villarreal,Alaves,3,0,H,1,0,H,13,9,3,3,7,2,1,3,0,0,LL,24_25,10,3,1.6,1.2,0.6,1.8,7,1.0,-0.6000000000000001
2024-11-09,Leganes,Sevilla,1,0,H,0,0,D,8,13,4,2,0,6,2,1,0,1,LL,24_25,5,7,1.6,1.6,1.0,1.6,-2,0.6000000000000001,0.0
2024-11-09,Juventus,Torino,2,0,H,1,0,H,13,6,4,1,5,5,1,3,0,0,SA,24_25,9,3,2.0,1.4,1.0,1.6,6,1.0,-0.20000000000000018
2024-11-09,Cagliari,Milan,3,3,D,1,2,A,16,13,7,6,6,3,0,2,0,0,SA,24_25,4,9,1.0,1.8,1.2,0.8,-5,-0.19999999999999996,1.0
2024-11-09,Venezia,Parma,1,2,A,1,1,D,12,10,6,3,6,6,1,2,0,0,SA,24_25,4,4,1.2,1.8,0.8,1.0,0,0.3999999999999999,0.8
2024-11-09,Liverpool,Aston Villa,2,0,H,1,0,H,14,12,5,2,2,9,0,3,0,0,PL,21_20,13,6,1.8,1.0,1.4,1.6,7,0.40000000000000013,-0.6000000000000001
2024-11-10,Monza,Lazio,0,1,A,0,1,A,12,14,2,6,6,6,5,1,0,0,SA,24_25,5,12,1.2,1.2,2.4,0.8,-7,-1.2,0.3999999999999999
2024-11-10,Nott'm Forest,Newcastle,1,3,A,1,0,H,9,17,3,6,4,5,1,1,0,0,PL,21_20,10,5,1.6,0.6,0.6,0.8,5,1.0,-0.20000000000000007
2024-11-10,Roma,Bologna,2,3,A,0,1,A,15,15,5,4,4,3,2,3,0,0,SA,24_25,4,9,1.0,2.0,1.2,0.6,-5,-0.19999999999999996,1.4
2024-11-10,Fiorentina,Verona,3,1,H,1,1,D,11,8,6,2,8,3,1,2,0,0,SA,24_25,15,6,3.0,0.4,1.2,2.6,9,1.8,-2.2
2024-11-10,Atalanta,Udinese,2,1,H,0,1,A,11,11,4,6,4,5,1,1,0,0,SA,24_25,15,6,3.6,0.4,1.0,1.2,9,2.6,-0.7999999999999999
2024-11-10,Inter,Napoli,1,1,D,1,1,D,13,5,4,2,4,2,2,0,0,0,SA,24_25,13,12,2.4,1.2,1.4,0.8,1,1.0,0.3999999999999999
2024-11-10,Tottenham,Ipswich,1,2,A,0,2,A,17,8,5,3,12,2,1,5,0,0,PL,21_20,9,2,2.6,1.2,1.4,2.6,7,1.2000000000000002,-1.4000000000000001
2024-11-10,Chelsea,Arsenal,1,1,D,0,0,D,17,13,3,3,4,3,4,2,0,0,PL,21_20,8,7,1.8,1.4,1.8,1.6,1,0.0,-0.20000000000000018
2024-11-10,Betis,Celta,2,2,D,1,1,D,19,3,6,2,2,0,3,0,0,0,LL,24_25,10,7,1.0,0.6,0.8,1.2,3,0.19999999999999996,-0.6
2024-11-10,Mallorca,Ath Madrid,0,1,A,0,0,D,12,9,6,2,7,2,1,3,0,0,LL,24_25,7,8,0.8,0.8,1.4,0.8,-1,-0.5999999999999999,0.0
2024-11-10,Getafe,Girona,0,1,A,0,1,A,8,3,0,2,5,2,3,3,0,0,LL,24_25,6,7,1.0,0.8,1.4,1.4,-1,-0.3999999999999999,-0.5999999999999999
2024-11-10,Valladolid,Ath Bilbao,1,1,D,0,0,D,6,17,3,1,5,5,4,4,0,0,LL,24_25,3,6,1.2,1.8,1.4,1.0,-3,-0.19999999999999996,0.8
2024-11-10,Sociedad,Barcelona,1,0,H,1,0,H,14,11,6,0,7,6,3,1,0,0,LL,24_25,10,12,1.4,0.6,3.4,1.2,-2,-2.0,-0.6
2024-11-10,Man United,Leicester,3,0,H,2,0,H,13,6,3,5,1,5,0,1,0,0,PL,21_20,5,7,0.8,1.4,1.6,2.0,-2,-0.8,-0.6000000000000001
2024-11-22,Getafe,Valladolid,2,0,H,0,0,D,12,6,5,3,3,2,3,2,0,0,LL,24_25,3,4,0.6,1.0,1.2,1.6,-1,-0.6,-0.6000000000000001
2024-11-23,Parma,Atalanta,1,3,A,0,2,A,9,15,3,6,2,5,0,2,0,0,SA,24_25,6,15,1.2,1.2,3.0,0.4,-9,-1.8,0.7999999999999999
2024-11-23,Milan,Juventus,0,0,D,0,0,D,6,7,1,2,2,4,3,2,0,0,SA,24_25,7,11,1.2,1.4,2.2,1.2,-4,-1.0000000000000002,0.19999999999999996
2024-11-23,Verona,Inter,0,5,A,0,5,A,9,12,2,7,4,2,2,1,0,0,SA,24_25,3,11,1.0,3.0,2.0,1.0,-8,-1.0,2.0
2024-11-23,Valencia,Betis,4,2,H,1,1,D,11,7,5,3,2,4,4,2,0,0,LL,24_25,3,8,0.6,1.4,1.2,1.0,-5,-0.6,0.3999999999999999
2024-11-23,Girona,Espanol,4,1,H,4,0,H,12,9,5,1,6,3,0,3,0,0,LL,24_25,9,3,1.4,1.2,0.8,2.2,6,0.5999999999999999,-1.0000000000000002
2024-11-23,Las Palmas,Mallorca,2,3,A,0,0,D,14,10,3,3,4,3,4,2,0,1,LL,24_25,9,4,1.4,1.2,0.4,0.8,5,0.9999999999999999,0.3999999999999999
2024-11-23,Celta,Barcelona,2,2,D,0,1,A,15,9,8,4,5,1,5,5,0,1,LL,24_25,7,12,1.0,1.4,3.0,0.6,-5,-2.0,0.7999999999999999
2024-11-23,Fulham,Wolves,1,4,A,1,1,D,10,10,3,5,7,2,3,0,0,0,PL,21_20,7,5,1.6,1.6,2.0,2.2,2,-0.3999999999999999,-0.6000000000000001
2024-11-23,Everton,Brentford,0,0,D,0,0,D,27,9,5,2,10,4,0,0,0,1,PL,21_20,6,9,0.6,0.4,2.8,2.4,-3,-2.1999999999999997,-2.0
2024-11-23,Bournemouth,Brighton,1,2,A,0,1,A,19,6,5,4,7,0,2,2,0,1,PL,21_20,7,10,1.4,1.2,1.8,1.4,-3,-0.40000000000000013,-0.19999999999999996
2024-11-23,Aston Villa,Crystal Palace,2,2,D,1,2,A,17,13,5,6,10,1,3,2,0,0,PL,21_20,5,4,1.0,1.6,0.6,1.2,1,0.4,0.40000000000000013
2024-11-23,Arsenal,Nott'm Forest,3,0,H,1,0,H,19,7,7,0,8,1,3,2,0,0,PL,21_20,5,10,1.2,1.4,1.8,1.0,-5,-0.6000000000000001,0.3999999999999999
2024-11-23,Leicester,Chelsea,1,2,A,0,1,A,4,16,1,7,2,9,4,3,0,0,PL,21_20,7,6,1.2,1.8,1.2,1.2,1,0.0,0.6000000000000001
2024-11-23,Ath Madrid,Alaves,2,1,H,0,1,A,11,4,8,1,5,0,3,3,0,0,LL,24_25,10,3,1.4,0.6,0.6,2.0,7,0.7999999999999999,-1.4
2024-11-23,Man City,Tottenham,0,4,A,0,2,A,23,9,5,7,9,3,4,2,0,0,PL,21_20,9,6,1.6,1.4,2.2,1.6,3,-0.6000000000000001,-0.20000000000000018
2024-11-24,Genoa,Cagliari,2,2,D,1,1,D,20,17,6,6,6,8,2,2,0,0,SA,24_25,5,4,0.8,1.4,1.4,2.2,1,-0.5999999999999999,-0.8000000000000003
2024-11-24,Torino,Monza,1,1,D,0,0,D,12,9,5,6,7,3,1,2,0,0,SA,24_25,3,4,0.6,1.4,1.0,1.2,-1,-0.4,0.19999999999999996
2024-11-24,Southampton,Liverpool,2,3,A,1,1,D,7,27,5,11,3,10,3,4,0,0,PL,21_20,3,13,0.8,1.8,1.8,0.8,-10,-1.0,1.0
2024-11-24,Osasuna,Villarreal,2,2,D,2,0,H,4,17,3,7,0,8,6,5,0,0,LL,24_25,7,10,1.0,1.4,1.8,1.0,-3,-0.8,0.3999999999999999
2024-11-24,Sevilla,Vallecano,1,0,H,1,0,H,11,9,3,1,8,3,2,5,0,1,LL,24_25,6,7,0.8,1.6,1.0,1.2,-1,-0.19999999999999996,0.40000000000000013
2024-11-24,Leganes,Real Madrid,0,3,A,0,1,A,4,16,0,9,2,4,2,0,0,0,LL,24_25,7,10,1.6,1.4,1.8,1.2,-3,-0.19999999999999996,0.19999999999999996
2024-11-24,Lazio,Bologna,3,0,H,0,0,D,13,3,4,1,3,0,3,3,0,1,SA,24_25,12,11,2.2,0.6,1.6,0.8,1,0.6000000000000001,-0.20000000000000007
2024-11-24,Ath Bilbao,Sociedad,1,0,H,1,0,H,12,6,4,1,4,4,3,4,0,0,LL,24_25,6,10,1.4,1.0,1.0,0.6,-4,0.3999999999999999,0.4
2024-11-24,Como,Fiorentina,0,2,A,0,1,A,10,8,4,4,3,4,2,1,1,0,SA,24_25,2,15,0.6,1.8,3.2,0.4,-13,-2.6,1.4
2024-11-24,Ipswich,Man United,1,1,D,1,1,D,11,11,6,4,4,3,0,0,0,0,PL,21_20,4,8,1.4,2.4,1.4,0.8,-4,0.0,1.5999999999999999
2024-11-24,Napoli,Roma,1,0,H,0,0,D,14,6,2,1,8,2,0,3,0,0,SA,24_25,10,3,1.0,0.8,1.2,2.4,7,-0.19999999999999996,-1.5999999999999999
2024-11-25,Newcastle,West Ham,0,2,A,0,1,A,18,15,2,6,8,3,1,0,0,0,PL,21_20,7,7,1.0,0.8,1.4,1.8,0,-0.3999999999999999,-1.0
2024-11-25,Venezia,Lecce,0,1,A,0,0,D,16,7,6,2,6,2,1,3,0,0,SA,24_25,4,4,1.2,1.8,0.4,1.8,0,0.7999999999999999,0.0
2024-11-25,Empoli,Udinese,1,1,D,1,0,H,4,16,2,3,1,8,3,2,0,0,SA,24_25,5,3,0.6,1.2,1.0,1.6,2,-0.4,-0.40000000000000013
2024-11-29,Mallorca,Valencia,2,1,H,1,1,D,9,7,3,1,3,6,0,0,0,0,LL,24_25,7,5,0.8,0.8,1.4,1.8,2,-0.5999999999999999,-1.0
2024-11-29,Brighton,Southampton,1,1,D,1,0,H,22,10,5,2,7,6,2,4,0,0,PL,21_20,10,3,1.6,1.2,1.0,1.8,7,0.6000000000000001,-0.6000000000000001
2024-11-29,Cagliari,Verona,1,0,H,0,0,D,19,11,6,2,7,1,1,2,0,0,SA,24_25,2,3,1.2,2.2,1.0,3.4,-1,0.19999999999999996,-1.1999999999999997
2024-11-30,Espanol,Celta,3,1,H,1,0,H,9,16,5,2,2,5,2,2,0,0,LL,24_25,3,5,1.0,2.8,1.2,1.8,-2,-0.19999999999999996,0.9999999999999998
2024-11-30,Alaves,Leganes,1,1,D,0,0,D,18,6,7,3,13,8,1,4,0,0,LL,24_25,3,6,0.8,1.8,1.6,2.0,-3,-0.8,-0.19999999999999996
2024-11-30,Barcelona,Las Palmas,1,2,A,0,0,D,27,5,8,3,7,0,0,0,0,0,LL,24_25,10,9,2.8,1.0,1.8,1.6,1,0.9999999999999998,-0.6000000000000001
2024-11-30,Bologna,Venezia,3,0,H,1,0,H,16,5,9,1,1,0,0,2,0,0,SA,24_25,10,4,1.6,1.4,1.2,1.6,6,0.40000000000000013,-0.20000000000000018
2024-11-30,Milan,Empoli,3,0,H,2,0,H,20,9,4,0,7,3,2,2,0,0,SA,24_25,8,6,1.0,1.0,0.8,1.2,2,0.19999999999999996,-0.19999999999999996
2024-11-30,Como,Monza,1,1,D,1,0,H,17,9,3,3,11,4,3,0,0,0,SA,24_25,1,2,0.4,2.0,0.6,1.4,-1,-0.19999999999999996,0.6000000000000001
2024-11-30,Valladolid,Ath Madrid,0,5,A,0,3,A,9,13,1,9,3,5,1,2,0,0,LL,24_25,4,12,1.0,1.6,1.6,0.6,-8,-0.6000000000000001,1.0
2024-11-30,Brentford,Leicester,4,1,H,3,1,H,13,7,6,3,5,4,1,1,0,0,PL,21_20,7,4,1.8,1.8,1.2,2.2,3,0.6000000000000001,-0.40000000000000013
2024-11-30,Crystal Palace,Newcastle,1,1,D,0,0,D,16,1,4,0,8,9,3,3,0,0,PL,21_20,5,6,1.0,1.4,1.0,1.2,-1,0.0,0.19999999999999996
2024-11-30,West Ham,Arsenal,2,5,A,2,5,A,12,16,5,7,2,10,4,1,0,0,PL,21_20,7,5,1.0,1.6,1.2,1.2,2,-0.19999999999999996,0.40000000000000013
2024-11-30,Wolves,Bournemouth,2,4,A,1,3,A,10,12,3,8,3,4,4,1,0,0,PL,21_20,8,7,2.2,1.4,1.6,1.4,1,0.6000000000000001,0.0
2024-11-30,Nott'm Forest,Ipswich,1,0,H,0,0,D,12,7,5,3,8,7,1,3,0,0,PL,21_20,9,5,1.6,1.4,1.4,1.8,4,0.20000000000000018,-0.40000000000000013
2024-12-01,Parma,Lazio,3,1,H,1,0,H,12,23,4,8,4,10,4,3,0,0,SA,24_25,5,15,1.2,1.6,2.8,0.4,-10,-1.5999999999999999,1.2000000000000002
2024-12-01,Chelsea,Aston Villa,3,0,H,2,0,H,17,10,8,4,3,4,2,2,0,0,PL,21_20,8,5,1.4,1.2,1.4,2.0,3,0.0,-0.8
2024-12-01,Villarreal,Girona,2,2,D,1,0,H,13,13,4,6,1,5,2,6,0,0,LL,24_25,8,9,1.6,1.2,1.8,1.2,-1,-0.19999999999999996,0.0
2024-12-01,Real Madrid,Getafe,2,0,H,2,0,H,13,8,4,3,5,3,2,6,0,0,LL,24_25,12,5,2.2,1.0,0.8,0.8,7,1.4000000000000001,0.19999999999999996
2024-12-01,Vallecano,Ath Bilbao,1,2,A,1,0,H,7,12,4,7,1,7,3,0,0,0,LL,24_25,6,9,0.8,1.2,1.4,0.6,-3,-0.5999999999999999,0.6
2024-12-01,Man United,Everton,4,0,H,2,0,H,11,8,5,2,2,2,2,3,0,0,PL,21_20,8,6,1.6,1.0,0.6,0.4,2,1.0,0.6
2024-12-01,Udinese,Genoa,0,2,A,0,1,A,4,15,2,5,6,4,2,3,1,0,SA,24_25,4,5,1.2,1.6,0.8,1.4,-1,0.3999999999999999,0.20000000000000018
2024-12-01,Liverpool,Man City,2,0,H,1,0,H,18,8,7,2,7,4,1,3,0,0,PL,21_20,13,6,2.2,1.2,1.0,1.8,7,1.2000000000000002,-0.6000000000000001
2024-12-01,Sociedad,Betis,2,0,H,2,0,H,2,7,1,2,0,4,3,2,0,0,LL,24_25,9,8,0.8,0.6,1.6,1.6,1,-0.8,-1.0
2024-12-01,Tottenham,Fulham,1,1,D,0,0,D,8,14,3,6,7,11,0,1,0,1,PL,21_20,9,7,2.6,1.0,1.4,1.8,2,1.2000000000000002,-0.8
2024-12-01,Torino,Napoli,0,1,A,0,1,A,5,16,1,6,4,7,4,1,0,0,SA,24_25,4,10,0.4,1.0,1.0,0.8,-6,-0.6,0.19999999999999996
2024-12-01,Lecce,Juventus,1,1,D,0,0,D,10,14,6,3,2,7,1,4,0,0,SA,24_25,7,9,0.6,0.6,2.0,1.2,-2,-1.4,-0.6
2024-12-02,Sevilla,Osasuna,1,1,D,0,0,D,12,7,5,3,5,1,1,1,0,0,LL,24_25,6,7,0.8,1.6,1.2,1.6,-1,-0.3999999999999999,0.0
2024-12-02,Roma,Atalanta,0,2,A,0,0,D,5,18,1,7,2,4,2,3,0,0,SA,24_25,3,15,1.2,2.4,3.2,0.6,-12,-2.0,1.7999999999999998
2024-12-03,Leicester,West Ham,3,1,H,1,0,H,8,31,6,10,3,9,2,2,0,0,PL,21_20,1,7,0.8,2.6,1.2,1.8,-6,-0.3999999999999999,0.8
2024-12-03,Mallorca,Barcelona,1,5,A,1,1,D,6,20,1,9,2,5,4,3,0,0,LL,24_25,7,7,1.0,1.0,2.0,1.2,0,-1.0,-0.19999999999999996
2024-12-03,Ipswich,Crystal Palace,0,1,A,0,0,D,9,13,2,3,4,7,2,4,0,0,PL,21_20,5,6,1.4,1.6,1.2,1.4,-1,0.19999999999999996,0.20000000000000018
2024-12-04,Ath Bilbao,Real Madrid,2,1,H,0,0,D,9,10,3,5,5,2,3,3,0,0,LL,24_25,9,12,1.0,0.6,2.2,1.0,-3,-1.2000000000000002,-0.4
2024-12-04,Aston Villa,Brentford,3,1,H,3,0,H,20,9,10,1,10,5,2,2,0,0,PL,21_20,2,10,0.8,2.4,2.4,1.6,-8,-1.5999999999999999,0.7999999999999998
2024-12-04,Arsenal,Man United,2,0,H,0,0,D,14,5,6,2,13,0,1,3,0,0,PL,21_20,8,8,2.2,1.2,2.0,0.8,0,0.20000000000000018,0.3999999999999999
2024-12-04,Southampton,Chelsea,1,5,A,1,3,A,6,26,4,13,5,7,1,0,1,0,PL,21_20,4,11,0.8,1.4,1.8,0.8,-7,-1.0,0.5999999999999999
2024-12-04,Newcastle,Liverpool,3,3,D,1,0,H,17,16,6,5,5,6,2,5,0,0,PL,21_20,7,13,1.2,1.2,2.2,1.0,-6,-1.0000000000000002,0.19999999999999996
2024-12-04,Man City,Nott'm Forest,3,0,H,2,0,H,17,12,7,3,8,2,2,4,0,0,PL,21_20,3,9,0.6,2.0,1.6,1.4,-6,-1.0,0.6000000000000001
2024-12-04,Everton,Wolves,4,0,H,2,0,H,13,6,4,2,3,4,2,0,0,0,PL,21_20,3,8,0.2,1.2,2.4,1.8,-5,-2.1999999999999997,-0.6000000000000001
2024-12-05,Bournemouth,Tottenham,1,0,H,1,0,H,21,12,8,4,5,9,2,2,0,0,PL,21_20,7,7,2.0,1.8,2.0,1.0,0,0.0,0.8
2024-12-05,Fulham,Brighton,3,1,H,1,0,H,6,13,2,3,5,6,2,2,0,0,PL,21_20,8,8,1.4,1.4,1.6,1.4,0,-0.20000000000000018,0.0
2024-12-06,Celta,Mallorca,2,0,H,1,0,H,12,9,5,4,3,3,1,0,0,1,LL,24_25,5,6,1.2,2.0,1.2,2.0,-1,0.0,0.0
2024-12-06,Inter,Parma,3,1,H,1,0,H,18,5,5,2,10,1,1,1,0,0,SA,24_25,11,7,2.8,1.0,1.6,1.6,4,1.1999999999999997,-0.6000000000000001
2024-12-06,Atalanta,Milan,2,1,H,1,1,D,17,6,8,2,7,0,2,0,0,0,SA,24_25,15,8,2.4,0.4,1.4,1.0,7,1.0,-0.6
2024-12-07,Las Palmas,Valladolid,2,1,H,1,1,D,11,9,5,2,3,3,4,3,0,0,LL,24_25,9,1,1.6,1.4,0.4,2.2,8,1.2000000000000002,-0.8000000000000003
2024-12-07,Betis,Barcelona,2,2,D,0,1,A,12,9,6,3,6,4,1,2,0,0,LL,24_25,5,7,1.2,1.8,2.2,1.4,-2,-1.0000000000000002,0.40000000000000013
2024-12-07,Valencia,Vallecano,0,1,A,0,1,A,14,6,6,1,9,4,2,2,0,0,LL,24_25,5,3,1.6,1.6,0.6,1.4,2,1.0,0.20000000000000018
2024-12-07,Girona,Real Madrid,0,3,A,0,1,A,10,10,4,7,6,3,3,2,0,0,LL,24_25,10,9,2.2,1.4,2.0,1.2,1,0.20000000000000018,0.19999999999999996
2024-12-07,Aston Villa,Southampton,1,0,H,1,0,H,18,4,5,0,14,1,1,3,0,0,PL,21_20,4,4,1.2,2.4,1.0,2.2,0,0.19999999999999996,0.19999999999999973
2024-12-07,Roma,Lecce,4,1,H,1,1,D,23,3,9,1,8,1,2,3,0,0,SA,24_25,3,8,1.0,1.8,0.8,0.6,-5,0.19999999999999996,1.2000000000000002
2024-12-07,Brentford,Newcastle,4,2,H,2,2,D,11,16,8,3,3,4,3,0,0,0,PL,21_20,7,8,1.8,1.6,1.6,1.4,-1,0.19999999999999996,0.20000000000000018
2024-12-07,Crystal Palace,Man City,2,2,D,1,1,D,12,12,3,4,6,8,1,0,0,1,PL,21_20,6,3,1.2,1.4,1.0,2.0,3,0.19999999999999996,-0.6000000000000001
2024-12-07,Man United,Nott'm Forest,2,3,A,1,1,D,17,11,7,3,5,3,0,2,0,0,PL,21_20,8,6,1.8,0.8,1.0,1.8,2,0.8,-1.0
2024-12-07,Juventus,Bologna,2,2,D,0,1,A,10,10,3,4,1,4,3,4,0,0,SA,24_25,9,12,1.4,0.6,1.8,1.0,-3,-0.40000000000000013,-0.4
2024-12-07,Genoa,Torino,0,0,D,0,0,D,5,10,1,3,4,4,2,1,0,0,SA,24_25,8,1,1.2,0.8,0.2,1.2,7,1.0,-0.3999999999999999
2024-12-08,Venezia,Como,2,2,D,1,0,H,8,10,4,4,5,9,1,1,0,0,SA,24_25,3,2,0.8,1.8,0.6,2.0,1,0.20000000000000007,-0.19999999999999996
2024-12-08,Ath Madrid,Sevilla,4,3,H,1,2,A,14,4,9,3,5,3,4,3,0,0,LL,24_25,12,7,2.0,0.4,0.8,0.8,5,1.2,-0.4
2024-12-08,Osasuna,Alaves,2,2,D,0,1,A,16,6,8,3,8,3,4,3,0,0,LL,24_25,8,4,1.2,1.4,0.6,1.4,4,0.6,0.0
2024-12-08,Ath Bilbao,Villarreal,2,0,H,1,0,H,12,11,4,1,3,3,2,1,0,0,LL,24_25,11,9,1.4,0.8,2.0,1.2,2,-0.6000000000000001,-0.3999999999999999
2024-12-08,Leganes,Sociedad,0,3,A,0,1,A,11,15,2,5,5,3,2,2,0,0,LL,24_25,7,9,1.6,1.6,1.0,0.6,-2,0.6000000000000001,1.0
2024-12-08,Verona,Empoli,1,4,A,1,4,A,12,15,3,5,5,8,2,2,0,0,SA,24_25,3,5,0.8,2.4,0.6,1.6,-2,0.20000000000000007,0.7999999999999998
2024-12-08,Ipswich,Bournemouth,1,2,A,1,0,H,18,22,5,6,6,13,2,1,0,0,PL,21_20,5,9,0.8,1.0,2.0,1.6,-4,-1.2,-0.6000000000000001
2024-12-08,Leicester,Brighton,2,2,D,0,1,A,10,16,3,7,5,5,1,2,0,0,PL,21_20,4,7,1.2,2.2,1.4,1.6,-3,-0.19999999999999996,0.6000000000000001
2024-12-08,Tottenham,Chelsea,3,4,A,2,1,H,13,17,5,8,5,10,2,2,0,0,PL,21_20,7,11,2.0,1.0,2.4,0.8,-4,-0.3999999999999999,0.19999999999999996
2024-12-08,Fulham,Arsenal,1,1,D,1,0,H,2,12,2,4,0,6,4,2,0,0,PL,21_20,10,10,1.8,1.4,2.2,0.8,0,-0.40000000000000013,0.5999999999999999
2024-12-08,Napoli,Lazio,0,1,A,0,0,D,12,7,1,3,6,2,2,3,0,0,SA,24_25,10,12,1.0,0.8,2.4,1.0,-2,-1.4,-0.19999999999999996
2024-12-08,Fiorentina,Cagliari,1,0,H,1,0,H,8,8,3,1,6,4,3,2,0,0,SA,24_25,15,5,2.4,0.4,1.4,1.8,10,1.0,-1.4
2024-12-09,Getafe,Espanol,1,0,H,1,0,H,15,9,6,1,3,3,3,6,0,0,LL,24_25,4,3,0.6,1.0,1.2,2.8,1,-0.6,-1.7999999999999998
2024-12-09,Monza,Udinese,1,2,A,0,1,A,27,10,4,3,10,1,1,2,0,0,SA,24_25,2,1,0.4,1.2,0.8,2.0,1,-0.4,-0.8
2024-12-09,West Ham,Wolves,2,1,H,0,0,D,19,19,4,5,11,0,5,4,0,0,PL,21_20,4,7,1.0,2.2,2.0,2.2,-3,-1.0,0.0
2024-12-13,Valladolid,Valencia,1,0,H,1,0,H,2,14,1,2,1,7,4,3,1,0,LL,24_25,1,4,0.4,2.2,1.6,1.8,-3,-1.2000000000000002,0.40000000000000013
2024-12-13,Empoli,Torino,0,1,A,0,0,D,10,14,4,4,12,3,2,3,0,0,SA,24_25,8,2,1.4,1.2,0.2,1.0,6,1.2,0.19999999999999996
2024-12-14,Sevilla,Celta,1,0,H,0,0,D,8,10,3,2,3,4,7,3,0,0,LL,24_25,4,8,1.0,1.6,1.6,1.4,-4,-0.6000000000000001,0.20000000000000018
2024-12-14,Cagliari,Atalanta,0,1,A,0,0,D,12,12,8,2,2,5,3,3,0,0,SA,24_25,5,15,1.4,1.6,2.4,0.6,-10,-1.0,1.0
2024-12-14,Udinese,Napoli,1,3,A,1,0,H,7,17,3,4,3,9,1,1,0,0,SA,24_25,4,7,0.8,1.6,0.6,1.0,-3,0.20000000000000007,0.6000000000000001
2024-12-14,Juventus,Venezia,2,2,D,1,0,H,12,8,4,2,7,4,1,3,0,0,SA,24_25,9,1,1.4,0.6,0.6,1.8,8,0.7999999999999999,-1.2000000000000002
2024-12-14,Vallecano,Real Madrid,3,3,D,2,2,D,14,13,5,6,4,3,4,2,0,0,LL,24_25,6,12,0.8,1.2,2.6,0.4,-6,-1.8,0.7999999999999999
2024-12-14,Mallorca,Girona,2,1,H,1,1,D,8,13,2,1,2,4,5,2,1,0,LL,24_25,6,10,1.2,2.2,2.2,1.8,-4,-1.0000000000000002,0.40000000000000013
2024-12-14,Arsenal,Everton,0,0,D,0,0,D,13,2,5,0,8,2,0,3,0,0,PL,21_20,11,5,2.4,0.8,0.8,1.0,6,1.5999999999999999,-0.19999999999999996
2024-12-14,Liverpool,Fulham,2,2,D,0,1,A,16,12,4,3,5,4,3,4,1,0,PL,21_20,13,8,2.4,1.2,1.6,1.4,5,0.7999999999999998,-0.19999999999999996
2024-12-14,Newcastle,Leicester,4,0,H,1,0,H,27,4,11,1,5,2,3,3,0,0,PL,21_20,5,4,1.8,2.2,1.4,2.4,1,0.40000000000000013,-0.19999999999999973
2024-12-14,Wolves,Ipswich,1,2,A,0,1,A,16,10,6,5,7,3,0,2,1,0,PL,21_20,6,4,1.8,2.2,0.8,1.2,2,1.0,1.0000000000000002
2024-12-14,Nott'm Forest,Aston Villa,2,1,H,0,0,D,17,8,6,2,4,3,0,1,0,0,PL,21_20,6,7,1.0,2.2,1.2,1.6,-1,-0.19999999999999996,0.6000000000000001
2024-12-14,Espanol,Osasuna,0,0,D,0,0,D,9,6,3,0,5,4,3,1,0,0,LL,24_25,3,6,1.0,2.2,1.2,1.8,-3,-0.19999999999999996,0.40000000000000013
2024-12-15,Alaves,Ath Bilbao,1,1,D,0,1,A,6,9,3,2,2,4,2,2,0,0,LL,24_25,5,13,1.0,1.6,1.6,0.6,-8,-0.6000000000000001,1.0
2024-12-15,Sociedad,Las Palmas,0,0,D,0,0,D,15,9,4,3,8,6,2,3,0,0,LL,24_25,12,9,1.6,0.2,1.8,1.6,3,-0.19999999999999996,-1.4000000000000001
2024-12-15,Villarreal,Betis,1,2,A,0,1,A,17,10,4,4,5,5,5,2,0,1,LL,24_25,8,3,1.8,1.4,1.4,2.2,5,0.40000000000000013,-0.8000000000000003
2024-12-15,Barcelona,Leganes,0,1,A,0,1,A,20,6,4,4,8,2,0,2,0,0,LL,24_25,5,4,2.0,1.6,1.0,2.2,1,1.0,-0.6000000000000001
2024-12-15,Milan,Genoa,0,0,D,0,0,D,22,5,4,0,9,2,0,2,0,0,SA,24_25,8,9,1.6,1.0,1.2,0.6,-1,0.40000000000000013,0.4
2024-12-15,Ath Madrid,Getafe,1,0,H,0,0,D,11,7,3,1,8,3,3,1,0,0,LL,24_25,15,6,2.8,0.8,0.6,0.8,9,2.1999999999999997,0.0
2024-12-15,Southampton,Tottenham,0,5,A,0,5,A,9,18,3,9,2,5,1,3,0,0,PL,21_20,1,4,0.8,2.4,1.8,1.6,-3,-1.0,0.7999999999999998
2024-12-15,Lecce,Monza,2,1,H,2,1,H,11,10,4,1,2,7,1,5,0,0,SA,24_25,5,2,0.8,1.4,0.6,1.2,3,0.20000000000000007,0.19999999999999996
2024-12-15,Parma,Verona,2,3,A,1,1,D,19,17,8,6,5,2,1,3,0,0,SA,24_25,6,3,1.4,1.8,1.0,3.0,3,0.3999999999999999,-1.2
2024-12-15,Como,Roma,2,0,H,0,0,D,18,6,7,1,6,5,6,1,0,0,SA,24_25,3,3,0.8,1.4,1.6,2.0,0,-0.8,-0.6000000000000001
2024-12-15,Brighton,Crystal Palace,1,3,A,0,2,A,17,13,5,5,8,5,1,4,0,0,PL,21_20,8,6,1.6,1.6,1.2,1.4,2,0.40000000000000013,0.20000000000000018
2024-12-15,Man City,Man United,1,2,A,1,0,H,10,10,3,3,8,2,1,1,0,0,PL,21_20,4,7,1.2,2.0,2.0,1.2,-3,-0.8,0.8
2024-12-15,Chelsea,Brentford,2,1,H,1,0,H,26,9,8,4,8,5,0,2,1,0,PL,21_20,13,10,3.0,1.2,2.4,1.6,3,0.6000000000000001,-0.40000000000000013
2024-12-15,Bologna,Fiorentina,1,0,H,0,0,D,16,10,6,4,1,3,2,2,0,0,SA,24_25,10,15,1.8,1.4,1.6,0.2,-5,0.19999999999999996,1.2
2024-12-16,Lazio,Inter,0,6,A,0,2,A,9,12,2,7,4,2,2,4,0,0,SA,24_25,12,13,1.6,0.8,2.6,0.4,-1,-1.0,0.4
2024-12-16,Bournemouth,West Ham,1,1,D,0,0,D,29,16,9,3,12,6,0,2,0,0,PL,21_20,9,7,2.0,1.6,1.4,1.8,2,0.6000000000000001,-0.19999999999999996
2024-12-18,Espanol,Valencia,1,1,D,1,0,H,10,14,3,4,4,7,1,0,0,0,LL,24_25,4,4,1.0,1.8,1.2,1.4,0,-0.19999999999999996,0.40000000000000013
2024-12-18,Villarreal,Vallecano,1,1,D,1,1,D,14,18,5,3,7,7,4,3,1,0,LL,24_25,5,4,1.6,1.6,1.2,1.8,1,0.40000000000000013,-0.19999999999999996
2024-12-20,Girona,Valladolid,3,0,H,2,0,H,23,1,7,1,9,1,3,1,0,0,LL,24_25,7,4,1.6,1.6,0.6,2.0,3,1.0,-0.3999999999999999
2024-12-20,Verona,Milan,0,1,A,0,0,D,10,14,2,6,3,8,1,1,0,0,SA,24_25,3,6,1.0,3.0,1.4,1.0,-3,-0.3999999999999999,2.0
2024-12-21,Torino,Bologna,0,2,A,0,0,D,6,8,0,5,4,0,0,2,0,0,SA,24_25,5,10,0.4,0.8,1.8,1.4,-5,-1.4,-0.5999999999999999
2024-12-21,Genoa,Napoli,1,2,A,0,2,A,11,12,3,2,5,6,2,1,0,0,SA,24_25,7,10,1.0,0.6,1.2,0.6,-3,-0.19999999999999996,0.0
2024-12-21,Lecce,Lazio,1,2,A,0,1,A,11,13,2,7,6,6,3,1,1,0,SA,24_25,8,9,1.2,1.4,1.2,1.8,-1,0.0,-0.40000000000000013
2024-12-21,Getafe,Mallorca,0,1,A,0,0,D,18,9,5,2,3,0,4,3,0,0,LL,24_25,6,9,0.6,0.8,1.6,2.2,-3,-1.0,-1.4000000000000001
2024-12-21,Brentford,Nott'm Forest,0,2,A,0,1,A,7,10,3,6,9,5,3,4,0,0,PL,21_20,7,9,2.0,1.6,1.2,1.8,-2,0.8,-0.19999999999999996
2024-12-21,Celta,Sociedad,2,0,H,2,0,H,11,7,7,1,5,7,3,5,0,0,LL,24_25,5,10,1.4,1.6,1.2,0.2,-5,0.19999999999999996,1.4000000000000001
2024-12-21,Barcelona,Ath Madrid,1,2,A,1,0,H,19,5,7,4,11,3,0,3,0,0,LL,24_25,5,15,2.0,1.6,2.6,0.8,-10,-0.6000000000000001,0.8
2024-12-21,Aston Villa,Man City,2,1,H,1,0,H,11,12,6,6,5,4,3,3,0,0,PL,21_20,7,4,1.4,1.6,1.2,2.0,3,0.19999999999999996,-0.3999999999999999
2024-12-21,Osasuna,Ath Bilbao,1,2,A,1,1,D,6,13,3,8,4,4,0,1,0,0,LL,24_25,4,13,1.0,1.8,1.6,0.6,-9,-0.6000000000000001,1.2000000000000002
2024-12-21,Ipswich,Newcastle,0,4,A,0,3,A,10,15,2,7,2,1,2,0,0,0,PL,21_20,4,5,0.8,1.2,2.0,2.0,-1,-1.2,-0.8
2024-12-21,West Ham,Brighton,1,1,D,0,0,D,11,12,4,6,8,4,2,2,0,0,PL,21_20,7,5,1.6,2.0,1.4,2.0,2,0.20000000000000018,0.0
2024-12-21,Crystal Palace,Arsenal,1,5,A,1,3,A,15,14,6,6,3,3,2,2,0,0,PL,21_20,9,11,1.8,1.2,2.2,0.6,-2,-0.40000000000000013,0.6
2024-12-22,Fulham,Southampton,0,0,D,0,0,D,16,5,5,1,6,5,1,3,0,0,PL,21_20,6,1,1.6,1.8,0.8,3.0,5,0.8,-1.2
2024-12-22,Monza,Juventus,1,2,A,1,2,A,17,16,5,9,3,7,1,1,0,0,SA,24_25,2,7,0.8,1.4,1.4,1.0,-5,-0.5999999999999999,0.3999999999999999
2024-12-22,Atalanta,Empoli,3,2,H,2,1,H,16,7,7,3,6,3,1,1,0,0,SA,24_25,15,5,2.0,0.6,1.2,1.4,10,0.8,-0.7999999999999999
2024-12-22,Venezia,Cagliari,2,1,H,1,0,H,12,14,6,7,4,8,1,2,0,0,SA,24_25,2,5,1.0,2.0,1.2,1.4,-3,-0.19999999999999996,0.6000000000000001
2024-12-22,Roma,Parma,5,0,H,2,0,H,19,9,9,3,5,2,1,2,0,0,SA,24_25,3,6,1.2,1.8,1.8,2.2,-3,-0.6000000000000001,-0.40000000000000013
2024-12-22,Valencia,Alaves,2,2,D,0,1,A,8,11,3,3,5,4,2,1,0,0,LL,24_25,4,3,1.2,1.4,1.0,1.8,1,0.19999999999999996,-0.40000000000000013
2024-12-22,Real Madrid,Sevilla,4,2,H,3,1,H,16,10,8,5,6,6,1,2,0,0,LL,24_25,10,7,2.4,1.0,1.2,1.2,3,1.2,-0.19999999999999996
2024-12-22,Las Palmas,Espanol,1,0,H,0,0,D,10,9,4,2,2,2,4,2,0,0,LL,24_25,10,5,1.8,1.2,1.0,1.4,5,0.8,-0.19999999999999996
2024-12-22,Leganes,Villarreal,2,5,A,2,2,D,5,18,3,9,1,5,1,2,2,0,LL,24_25,7,3,0.6,1.4,1.2,1.8,4,-0.6,-0.40000000000000013
2024-12-22,Everton,Chelsea,0,0,D,0,0,D,5,12,4,5,2,5,4,1,0,0,PL,21_20,6,15,0.8,0.8,3.2,1.2,-9,-2.4000000000000004,-0.3999999999999999
2024-12-22,Betis,Vallecano,1,1,D,1,0,H,14,10,5,4,5,5,0,4,0,0,LL,24_25,5,5,1.6,2.2,1.2,1.4,0,0.40000000000000013,0.8000000000000003
2024-12-22,Leicester,Wolves,0,3,A,0,3,A,9,8,5,4,6,1,2,0,0,0,PL,21_20,4,3,1.4,2.6,1.6,2.6,1,-0.20000000000000018,0.0
2024-12-22,Man United,Bournemouth,0,3,A,0,1,A,23,10,7,5,13,1,1,3,0,0,PL,21_20,7,10,1.8,1.4,1.8,1.2,-3,0.0,0.19999999999999996
2024-12-22,Tottenham,Liverpool,3,6,A,1,3,A,9,24,5,12,7,5,1,2,0,0,PL,21_20,7,11,2.6,1.2,2.4,1.4,-4,0.20000000000000018,-0.19999999999999996
2024-12-23,Inter,Como,2,0,H,0,0,D,17,8,5,4,7,1,2,2,0,0,SA,24_25,13,6,3.2,0.4,1.2,1.2,7,2.0,-0.7999999999999999
2024-12-23,Fiorentina,Udinese,1,2,A,1,0,H,14,11,3,4,10,2,2,5,0,0,SA,24_25,12,4,1.4,0.4,1.0,1.8,8,0.3999999999999999,-1.4
2024-12-26,Bournemouth,Crystal Palace,0,0,D,0,0,D,18,10,4,4,5,2,2,2,0,0,PL,21_20,13,8,2.2,0.8,1.6,1.8,5,0.6000000000000001,-1.0
2024-12-26,Chelsea,Fulham,1,2,A,1,0,H,12,14,8,7,3,1,1,3,0,0,PL,21_20,13,7,2.8,1.0,1.4,1.0,6,1.4,0.0
2024-12-26,Newcastle,Aston Villa,3,0,H,1,0,H,22,4,8,1,9,6,2,1,0,1,PL,21_20,8,9,2.8,1.6,1.4,1.4,-1,1.4,0.20000000000000018
2024-12-26,Nott'm Forest,Tottenham,1,0,H,1,0,H,10,13,3,4,2,7,3,2,0,1,PL,21_20,12,4,1.6,1.2,2.4,2.4,8,-0.7999999999999998,-1.2
2024-12-26,Southampton,West Ham,0,1,A,0,0,D,18,16,5,2,2,2,1,2,0,0,PL,21_20,2,5,0.4,2.4,1.4,2.2,-3,-0.9999999999999999,0.19999999999999973
2024-12-26,Man City,Everton,1,1,D,1,1,D,24,8,5,3,8,5,1,4,0,0,PL,21_20,4,6,1.4,1.6,0.8,0.8,-2,0.5999999999999999,0.8
2024-12-26,Liverpool,Leicester,3,1,H,1,1,D,19,4,7,1,14,1,3,2,0,0,PL,21_20,11,4,3.2,2.0,1.2,2.8,7,2.0,-0.7999999999999998
2024-12-26,Wolves,Man United,2,0,H,0,0,D,7,11,4,4,4,4,2,2,0,1,PL,21_20,3,6,1.4,2.4,1.6,1.8,-3,-0.20000000000000018,0.5999999999999999
2024-12-27,Brighton,Brentford,0,0,D,0,0,D,24,8,7,3,5,3,0,2,0,0,PL,21_20,3,6,1.2,2.0,2.0,2.0,-3,-0.8,0.0
2024-12-27,Arsenal,Ipswich,1,0,H,1,0,H,13,3,5,0,5,1,1,1,0,0,PL,21_20,11,3,2.6,0.8,0.6,1.8,8,2.0,-1.0
2024-12-28,Empoli,Genoa,1,2,A,0,0,D,12,14,8,5,7,4,1,2,0,0,SA,24_25,4,6,1.4,1.8,1.0,0.8,-2,0.3999999999999999,1.0
2024-12-28,Parma,Monza,2,1,H,0,0,D,9,10,3,4,4,6,3,7,0,1,SA,24_25,3,2,1.4,3.0,1.0,1.6,1,0.3999999999999999,1.4
2024-12-28,Cagliari,Inter,0,3,A,0,0,D,5,20,1,5,5,7,0,0,0,0,SA,24_25,4,13,0.8,1.2,3.4,0.4,-9,-2.5999999999999996,0.7999999999999999
2024-12-28,Lazio,Atalanta,1,1,D,1,0,H,11,14,5,4,2,7,2,3,0,0,SA,24_25,9,15,1.4,2.0,2.2,0.8,-6,-0.8000000000000003,1.2
2024-12-29,Udinese,Torino,2,2,D,1,0,H,10,12,3,6,4,3,1,0,0,0,SA,24_25,7,5,1.2,1.6,0.4,0.8,2,0.7999999999999999,0.8
2024-12-29,Napoli,Venezia,1,0,H,0,0,D,25,4,8,2,14,4,0,3,0,0,SA,24_25,12,5,1.4,0.6,1.2,1.8,7,0.19999999999999996,-1.2000000000000002
2024-12-29,Juventus,Fiorentina,2,2,D,1,1,D,15,11,5,4,7,2,3,1,0,0,SA,24_25,7,9,1.4,1.2,1.4,0.8,-2,0.0,0.3999999999999999
2024-12-29,Milan,Roma,1,1,D,1,1,D,21,12,7,5,6,5,4,4,0,0,SA,24_25,8,6,1.0,0.4,1.8,1.2,2,-0.8,-0.7999999999999999
2024-12-29,Leicester,Man City,0,2,A,0,1,A,11,14,4,5,4,4,2,1,0,0,PL,21_20,4,5,1.2,2.6,1.6,1.4,-1,-0.40000000000000013,1.2000000000000002
2024-12-29,West Ham,Liverpool,0,5,A,0,3,A,7,22,0,13,3,6,0,0,0,0,PL,21_20,8,11,1.2,1.2,3.2,1.8,-3,-2.0,-0.6000000000000001
2024-12-29,Tottenham,Wolves,2,2,D,2,1,H,13,11,3,3,5,5,1,2,0,0,PL,21_20,3,6,2.2,2.4,1.4,1.6,-3,0.8000000000000003,0.7999999999999998
2024-12-29,Fulham,Bournemouth,2,2,D,1,0,H,11,16,6,9,1,7,1,3,0,0,PL,21_20,9,11,1.6,1.0,1.4,0.4,-2,0.20000000000000018,0.6
2024-12-29,Everton,Nott'm Forest,0,2,A,0,1,A,13,11,2,7,5,4,4,1,0,0,PL,21_20,6,12,1.0,1.0,1.6,1.2,-6,-0.6000000000000001,-0.19999999999999996
2024-12-29,Crystal Palace,Southampton,2,1,H,1,1,D,19,7,10,3,8,7,2,3,0,0,PL,21_20,8,1,1.4,1.6,0.2,2.4,7,1.2,-0.7999999999999998
2024-12-30,Man United,Newcastle,0,2,A,0,2,A,10,12,0,4,2,3,1,1,0,0,PL,21_20,3,10,0.8,2.2,3.2,1.4,-7,-2.4000000000000004,0.8000000000000003
2024-12-30,Aston Villa,Brighton,2,2,D,1,1,D,20,13,4,4,12,3,2,3,0,0,PL,21_20,9,3,1.4,1.4,1.0,1.8,6,0.3999999999999999,-0.40000000000000013
2024-12-30,Como,Lecce,2,0,H,0,0,D,15,11,8,1,4,4,3,2,0,0,SA,24_25,5,7,1.0,1.4,1.2,1.6,-2,-0.19999999999999996,-0.20000000000000018
2024-12-30,Bologna,Verona,2,3,A,1,2,A,23,8,7,4,11,5,2,5,1,0,SA,24_25,10,3,1.6,1.0,0.8,2.6,7,0.8,-1.6
2024-12-30,Ipswich,Chelsea,2,0,H,1,0,H,9,20,6,5,4,7,4,4,0,0,PL,21_20,3,10,0.6,1.8,2.4,1.4,-7,-1.7999999999999998,0.40000000000000013
2025-01-01,Brentford,Arsenal,1,3,A,1,1,D,5,14,2,5,4,3,1,2,0,0,PL,21_20,4,11,1.2,1.8,1.8,0.4,-7,-0.6000000000000001,1.4
2025-01-03,Valencia,Real Madrid,1,2,A,1,0,H,8,17,5,5,2,5,2,3,0,1,LL,24_25,2,10,0.8,1.4,2.6,1.4,-8,-1.8,0.0
2025-01-04,Man City,West Ham,4,1,H,2,0,H,10,17,7,4,7,1,2,1,0,0,PL,21_20,5,8,1.4,1.4,1.0,1.6,-3,0.3999999999999999,-0.20000000000000018
2025-01-04,Bournemouth,Everton,1,0,H,0,0,D,19,9,8,0,9,3,2,2,0,0,PL,21_20,9,6,1.6,0.8,1.0,0.6,3,0.6000000000000001,0.20000000000000007
2025-01-04,Crystal Palace,Chelsea,1,1,D,0,1,A,13,15,6,1,6,6,0,2,0,0,PL,21_20,8,7,1.6,1.8,1.4,1.6,1,0.20000000000000018,0.19999999999999996
2025-01-04,Southampton,Brentford,0,5,A,0,1,A,8,20,1,11,2,2,2,0,0,0,PL,21_20,1,4,0.2,1.8,1.2,1.8,-3,-1.0,0.0
2025-01-04,Brighton,Arsenal,1,1,D,0,1,A,11,9,4,3,2,5,2,3,0,0,PL,21_20,4,11,1.2,1.6,2.0,0.6,-7,-0.8,1.0
2025-01-04,Aston Villa,Leicester,2,1,H,0,0,D,13,4,5,2,7,2,0,1,0,0,PL,21_20,7,1,1.2,1.6,0.6,2.8,6,0.6,-1.1999999999999997
2025-01-04,Verona,Udinese,0,0,D,0,0,D,13,15,3,6,7,3,3,2,1,0,SA,24_25,6,7,1.4,2.0,1.4,1.8,-1,0.0,0.19999999999999996
2025-01-04,Fiorentina,Napoli,0,3,A,0,1,A,14,10,2,4,4,2,0,1,0,0,SA,24_25,7,12,1.2,1.0,1.4,0.6,-5,-0.19999999999999996,0.4
2025-01-04,Venezia,Empoli,1,1,D,1,1,D,8,18,3,6,2,8,1,2,0,0,SA,24_25,5,3,1.2,1.8,1.4,2.0,2,-0.19999999999999996,-0.19999999999999996
2025-01-04,Tottenham,Newcastle,1,2,A,1,2,A,13,14,4,4,9,10,1,4,0,0,PL,21_20,4,12,2.6,2.6,3.0,0.8,-8,-0.3999999999999999,1.8
2025-01-05,Fulham,Ipswich,2,2,D,0,1,A,15,7,4,3,9,2,1,5,0,0,PL,21_20,7,6,1.4,1.2,1.0,1.6,1,0.3999999999999999,-0.40000000000000013
2025-01-05,Liverpool,Man United,2,2,D,0,0,D,19,13,6,4,6,9,2,4,0,0,PL,21_20,11,3,3.8,1.8,0.8,2.2,8,3.0,-0.40000000000000013
2025-01-05,Monza,Cagliari,1,2,A,1,1,D,6,13,2,4,1,3,2,2,1,0,SA,24_25,1,3,1.0,1.8,0.4,1.4,-2,0.6,0.40000000000000013
2025-01-05,Lecce,Genoa,0,0,D,0,0,D,10,4,3,1,9,4,0,1,0,0,SA,24_25,4,8,1.0,2.0,1.0,0.6,-4,0.0,1.4
2025-01-05,Torino,Parma,0,0,D,0,0,D,12,10,4,3,8,7,2,1,0,0,SA,24_25,5,6,0.6,1.0,1.6,2.6,-1,-1.0,-1.6
2025-01-05,Roma,Lazio,2,0,H,2,0,H,7,17,5,6,3,10,4,5,0,1,SA,24_25,7,7,2.0,1.2,1.0,2.2,0,1.0,-1.0000000000000002
2025-01-06,Wolves,Nott'm Forest,0,3,A,0,2,A,13,11,6,3,5,3,1,2,0,0,PL,21_20,7,15,1.8,1.2,2.0,0.6,-8,-0.19999999999999996,0.6
2025-01-10,Lazio,Como,1,1,D,1,0,H,12,17,4,4,7,7,4,3,1,0,SA,24_25,7,8,0.8,2.0,1.4,1.0,-1,-0.5999999999999999,1.0
2025-01-10,Vallecano,Celta,2,1,H,1,1,D,8,23,5,7,3,3,2,3,0,1,LL,24_25,6,7,1.4,1.4,1.4,1.2,-1,0.0,0.19999999999999996
2025-01-11,Alaves,Girona,0,1,A,0,0,D,11,3,2,1,6,3,1,4,0,0,LL,24_25,4,7,1.4,1.6,2.0,1.6,-3,-0.6000000000000001,0.0
2025-01-11,Milan,Cagliari,1,1,D,0,0,D,24,6,11,2,9,1,1,2,0,0,SA,24_25,8,3,1.2,0.6,0.6,1.6,5,0.6,-1.0
2025-01-11,Udinese,Atalanta,0,0,D,0,0,D,12,4,3,2,5,3,1,2,0,0,SA,24_25,8,13,1.4,1.4,1.8,0.8,-5,-0.40000000000000013,0.5999999999999999
2025-01-11,Empoli,Lecce,1,3,A,0,2,A,15,14,5,6,9,2,0,3,0,0,SA,24_25,4,4,1.6,1.6,0.8,1.8,0,0.8,-0.19999999999999996
2025-01-11,Sevilla,Valencia,1,1,D,0,0,D,15,5,5,1,10,1,1,2,0,0,LL,24_25,7,2,1.6,1.8,0.8,1.4,5,0.8,0.40000000000000013
2025-01-11,Valladolid,Betis,1,0,H,0,0,D,12,14,1,3,1,8,2,4,0,0,LL,24_25,3,5,0.4,2.4,1.4,2.0,-2,-0.9999999999999999,0.3999999999999999
2025-01-11,Espanol,Leganes,1,1,D,1,1,D,15,14,5,6,8,4,2,2,0,1,LL,24_25,5,4,0.8,0.8,0.8,2.4,1,0.0,-1.5999999999999999
2025-01-11,Torino,Juventus,1,1,D,1,1,D,11,15,2,9,9,1,4,1,0,0,SA,24_25,6,7,0.6,0.8,1.8,1.6,-1,-1.2000000000000002,-0.8
2025-01-12,Ath Madrid,Osasuna,1,0,H,0,0,D,9,6,5,1,4,0,2,0,0,0,LL,24_25,15,4,2.8,1.0,1.2,1.4,11,1.5999999999999999,-0.3999999999999999
2025-01-12,Las Palmas,Getafe,1,2,A,0,0,D,15,12,7,3,4,5,2,3,0,0,LL,24_25,10,6,1.4,1.0,0.6,0.8,4,0.7999999999999999,0.19999999999999996
2025-01-12,Genoa,Parma,1,0,H,0,0,D,14,9,4,3,6,9,2,3,0,0,SA,24_25,6,4,0.6,0.6,1.0,2.4,2,-0.4,-1.7999999999999998
2025-01-12,Napoli,Verona,2,0,H,1,0,H,14,6,3,2,8,1,0,0,0,0,SA,24_25,12,7,1.8,0.6,1.4,1.8,5,0.40000000000000013,-1.2000000000000002
2025-01-12,Venezia,Inter,0,1,A,0,1,A,7,17,2,6,4,5,4,1,0,0,SA,24_25,6,15,1.4,1.4,3.8,0.2,-9,-2.4,1.2
2025-01-12,Bologna,Roma,2,2,D,0,0,D,14,11,8,4,5,4,4,1,0,0,SA,24_25,10,10,2.0,1.0,2.4,0.8,0,-0.3999999999999999,0.19999999999999996
2025-01-13,Monza,Fiorentina,2,1,H,1,0,H,10,11,3,2,2,4,4,1,0,0,SA,24_25,0,4,1.0,2.0,0.8,1.6,-4,0.19999999999999996,0.3999999999999999
2025-01-13,Sociedad,Villarreal,1,0,H,0,0,D,6,15,3,5,3,7,4,2,0,0,LL,24_25,7,5,1.0,0.6,1.8,1.8,2,-0.8,-1.2000000000000002
2025-01-14,Chelsea,Bournemouth,2,2,D,1,0,H,26,7,10,3,9,3,2,3,0,0,PL,21_20,5,9,0.8,1.2,1.4,0.6,-4,-0.5999999999999999,0.6
2025-01-14,West Ham,Fulham,3,2,H,2,0,H,4,21,3,5,0,3,3,3,0,0,PL,21_20,5,7,0.8,2.2,1.6,1.4,-2,-0.8,0.8000000000000003
2025-01-14,Nott'm Forest,Liverpool,1,1,D,1,0,H,6,23,3,7,0,9,2,1,0,0,PL,21_20,15,11,2.0,0.2,3.6,1.6,4,-1.6,-1.4000000000000001
2025-01-14,Brentford,Man City,2,2,D,0,0,D,18,21,6,8,4,5,0,0,0,0,PL,21_20,4,7,1.4,1.4,1.8,1.2,-3,-0.40000000000000013,0.19999999999999996
2025-01-14,Atalanta,Juventus,1,1,D,0,0,D,17,17,6,9,3,3,1,1,0,0,SA,24_25,11,7,1.4,0.8,1.8,1.6,4,-0.40000000000000013,-0.8
2025-01-14,Como,Milan,1,2,A,0,0,D,12,12,4,6,2,4,1,6,0,0,SA,24_25,8,6,1.4,1.0,0.8,0.8,2,0.5999999999999999,0.19999999999999996
2025-01-15,Arsenal,Tottenham,2,1,H,2,1,H,14,10,4,2,10,4,3,1,0,0,PL,21_20,11,4,2.0,0.6,2.2,2.2,7,-0.20000000000000018,-1.6
2025-01-15,Leicester,Crystal Palace,0,2,A,0,0,D,21,9,4,4,4,3,0,0,0,0,PL,21_20,0,8,0.4,2.8,1.4,1.6,-8,-0.9999999999999999,1.1999999999999997
2025-01-15,Everton,Aston Villa,0,1,A,0,0,D,10,11,3,3,8,5,2,1,0,0,PL,21_20,3,7,0.2,0.8,1.4,1.8,-4,-1.2,-1.0
2025-01-15,Newcastle,Wolves,3,0,H,1,0,H,17,13,5,7,4,2,0,2,0,0,PL,21_20,15,7,3.0,0.2,1.6,1.4,8,1.4,-1.2
2025-01-15,Inter,Bologna,2,2,D,2,1,H,12,14,6,6,3,3,0,0,0,0,SA,24_25,15,8,3.0,0.2,1.8,1.4,7,1.2,-1.2
2025-01-16,Ipswich,Brighton,0,2,A,0,0,D,5,11,3,5,1,9,2,2,0,0,PL,21_20,7,4,1.2,1.6,1.0,1.4,3,0.19999999999999996,0.20000000000000018
2025-01-16,Man United,Southampton,3,1,H,0,1,A,23,13,9,5,5,4,1,3,0,0,PL,21_20,4,1,0.8,2.0,0.2,2.6,3,0.6000000000000001,-0.6000000000000001
2025-01-17,Espanol,Valladolid,2,1,H,1,0,H,12,11,4,4,1,7,2,2,0,0,LL,24_25,3,6,0.4,0.8,0.6,2.0,-3,-0.19999999999999996,-1.2
2025-01-17,Roma,Genoa,3,1,H,1,1,D,16,7,7,3,3,2,1,1,0,0,SA,24_25,8,8,2.0,1.0,0.8,0.6,0,1.2,0.4
2025-01-18,Newcastle,Bournemouth,1,4,A,1,2,A,13,19,5,10,7,6,1,6,0,0,PL,21_20,15,9,2.8,0.2,1.6,0.8,6,1.1999999999999997,-0.6000000000000001
2025-01-18,Betis,Alaves,1,3,A,1,1,D,7,9,2,5,2,3,4,5,1,0,LL,24_25,5,4,1.0,1.4,1.2,1.4,1,-0.19999999999999996,0.0
2025-01-18,Arsenal,Aston Villa,2,2,D,1,0,H,18,8,6,4,10,1,2,3,0,0,PL,21_20,13,10,2.4,0.8,1.4,1.4,3,1.0,-0.5999999999999999
2025-01-18,West Ham,Crystal Palace,0,2,A,0,0,D,7,12,0,7,2,4,1,0,1,0,PL,21_20,7,8,1.2,2.4,1.2,1.4,-1,0.0,1.0
2025-01-18,Leicester,Fulham,0,2,A,0,0,D,8,17,4,2,5,2,3,1,0,0,PL,21_20,0,6,0.4,2.4,1.6,1.6,-6,-1.2000000000000002,0.7999999999999998
2025-01-18,Brentford,Liverpool,0,2,A,0,0,D,11,37,6,8,2,15,2,3,0,0,PL,21_20,5,11,1.6,1.4,3.4,1.4,-6,-1.7999999999999998,0.0
2025-01-18,Girona,Sevilla,1,2,A,1,0,H,7,14,4,6,7,4,0,4,0,0,LL,24_25,7,5,1.4,1.4,1.6,2.0,2,-0.20000000000000018,-0.6000000000000001
2025-01-18,Getafe,Barcelona,1,1,D,1,1,D,10,21,4,5,2,10,3,2,0,0,LL,24_25,6,4,0.6,1.0,1.8,1.6,2,-1.2000000000000002,-0.6000000000000001
2025-01-18,Leganes,Ath Madrid,1,0,H,0,0,D,9,19,3,4,2,9,1,3,0,0,LL,24_25,5,15,1.0,2.0,2.6,0.8,-10,-1.6,1.2
2025-01-18,Juventus,Milan,2,0,H,0,0,D,15,13,6,3,5,5,0,2,0,0,SA,24_25,7,9,1.6,1.4,1.0,0.6,-2,0.6000000000000001,0.7999999999999999
2025-01-18,Atalanta,Napoli,2,3,A,1,2,A,15,6,6,3,3,1,4,2,0,0,SA,24_25,9,15,1.2,0.8,2.2,0.4,-6,-1.0000000000000002,0.4
2025-01-18,Bologna,Monza,3,1,H,2,1,H,18,3,7,1,4,0,1,3,0,0,SA,24_25,8,3,1.8,1.4,1.2,1.8,5,0.6000000000000001,-0.40000000000000013
2025-01-19,Ipswich,Man City,0,6,A,0,3,A,8,17,4,9,4,7,0,1,0,0,PL,21_20,4,8,0.8,1.8,2.0,1.2,-4,-1.2,0.6000000000000001
2025-01-19,Real Madrid,Las Palmas,4,1,H,3,1,H,26,6,13,2,8,2,0,1,0,1,LL,24_25,10,10,2.6,1.6,1.2,0.8,0,1.4000000000000001,0.8
2025-01-19,Osasuna,Vallecano,1,1,D,0,1,A,12,8,3,3,6,3,3,2,0,0,LL,24_25,3,9,0.8,1.2,1.6,1.2,-6,-0.8,0.0
2025-01-19,Valencia,Sociedad,1,0,H,1,0,H,7,9,2,3,4,7,3,4,0,0,LL,24_25,3,10,1.0,1.4,1.2,0.4,-7,-0.19999999999999996,0.9999999999999999
2025-01-19,Nott'm Forest,Southampton,3,2,H,3,0,H,14,10,5,4,2,8,0,4,0,0,PL,21_20,13,1,1.8,0.2,0.4,2.2,12,1.4,-2.0
2025-01-19,Celta,Ath Bilbao,1,2,A,0,0,D,3,14,1,6,3,4,0,0,0,0,LL,24_25,6,13,1.2,1.2,1.8,0.8,-7,-0.6000000000000001,0.3999999999999999
2025-01-19,Everton,Tottenham,3,2,H,3,0,H,12,11,6,6,3,8,2,1,0,0,PL,21_20,2,1,0.2,1.0,1.4,2.6,1,-1.2,-1.6
2025-01-19,Fiorentina,Torino,1,1,D,1,0,H,20,6,6,3,9,2,3,3,0,1,SA,24_25,1,6,0.8,2.0,0.8,1.0,-5,0.0,1.0
2025-01-19,Cagliari,Lecce,4,1,H,0,1,A,19,7,7,2,6,1,3,1,0,1,SA,24_25,4,7,0.8,1.6,1.2,1.2,-3,-0.3999999999999999,0.40000000000000013
2025-01-19,Parma,Venezia,1,1,D,0,1,A,19,7,8,2,8,2,2,3,0,0,SA,24_25,4,5,0.8,2.0,1.0,1.2,-1,-0.19999999999999996,0.8
2025-01-19,Verona,Lazio,0,3,A,0,2,A,16,14,3,5,5,6,6,2,1,0,SA,24_25,7,5,1.2,1.4,0.8,2.2,2,0.3999999999999999,-0.8000000000000003
2025-01-19,Inter,Empoli,3,1,H,0,0,D,18,5,7,1,7,3,0,0,0,0,SA,24_25,13,1,2.8,0.4,1.0,2.0,12,1.7999999999999998,-1.6
2025-01-19,Man United,Brighton,1,3,A,1,1,D,10,6,1,3,4,2,3,3,0,0,PL,21_20,4,7,1.0,2.0,1.2,0.8,-3,-0.19999999999999996,1.2
2025-01-20,Chelsea,Wolves,3,1,H,1,1,D,19,9,7,4,3,6,4,2,0,0,PL,21_20,3,7,0.8,1.4,1.4,1.6,-4,-0.5999999999999999,-0.20000000000000018
2025-01-20,Villarreal,Mallorca,4,0,H,4,0,H,14,9,7,2,6,5,1,3,0,0,LL,24_25,4,9,1.4,1.6,1.2,1.8,-5,0.19999999999999996,-0.19999999999999996
2025-01-20,Como,Udinese,4,1,H,2,0,H,11,6,8,2,3,2,2,4,1,1,SA,24_25,7,6,1.2,1.0,1.0,1.2,1,0.19999999999999996,-0.19999999999999996
2025-01-24,Las Palmas,Osasuna,1,1,D,0,0,D,16,16,7,4,4,2,7,8,1,0,LL,24_25,7,3,1.0,1.4,0.8,1.2,4,0.19999999999999996,0.19999999999999996
2025-01-24,Torino,Cagliari,2,0,H,1,0,H,18,6,6,1,6,3,0,1,0,0,SA,24_25,4,7,0.8,1.2,1.6,1.6,-3,-0.8,-0.40000000000000013
2025-01-25,Wolves,Arsenal,0,1,A,0,0,D,9,9,4,3,1,5,0,1,1,1,PL,21_20,4,11,1.0,2.2,1.8,1.0,-7,-0.8,1.2000000000000002
2025-01-25,Valladolid,Real Madrid,0,3,A,0,1,A,6,20,2,4,1,7,3,3,1,0,LL,24_25,6,13,0.8,1.4,3.2,1.4,-7,-2.4000000000000004,0.0
2025-01-25,Liverpool,Ipswich,4,1,H,3,0,H,16,3,6,3,3,4,0,2,0,0,PL,21_20,11,4,2.6,0.8,0.8,2.2,7,1.8,-1.4000000000000001
2025-01-25,Brighton,Everton,0,1,A,0,1,A,16,3,1,1,9,1,3,4,0,0,PL,21_20,9,4,1.6,0.8,0.8,1.4,5,0.8,-0.5999999999999999
2025-01-25,Mallorca,Betis,0,1,A,0,0,D,16,8,3,3,4,4,2,2,1,0,LL,24_25,6,5,0.8,2.4,1.2,1.6,1,-0.3999999999999999,0.7999999999999998
2025-01-25,Ath Madrid,Villarreal,1,1,D,0,1,A,20,11,8,1,5,6,4,2,0,0,LL,24_25,12,7,1.6,1.0,2.2,1.2,5,-0.6000000000000001,-0.19999999999999996
2025-01-25,Sevilla,Espanol,1,1,D,0,1,A,25,6,4,1,5,1,1,4,0,0,LL,24_25,7,6,1.8,2.0,0.8,0.8,1,1.0,1.2
2025-01-25,Man City,Chelsea,3,1,H,1,1,D,15,10,6,4,2,4,3,2,0,0,PL,21_20,11,5,3.0,0.8,1.4,1.6,6,1.6,-0.8
2025-01-25,Southampton,Newcastle,1,3,A,1,2,A,12,17,5,9,3,8,1,0,0,0,PL,21_20,0,12,0.8,2.8,2.2,1.0,-12,-1.4000000000000001,1.7999999999999998
2025-01-25,Bournemouth,Nott'm Forest,5,0,H,1,0,H,16,18,10,4,3,9,2,3,0,0,PL,21_20,9,13,1.8,1.0,2.0,0.6,-4,-0.19999999999999996,0.4
2025-01-25,Napoli,Juventus,2,1,H,0,1,A,14,5,3,2,9,1,0,0,0,0,SA,24_25,15,9,2.2,0.6,1.6,1.0,6,0.6000000000000001,-0.4
2025-01-25,Como,Atalanta,1,2,A,1,0,H,15,5,5,3,4,5,2,3,0,0,SA,24_25,7,6,1.6,1.2,1.4,1.4,1,0.20000000000000018,-0.19999999999999996
2025-01-25,Empoli,Bologna,1,1,D,1,1,D,5,9,1,8,2,4,0,0,0,0,SA,24_25,1,8,1.2,2.4,2.2,1.6,-7,-1.0000000000000002,0.7999999999999998
2025-01-26,Aston Villa,West Ham,1,1,D,1,0,H,14,14,4,4,4,3,2,3,0,0,PL,21_20,8,6,1.4,1.6,1.0,2.6,2,0.3999999999999999,-1.0
2025-01-26,Fulham,Man United,0,1,A,0,0,D,9,4,3,1,3,0,0,1,0,0,PL,21_20,8,4,2.0,1.6,1.2,2.0,4,0.8,-0.3999999999999999
2025-01-26,Crystal Palace,Brentford,1,2,A,0,0,D,16,13,5,6,4,7,2,2,0,0,PL,21_20,11,5,1.4,0.4,1.6,1.4,6,-0.20000000000000018,-0.9999999999999999
2025-01-26,Lazio,Fiorentina,1,2,A,0,2,A,22,7,3,3,14,2,1,4,0,1,SA,24_25,8,2,1.4,1.0,1.0,2.0,6,0.3999999999999999,-1.0
2025-01-26,Lecce,Inter,0,4,A,0,2,A,17,9,4,5,7,0,0,2,0,0,SA,24_25,4,13,1.0,1.8,2.2,0.6,-9,-1.2000000000000002,1.2000000000000002
2025-01-26,Udinese,Roma,1,2,A,1,0,H,10,16,3,10,1,5,2,2,0,0,SA,24_25,6,11,1.0,1.4,2.6,0.8,-5,-1.6,0.5999999999999999
2025-01-26,Tottenham,Leicester,1,2,A,1,0,H,15,12,6,3,6,4,1,5,0,0,PL,21_20,1,0,1.2,2.0,0.4,2.2,1,0.7999999999999999,-0.20000000000000018
2025-01-26,Vallecano,Girona,2,1,H,0,0,D,17,12,7,5,4,1,3,1,0,0,LL,24_25,7,6,1.6,1.4,1.2,1.4,1,0.40000000000000013,0.0
2025-01-26,Sociedad,Getafe,0,3,A,0,0,D,13,13,4,4,5,2,3,6,0,0,LL,24_25,7,7,0.8,0.6,0.8,0.8,0,0.0,-0.20000000000000007
2025-01-26,Ath Bilbao,Leganes,0,0,D,0,0,D,29,5,3,2,16,1,1,1,0,0,LL,24_25,13,7,1.8,0.8,1.0,1.8,6,0.8,-1.0
2025-01-26,Barcelona,Valencia,7,1,H,5,0,H,22,7,11,2,14,4,0,1,0,0,LL,24_25,5,6,1.8,1.4,1.2,1.2,-1,0.6000000000000001,0.19999999999999996
2025-01-26,Milan,Parma,3,2,H,1,1,D,14,12,5,5,7,4,2,5,0,0,SA,24_25,8,5,1.0,1.0,0.6,1.6,3,0.4,-0.6000000000000001
2025-01-27,Venezia,Verona,1,1,D,1,0,H,9,21,1,5,7,9,1,1,0,0,SA,24_25,5,4,0.8,1.0,0.6,1.6,1,0.20000000000000007,-0.6000000000000001
2025-01-27,Genoa,Monza,2,0,H,0,0,D,18,5,6,1,9,6,0,4,0,0,SA,24_25,7,3,1.0,1.2,1.2,2.0,4,-0.19999999999999996,-0.8
2025-01-27,Alaves,Celta,1,1,D,1,0,H,3,5,1,2,3,4,2,3,0,0,LL,24_25,6,6,1.6,1.4,1.2,1.0,0,0.40000000000000013,0.3999999999999999
2025-01-31,Parma,Lecce,1,3,A,1,1,D,19,6,7,3,3,2,1,2,0,0,SA,24_25,5,4,1.0,1.2,0.8,2.2,1,0.19999999999999996,-1.0000000000000002
2025-01-31,Leganes,Vallecano,0,1,A,0,0,D,5,19,1,3,2,9,2,4,1,0,LL,24_25,8,9,1.0,1.2,1.4,1.0,-1,-0.3999999999999999,0.19999999999999996
2025-02-01,Getafe,Sevilla,0,0,D,0,0,D,7,13,1,1,6,5,4,6,0,0,LL,24_25,7,8,1.2,0.8,1.4,1.4,-1,-0.19999999999999996,-0.5999999999999999
2025-02-01,Nott'm Forest,Brighton,7,0,H,3,0,H,14,10,9,5,4,6,1,3,0,0,PL,21_20,10,8,1.8,1.6,1.6,1.0,2,0.19999999999999996,0.6000000000000001
2025-02-01,Bournemouth,Liverpool,0,2,A,0,1,A,14,19,3,7,3,3,2,3,0,0,PL,21_20,11,11,2.8,1.0,2.8,0.8,0,0.0,0.19999999999999996
2025-02-01,Everton,Leicester,4,0,H,3,0,H,13,9,7,1,5,6,0,0,0,0,PL,21_20,6,3,0.8,1.2,0.6,1.8,3,0.20000000000000007,-0.6000000000000001
2025-02-01,Villarreal,Valladolid,5,1,H,1,0,H,22,8,8,2,3,6,1,2,0,0,LL,24_25,8,6,2.2,1.0,0.6,1.6,2,1.6,-0.6000000000000001
2025-02-01,Ath Madrid,Mallorca,2,0,H,1,0,H,17,10,5,1,10,4,2,3,0,0,LL,24_25,10,6,1.0,0.6,0.6,1.6,4,0.4,-1.0
2025-02-01,Newcastle,Fulham,1,2,A,1,0,H,11,15,4,4,4,7,4,4,0,0,PL,21_20,12,5,2.2,1.2,1.6,1.6,7,0.6000000000000001,-0.40000000000000013
2025-02-01,Espanol,Real Madrid,1,0,H,0,0,D,5,21,2,7,1,8,2,0,0,0,LL,24_25,6,13,1.0,1.0,3.2,1.4,-7,-2.2,-0.3999999999999999
2025-02-01,Ipswich,Southampton,1,2,A,1,1,D,15,9,6,4,1,2,0,3,0,0,PL,21_20,4,0,1.0,2.8,1.0,3.2,4,0.0,-0.40000000000000036
2025-02-01,Wolves,Aston Villa,2,0,H,1,0,H,8,10,5,3,5,8,2,3,0,0,PL,21_20,1,9,0.6,2.4,1.6,1.2,-8,-1.0,1.2
2025-02-01,Atalanta,Torino,1,1,D,1,1,D,22,5,10,3,8,0,0,3,0,0,SA,24_25,6,7,1.2,1.2,1.2,0.8,-1,0.0,0.3999999999999999
2025-02-01,Monza,Verona,0,1,A,0,1,A,9,12,2,4,7,3,2,3,0,0,SA,24_25,3,5,1.0,2.0,0.8,1.6,-2,0.19999999999999996,0.3999999999999999
2025-02-01,Bologna,Como,2,0,H,1,0,H,15,8,4,1,4,2,3,4,0,1,SA,24_25,6,7,2.0,1.8,1.8,1.2,-1,0.19999999999999996,0.6000000000000001
2025-02-01,Udinese,Venezia,3,2,H,0,0,D,13,14,5,3,4,6,3,3,0,0,SA,24_25,3,3,0.8,1.6,0.6,1.0,0,0.20000000000000007,0.6000000000000001
2025-02-02,Brentford,Tottenham,0,2,A,0,1,A,20,13,4,2,10,3,0,1,0,0,PL,21_20,7,1,2.0,1.6,1.4,2.2,6,0.6000000000000001,-0.6000000000000001
2025-02-02,Man United,Crystal Palace,0,2,A,0,0,D,17,11,2,3,11,0,3,1,0,0,PL,21_20,7,10,1.4,1.6,1.6,0.8,-3,-0.20000000000000018,0.8
2025-02-02,Barcelona,Alaves,1,0,H,0,0,D,11,3,4,0,5,2,5,2,0,0,LL,24_25,5,6,2.2,1.4,1.4,1.2,-1,0.8000000000000003,0.19999999999999996
2025-02-02,Fiorentina,Genoa,2,1,H,2,0,H,7,17,6,3,1,8,3,1,0,0,SA,24_25,5,10,1.2,1.8,1.2,0.8,-5,0.0,1.0
2025-02-02,Milan,Inter,1,1,D,1,0,H,10,16,4,6,8,11,0,2,0,0,SA,24_25,8,13,1.4,1.4,2.6,0.6,-5,-1.2000000000000002,0.7999999999999999
2025-02-02,Roma,Napoli,1,1,D,0,1,A,12,5,2,2,2,3,2,1,0,0,SA,24_25,11,15,2.0,1.0,2.2,0.6,-4,-0.20000000000000018,0.4
2025-02-02,Arsenal,Man City,5,1,H,1,0,H,12,7,7,4,5,2,2,0,0,0,PL,21_20,11,13,1.8,1.0,3.4,0.8,-2,-1.5999999999999999,0.19999999999999996
2025-02-02,Valencia,Celta,2,1,H,1,0,H,8,3,5,2,5,2,1,2,0,0,LL,24_25,5,4,1.2,2.4,1.0,1.2,1,0.19999999999999996,1.2
2025-02-02,Osasuna,Sociedad,2,1,H,1,0,H,11,13,4,3,3,5,3,3,0,0,LL,24_25,3,4,0.6,1.0,0.2,1.2,-1,0.39999999999999997,-0.19999999999999996
2025-02-02,Betis,Ath Bilbao,2,2,D,2,1,H,10,12,6,4,3,7,3,1,0,0,LL,24_25,7,11,1.0,1.2,1.4,0.6,-4,-0.3999999999999999,0.6
2025-02-02,Juventus,Empoli,4,1,H,0,1,A,23,10,8,3,8,6,0,3,0,1,SA,24_25,6,2,1.4,1.2,1.0,2.0,4,0.3999999999999999,-0.8
2025-02-03,Cagliari,Lazio,1,2,A,0,1,A,15,11,5,6,7,7,0,0,0,0,SA,24_25,7,5,1.4,1.6,1.2,1.2,2,0.19999999999999996,0.40000000000000013
2025-02-03,Girona,Las Palmas,2,1,H,1,0,H,12,10,4,2,11,3,2,2,0,0,LL,24_25,6,5,1.4,1.2,0.8,1.4,1,0.5999999999999999,-0.19999999999999996
2025-02-03,Chelsea,West Ham,2,1,H,0,1,A,22,14,3,5,4,3,3,1,0,0,PL,21_20,5,4,1.4,1.8,1.0,2.8,1,0.3999999999999999,-0.9999999999999998
2025-02-06,Fiorentina,Inter,3,0,H,0,0,D,10,11,6,2,1,8,0,0,0,0,SA,24_25,7,11,1.2,1.6,2.2,0.8,-4,-1.0000000000000002,0.8
2025-02-07,Vallecano,Valladolid,1,0,H,0,0,D,20,8,6,3,4,2,2,2,0,0,LL,24_25,11,3,1.4,0.8,0.6,2.6,8,0.7999999999999999,-1.8
2025-02-07,Como,Juventus,1,2,A,1,1,D,16,8,6,3,9,1,3,1,0,0,SA,24_25,4,8,1.4,1.6,1.8,1.0,-4,-0.40000000000000013,0.6000000000000001
2025-02-08,Las Palmas,Villarreal,1,2,A,0,0,D,20,9,4,4,6,5,6,3,0,0,LL,24_25,4,10,1.0,1.8,3.0,1.0,-6,-2.0,0.8
2025-02-08,Real Madrid,Ath Madrid,1,1,D,0,1,A,23,10,9,1,6,1,1,3,0,0,LL,24_25,12,10,2.6,1.0,1.2,0.6,2,1.4000000000000001,0.4
2025-02-08,Verona,Atalanta,0,5,A,0,4,A,18,17,7,7,7,2,2,1,0,0,SA,24_25,5,6,0.4,1.2,1.2,1.2,-1,-0.7999999999999999,0.0
2025-02-08,Celta,Betis,3,2,H,0,2,A,14,12,6,5,4,7,3,5,0,0,LL,24_25,4,5,1.2,1.4,1.0,1.4,-1,0.19999999999999996,0.0
2025-02-08,Torino,Genoa,1,1,D,1,0,H,10,6,3,2,4,2,2,2,0,0,SA,24_25,7,7,1.0,0.6,1.0,1.0,0,0.0,-0.4
2025-02-08,Empoli,Milan,0,2,A,0,0,D,8,16,0,5,2,6,2,4,1,1,SA,24_25,2,8,1.0,2.4,1.4,1.4,-6,-0.3999999999999999,1.0
2025-02-08,Ath Bilbao,Girona,3,0,H,2,0,H,23,3,8,1,11,2,0,4,0,0,LL,24_25,9,9,1.4,1.0,1.6,1.0,0,-0.20000000000000018,0.0
2025-02-09,Alaves,Getafe,0,1,A,0,1,A,12,4,4,3,8,3,2,6,0,0,LL,24_25,5,8,1.2,1.2,1.2,0.6,-3,0.0,0.6
2025-02-09,Valencia,Leganes,2,0,H,2,0,H,18,12,4,4,9,3,1,1,0,0,LL,24_25,7,5,1.2,2.2,0.8,1.4,2,0.3999999999999999,0.8000000000000003
2025-02-09,Sociedad,Espanol,2,1,H,1,0,H,13,4,3,1,6,0,1,2,0,0,LL,24_25,3,8,0.4,1.6,1.0,0.8,-5,-0.6,0.8
2025-02-09,Sevilla,Barcelona,1,4,A,1,1,D,8,10,4,6,5,6,5,2,0,1,LL,24_25,6,7,1.2,1.4,2.0,1.0,-1,-0.8,0.3999999999999999
2025-02-09,Lazio,Monza,5,1,H,1,0,H,26,3,9,1,8,1,0,1,0,0,SA,24_25,7,3,1.4,1.2,0.8,1.8,4,0.5999999999999999,-0.6000000000000001
2025-02-09,Cagliari,Parma,2,1,H,0,0,D,14,9,3,1,7,6,0,0,0,0,SA,24_25,7,2,1.6,1.4,0.8,1.6,5,0.8,-0.20000000000000018
2025-02-09,Venezia,Roma,0,1,A,0,0,D,12,13,3,5,4,6,2,3,0,0,SA,24_25,3,11,1.0,1.4,2.0,1.0,-8,-1.0,0.3999999999999999
2025-02-09,Napoli,Udinese,1,1,D,1,1,D,18,8,4,4,6,6,0,1,0,0,SA,24_25,13,5,2.2,0.8,1.0,1.6,8,1.2000000000000002,-0.8
2025-02-09,Lecce,Bologna,0,0,D,0,0,D,6,8,1,2,6,5,0,2,0,0,SA,24_25,7,9,1.4,2.0,2.0,1.2,-2,-0.6000000000000001,0.8
2025-02-10,Inter,Fiorentina,2,1,H,1,1,D,22,7,8,2,8,1,4,3,0,0,SA,24_25,8,10,2.0,1.4,1.8,1.0,-2,0.19999999999999996,0.3999999999999999
2025-02-10,Mallorca,Osasuna,1,1,D,0,0,D,10,19,2,4,7,11,1,4,0,0,LL,24_25,6,5,0.6,1.6,1.0,1.2,1,-0.4,0.40000000000000013
2025-02-12,Everton,Liverpool,2,2,D,1,1,D,10,6,3,4,2,3,2,2,1,1,PL,21_20,9,11,1.6,0.8,2.2,0.8,-2,-0.6000000000000001,0.0
2025-02-14,Brighton,Chelsea,3,0,H,2,0,H,13,8,5,0,2,9,1,2,0,0,PL,21_20,7,8,1.2,2.0,1.8,1.6,-1,-0.6000000000000001,0.3999999999999999
2025-02-14,Bologna,Torino,3,2,H,1,1,D,23,8,7,5,8,2,0,4,0,0,SA,24_25,9,7,1.6,0.8,1.2,0.8,2,0.40000000000000013,0.0
2025-02-14,Girona,Getafe,1,2,A,0,1,A,14,10,4,6,3,3,2,3,1,0,LL,24_25,6,11,1.0,1.6,1.4,0.4,-5,-0.3999999999999999,1.2000000000000002
2025-02-15,Ath Madrid,Celta,1,1,D,0,0,D,9,11,3,4,2,7,3,5,1,0,LL,24_25,8,4,1.0,0.6,1.4,1.8,4,-0.3999999999999999,-1.2000000000000002
2025-02-15,Milan,Verona,1,0,H,0,0,D,18,7,3,2,10,7,0,0,0,0,SA,24_25,10,4,1.6,1.2,0.4,2.2,6,1.2000000000000002,-1.0000000000000002
2025-02-15,Lazio,Napoli,2,2,D,1,1,D,12,6,5,3,7,1,2,2,0,0,SA,24_25,10,11,2.4,1.0,1.8,1.0,-1,0.5999999999999999,0.0
2025-02-15,Atalanta,Cagliari,0,0,D,0,0,D,9,3,2,0,8,2,1,1,0,0,SA,24_25,8,7,2.2,1.2,1.6,1.4,1,0.6000000000000001,-0.19999999999999996
2025-02-15,Osasuna,Real Madrid,1,1,D,0,1,A,11,17,4,6,6,2,3,1,0,1,LL,24_25,6,10,1.0,1.0,2.0,0.8,-4,-1.0,0.19999999999999996
2025-02-15,Leganes,Alaves,3,3,D,2,1,H,8,16,3,7,3,2,4,5,1,0,LL,24_25,5,4,0.4,0.8,0.8,1.0,1,-0.4,-0.19999999999999996
2025-02-15,Villarreal,Valencia,1,1,D,1,0,H,13,12,4,3,4,5,0,5,0,0,LL,24_25,10,10,2.4,0.8,1.4,1.8,0,1.0,-1.0
2025-02-15,Crystal Palace,Everton,1,2,A,0,1,A,17,11,6,6,6,2,0,1,0,0,PL,21_20,10,10,1.6,0.6,2.0,1.0,0,-0.3999999999999999,-0.4
2025-02-15,West Ham,Brentford,0,1,A,0,1,A,13,14,3,5,9,2,1,1,0,0,PL,21_20,4,7,1.2,2.2,1.8,1.4,-3,-0.6000000000000001,0.8000000000000003
2025-02-15,Southampton,Bournemouth,1,3,A,0,2,A,11,14,4,7,4,6,1,3,0,0,PL,21_20,3,10,1.2,3.0,2.4,1.0,-7,-1.2,2.0
2025-02-15,Man City,Newcastle,4,0,H,3,0,H,11,3,7,1,7,4,0,1,0,0,PL,21_20,10,9,3.2,1.8,2.0,1.6,1,1.2000000000000002,0.19999999999999996
2025-02-15,Fulham,Nott'm Forest,2,1,H,1,1,D,24,8,10,2,8,4,0,0,0,0,PL,21_20,7,10,1.6,1.4,2.8,1.6,-3,-1.1999999999999997,-0.20000000000000018
2025-02-15,Aston Villa,Ipswich,1,1,D,0,0,D,25,4,6,3,16,1,0,3,0,1,PL,21_20,8,1,1.2,1.2,0.8,3.2,7,0.3999999999999999,-2.0
2025-02-15,Leicester,Arsenal,0,2,A,0,0,D,6,11,2,5,3,7,2,1,0,0,PL,21_20,3,11,0.6,2.2,2.2,1.0,-8,-1.6,1.2000000000000002
2025-02-16,Juventus,Inter,1,0,H,0,0,D,16,17,8,2,7,5,1,1,0,0,SA,24_25,10,10,2.0,1.0,2.0,1.2,0,0.0,-0.19999999999999996
2025-02-16,Betis,Sociedad,3,0,H,0,0,D,24,5,8,1,5,5,0,2,0,2,LL,24_25,4,6,1.2,1.8,0.8,1.4,-2,0.3999999999999999,0.40000000000000013
2025-02-16,Udinese,Empoli,3,0,H,1,0,H,17,16,9,4,9,5,0,0,0,0,SA,24_25,5,1,1.2,1.8,0.8,2.6,4,0.3999999999999999,-0.8
2025-02-16,Mallorca,Las Palmas,3,1,H,3,0,H,14,9,5,4,3,5,1,4,0,0,LL,24_25,4,1,0.4,1.6,1.0,2.2,3,-0.6,-0.6000000000000001
2025-02-16,Valladolid,Sevilla,0,4,A,0,2,A,7,11,2,6,3,2,4,2,0,0,LL,24_25,3,6,0.6,2.2,1.0,1.4,-3,-0.4,0.8000000000000003
2025-02-16,Monza,Lecce,0,0,D,0,0,D,8,19,3,5,3,7,2,2,0,0,SA,24_25,3,7,0.8,2.4,1.4,2.0,-4,-0.5999999999999999,0.3999999999999999
2025-02-16,Fiorentina,Como,0,2,A,0,1,A,5,8,3,4,2,1,3,2,0,0,SA,24_25,10,3,1.8,1.0,1.4,1.8,7,0.40000000000000013,-0.8
2025-02-16,Liverpool,Wolves,2,1,H,2,0,H,10,16,3,4,4,3,2,2,0,0,PL,21_20,11,3,2.2,0.8,0.6,2.0,8,1.6,-1.2
2025-02-16,Tottenham,Man United,1,0,H,1,0,H,22,16,7,6,10,5,1,2,0,0,PL,21_20,3,7,1.4,1.8,1.4,1.6,-4,0.0,0.19999999999999996
2025-02-16,Espanol,Ath Bilbao,1,1,D,0,0,D,12,14,4,4,2,7,1,1,0,0,LL,24_25,8,11,1.2,1.0,1.8,0.8,-3,-0.6000000000000001,0.19999999999999996
2025-02-16,Parma,Roma,0,1,A,0,1,A,5,16,1,4,1,10,0,0,0,0,SA,24_25,1,11,1.0,2.0,1.8,1.0,-10,-0.8,1.0
2025-02-17,Barcelona,Vallecano,1,0,H,1,0,H,14,9,5,4,4,5,2,3,0,0,LL,24_25,10,13,2.8,1.0,1.4,0.6,-3,1.4,0.4
2025-02-17,Genoa,Venezia,2,0,H,0,0,D,14,7,5,3,4,5,1,1,0,0,SA,24_25,7,2,1.2,1.2,0.8,1.4,5,0.3999999999999999,-0.19999999999999996
2025-02-19,Aston Villa,Liverpool,2,2,D,2,1,H,9,17,4,3,6,8,1,0,0,0,PL,21_20,6,13,1.0,1.2,2.4,0.8,-7,-1.4,0.3999999999999999
2025-02-21,Celta,Osasuna,1,0,H,0,0,D,12,18,5,1,5,4,1,0,0,0,LL,24_25,5,7,1.4,1.6,1.2,1.0,-2,0.19999999999999996,0.6000000000000001
2025-02-21,Lecce,Udinese,0,1,A,0,1,A,10,12,1,5,11,8,1,3,0,0,SA,24_25,5,7,0.8,1.8,1.8,1.8,-2,-1.0,0.0
2025-02-21,Leicester,Brentford,0,4,A,0,3,A,8,14,3,6,5,6,4,0,0,0,PL,21_20,3,7,0.4,2.2,1.0,1.4,-4,-0.6,0.8000000000000003
2025-02-22,Valencia,Ath Madrid,0,3,A,0,2,A,18,11,2,3,7,0,1,3,0,0,LL,24_25,10,6,1.4,1.8,1.0,0.8,4,0.3999999999999999,1.0
2025-02-22,Vallecano,Villarreal,0,1,A,0,0,D,10,10,5,5,3,5,1,4,1,0,LL,24_25,10,11,1.0,0.6,2.6,0.8,-1,-1.6,-0.20000000000000007
2025-02-22,Alaves,Espanol,0,1,A,0,0,D,15,9,5,2,7,0,2,2,0,0,LL,24_25,5,8,1.4,1.4,1.2,1.0,-3,0.19999999999999996,0.3999999999999999
2025-02-22,Las Palmas,Barcelona,0,2,A,0,0,D,10,15,2,5,5,3,1,1,0,0,LL,24_25,1,13,1.0,2.4,2.8,0.6,-12,-1.7999999999999998,1.7999999999999998
2025-02-22,Inter,Genoa,1,0,H,0,0,D,18,11,5,2,6,7,0,2,0,0,SA,24_25,7,7,1.4,1.2,1.4,1.2,0,0.0,0.0
2025-02-22,Fulham,Crystal Palace,0,2,A,0,1,A,10,10,0,5,7,7,1,3,0,0,PL,21_20,9,9,1.6,1.2,1.6,0.8,0,0.0,0.3999999999999999
2025-02-22,Southampton,Brighton,0,4,A,0,1,A,6,18,1,12,5,6,2,0,0,0,PL,21_20,3,9,1.4,2.6,1.6,1.8,-6,-0.20000000000000018,0.8
2025-02-22,Aston Villa,Chelsea,2,1,H,0,1,A,12,15,6,7,2,3,1,3,0,0,PL,21_20,4,7,1.2,1.6,1.6,2.0,-3,-0.40000000000000013,-0.3999999999999999
2025-02-22,Bournemouth,Wolves,0,1,A,0,1,A,8,13,3,5,6,7,3,3,1,0,PL,21_20,10,3,2.8,1.2,0.8,1.8,7,1.9999999999999998,-0.6000000000000001
2025-02-22,Everton,Man United,2,2,D,2,0,H,9,9,8,3,7,9,4,1,0,0,PL,21_20,13,6,2.4,1.0,1.0,1.4,7,1.4,-0.3999999999999999
2025-02-22,Arsenal,West Ham,0,1,A,0,1,A,20,5,2,2,2,0,1,3,1,0,PL,21_20,13,4,2.4,0.8,1.0,1.6,9,1.4,-0.8
2025-02-22,Parma,Bologna,2,0,H,1,0,H,4,16,3,1,0,4,2,1,0,0,SA,24_25,1,11,1.0,2.0,1.8,0.8,-10,-0.8,1.2
2025-02-22,Venezia,Lazio,0,0,D,0,0,D,9,9,2,3,6,6,4,2,0,0,SA,24_25,2,10,0.8,1.6,2.6,1.2,-8,-1.8,0.40000000000000013
2025-02-22,Torino,Milan,2,1,H,1,0,H,9,26,3,8,4,11,1,1,0,0,SA,24_25,6,10,1.4,1.2,1.4,1.0,-4,0.0,0.19999999999999996
2025-02-22,Ipswich,Tottenham,1,4,A,1,2,A,17,10,5,6,4,4,2,1,0,0,PL,21_20,1,6,0.6,3.0,1.4,1.4,-5,-0.7999999999999999,1.6
2025-02-23,Newcastle,Nott'm Forest,4,3,H,4,1,H,13,17,5,5,7,6,1,4,0,0,PL,21_20,6,7,1.6,2.2,2.4,2.0,-1,-0.7999999999999998,0.20000000000000018
2025-02-23,Man City,Liverpool,0,2,A,0,2,A,16,8,5,4,7,5,0,0,0,0,PL,21_20,10,11,3.2,1.6,2.4,1.2,-1,0.8000000000000003,0.40000000000000013
2025-02-23,Verona,Fiorentina,1,0,H,0,0,D,7,8,3,3,4,1,3,3,0,0,SA,24_25,4,9,0.4,2.0,1.6,1.2,-5,-1.2000000000000002,0.8
2025-02-23,Empoli,Atalanta,0,5,A,0,3,A,10,14,1,8,3,4,0,1,0,0,SA,24_25,1,8,0.6,2.6,2.0,1.0,-7,-1.4,1.6
2025-02-23,Cagliari,Juventus,0,1,A,0,1,A,8,14,2,7,3,4,0,1,0,0,SA,24_25,7,12,1.4,1.2,2.0,0.8,-5,-0.6000000000000001,0.3999999999999999
2025-02-23,Ath Bilbao,Valladolid,7,1,H,4,0,H,29,5,16,3,4,4,2,3,0,1,LL,24_25,9,0,1.6,0.8,0.4,3.0,9,1.2000000000000002,-2.2
2025-02-23,Real Madrid,Girona,2,0,H,1,0,H,22,6,5,2,11,5,0,2,0,0,LL,24_25,8,3,1.8,0.8,1.0,2.0,5,0.8,-1.2
2025-02-23,Getafe,Betis,1,2,A,0,1,A,10,13,4,6,2,5,3,0,1,1,LL,24_25,11,7,1.4,0.4,1.8,1.6,4,-0.40000000000000013,-1.2000000000000002
2025-02-23,Sociedad,Leganes,3,0,H,1,0,H,12,8,5,2,3,3,3,3,0,0,LL,24_25,3,5,0.6,2.0,0.8,1.2,-2,-0.20000000000000007,0.8
2025-02-23,Como,Napoli,2,1,H,1,1,D,8,13,3,4,4,6,1,3,0,0,SA,24_25,6,9,1.6,1.4,1.8,1.4,-3,-0.19999999999999996,0.0
2025-02-24,Roma,Monza,4,0,H,2,0,H,23,5,6,2,6,3,0,1,0,0,SA,24_25,13,1,1.6,0.6,0.4,2.2,12,1.2000000000000002,-1.6
2025-02-24,Sevilla,Mallorca,1,1,D,1,0,H,19,13,4,2,4,4,1,3,0,0,LL,24_25,8,4,1.6,1.2,0.8,1.8,4,0.8,-0.6000000000000001
2025-02-25,Brighton,Bournemouth,2,1,H,1,0,H,11,19,4,5,1,9,2,1,0,0,PL,21_20,9,9,2.0,1.8,2.4,1.0,0,-0.3999999999999999,0.8
2025-02-25,Chelsea,Southampton,4,0,H,3,0,H,19,7,10,2,4,2,1,2,0,0,PL,21_20,6,3,1.4,2.0,1.2,2.8,3,0.19999999999999996,-0.7999999999999998
2025-02-25,Crystal Palace,Aston Villa,4,1,H,1,0,H,19,6,6,2,3,8,3,1,0,0,PL,21_20,9,6,1.6,0.8,1.2,1.4,3,0.40000000000000013,-0.5999999999999999
2025-02-25,Wolves,Fulham,1,2,A,1,1,D,18,11,5,5,7,5,1,3,0,0,PL,21_20,6,9,1.0,1.2,1.2,1.0,-3,-0.19999999999999996,0.19999999999999996
2025-02-26,Brentford,Everton,1,1,D,1,0,H,12,14,3,4,2,5,2,1,0,0,PL,21_20,9,11,1.4,1.0,2.2,1.0,-2,-0.8000000000000003,0.0
2025-02-26,Man United,Ipswich,3,2,H,2,2,D,10,12,6,3,5,6,4,4,1,0,PL,21_20,4,1,0.8,1.6,0.8,3.4,3,0.0,-1.7999999999999998
2025-02-26,Nott'm Forest,Arsenal,0,0,D,0,0,D,6,13,2,1,3,11,1,1,0,0,PL,21_20,6,10,2.8,2.6,2.0,0.8,-4,0.7999999999999998,1.8
2025-02-26,Tottenham,Man City,0,1,A,0,1,A,11,12,6,5,8,3,3,0,0,0,PL,21_20,9,9,2.0,1.2,2.8,1.6,0,-0.7999999999999998,-0.40000000000000013
2025-02-26,Liverpool,Newcastle,2,0,H,1,0,H,12,3,3,0,4,2,0,1,0,0,PL,21_20,11,6,2.0,1.0,1.8,2.8,5,0.19999999999999996,-1.7999999999999998
2025-02-27,Bologna,Milan,2,1,H,0,1,A,14,8,4,4,4,5,1,2,0,0,SA,24_25,8,10,1.2,1.0,1.6,1.0,-2,-0.40000000000000013,0.0
2025-02-27,West Ham,Leicester,2,0,H,2,0,H,8,10,2,2,3,3,0,0,0,0,PL,21_20,4,3,0.6,1.2,0.4,2.6,1,0.19999999999999996,-1.4000000000000001
2025-02-28,Valladolid,Las Palmas,1,1,D,0,1,A,23,4,7,3,13,4,2,1,0,1,LL,24_25,0,1,0.4,4.0,0.8,2.0,-1,-0.4,2.0
2025-02-28,Fiorentina,Lecce,1,0,H,1,0,H,10,8,3,3,5,2,3,2,0,0,SA,24_25,6,5,1.2,1.2,0.6,1.2,1,0.6,0.0
2025-03-01,Girona,Celta,2,2,D,1,1,D,9,10,6,6,4,2,0,0,0,0,LL,24_25,3,8,0.8,2.0,1.4,1.2,-5,-0.5999999999999999,0.8
2025-03-01,Vallecano,Sevilla,1,1,D,0,0,D,20,10,8,5,6,6,1,0,0,0,LL,24_25,9,6,0.8,0.6,1.4,1.2,3,-0.5999999999999999,-0.6
2025-03-01,Atalanta,Venezia,0,0,D,0,0,D,18,8,3,2,3,2,1,2,0,0,SA,24_25,11,2,2.6,0.4,0.6,1.4,9,2.0,-0.9999999999999999
2025-03-01,Napoli,Inter,1,1,D,0,1,A,19,6,4,1,12,3,1,0,0,0,SA,24_25,6,7,1.4,1.4,0.8,1.2,-1,0.5999999999999999,0.19999999999999996
2025-03-01,Betis,Real Madrid,2,1,H,1,1,D,18,9,3,2,9,2,3,4,0,0,LL,24_25,10,8,2.0,1.2,1.4,0.6,2,0.6000000000000001,0.6
2025-03-01,Ath Madrid,Ath Bilbao,1,0,H,0,0,D,12,15,4,3,6,2,2,3,0,0,LL,24_25,9,9,1.6,0.6,2.6,0.8,0,-1.0,-0.20000000000000007
2025-03-01,Udinese,Parma,1,0,H,1,0,H,20,9,6,4,7,7,1,1,0,0,SA,24_25,10,3,1.8,1.0,1.2,1.8,7,0.6000000000000001,-0.8
2025-03-02,Leganes,Getafe,1,0,H,0,0,D,5,9,1,0,2,6,1,1,0,0,LL,24_25,2,10,0.6,1.8,1.4,0.6,-8,-0.7999999999999999,1.2000000000000002
2025-03-02,Mallorca,Alaves,1,1,D,1,0,H,15,19,4,7,3,9,0,2,0,0,LL,24_25,5,2,1.0,1.2,0.8,1.4,3,0.19999999999999996,-0.19999999999999996
2025-03-02,Osasuna,Valencia,3,3,D,3,2,H,12,12,5,5,3,3,2,1,0,0,LL,24_25,6,7,1.0,1.0,1.2,2.4,-1,-0.19999999999999996,-1.4
2025-03-02,Monza,Torino,0,2,A,0,1,A,9,13,2,7,1,4,2,2,0,0,SA,24_25,1,8,0.2,2.4,1.6,1.2,-7,-1.4000000000000001,1.2
2025-03-02,Genoa,Empoli,1,1,D,0,1,A,5,7,1,1,3,6,1,3,0,0,SA,24_25,7,1,1.2,0.8,0.4,3.0,6,0.7999999999999999,-2.2
2025-03-02,Milan,Lazio,1,2,A,0,1,A,15,21,4,8,3,5,2,1,1,0,SA,24_25,7,8,1.2,1.0,2.0,1.2,-1,-0.8,-0.19999999999999996
2025-03-02,Bologna,Cagliari,2,1,H,0,1,A,15,2,5,1,4,1,1,2,0,0,SA,24_25,10,4,1.4,1.0,0.6,1.2,6,0.7999999999999999,-0.19999999999999996
2025-03-02,Barcelona,Sociedad,4,0,H,2,0,H,33,0,10,0,12,0,0,0,0,1,LL,24_25,15,6,3.0,0.4,1.2,1.8,9,1.8,-1.4
2025-03-02,Roma,Como,2,1,H,0,1,A,11,10,4,3,1,2,2,7,0,1,SA,24_25,13,6,1.8,0.4,1.2,1.4,7,0.6000000000000001,-0.9999999999999999
2025-03-03,Juventus,Verona,2,0,H,0,0,D,27,5,9,2,6,0,1,0,0,0,SA,24_25,12,7,1.8,0.8,0.6,1.4,5,1.2000000000000002,-0.5999999999999999
2025-03-07,Cagliari,Genoa,1,1,D,1,0,H,9,8,1,2,2,5,2,2,0,0,SA,24_25,4,5,0.8,1.2,1.0,1.0,-1,-0.19999999999999996,0.19999999999999996
2025-03-08,Parma,Torino,2,2,D,0,1,A,12,6,4,2,7,4,4,2,0,0,SA,24_25,3,8,0.8,1.4,1.6,1.2,-5,-0.8,0.19999999999999996
2025-03-08,Inter,Monza,3,2,H,1,2,A,30,8,9,4,13,1,0,1,0,0,SA,24_25,7,1,0.8,1.2,0.2,2.4,6,0.6000000000000001,-1.2
2025-03-08,Celta,Leganes,2,1,H,2,1,H,7,12,4,6,2,5,3,2,0,0,LL,24_25,8,4,1.6,1.4,0.8,1.8,4,0.8,-0.40000000000000013
2025-03-08,Alaves,Villarreal,1,0,H,1,0,H,5,24,3,2,1,6,3,1,2,0,LL,24_25,2,11,0.8,1.4,2.0,0.8,-9,-1.2,0.5999999999999999
2025-03-08,Valencia,Valladolid,2,1,H,1,1,D,17,11,4,4,5,4,1,3,0,0,LL,24_25,8,1,1.6,1.6,0.6,3.6,7,1.0,-2.0
2025-03-08,Como,Venezia,1,1,D,0,0,D,12,11,7,6,3,5,2,3,0,0,SA,24_25,6,2,1.2,1.4,0.4,1.2,4,0.7999999999999999,0.19999999999999996
2025-03-08,Nott'm Forest,Man City,1,0,H,0,0,D,9,14,4,3,3,2,3,2,0,0,PL,21_20,4,9,2.2,2.2,1.8,1.6,-5,0.40000000000000013,0.6000000000000001
2025-03-08,Lecce,Milan,2,3,A,1,0,H,11,16,3,9,2,7,2,1,0,0,SA,24_25,5,6,0.6,0.6,1.2,1.2,-1,-0.6,-0.6
2025-03-08,Crystal Palace,Ipswich,1,0,H,0,0,D,19,15,4,8,5,4,4,3,0,0,PL,21_20,9,1,2.0,1.0,1.2,2.8,8,0.8,-1.7999999999999998
2025-03-08,Liverpool,Southampton,3,1,H,0,1,A,28,6,7,4,6,4,2,1,0,0,PL,21_20,11,3,2.0,1.0,0.8,3.0,8,1.2,-2.0
2025-03-08,Brentford,Aston Villa,0,1,A,0,0,D,13,12,3,4,6,5,2,2,0,0,PL,21_20,10,5,1.6,0.8,1.2,2.0,5,0.40000000000000013,-1.2
2025-03-08,Wolves,Everton,1,1,D,1,1,D,11,12,3,4,5,5,2,2,0,0,PL,21_20,6,9,1.0,1.0,2.2,1.2,-3,-1.2000000000000002,-0.19999999999999996
2025-03-08,Brighton,Fulham,2,1,H,1,1,D,9,6,4,1,3,7,0,2,0,0,PL,21_20,9,9,1.8,1.8,1.2,1.2,0,0.6000000000000001,0.6000000000000001
2025-03-09,Tottenham,Bournemouth,2,2,D,0,1,A,12,17,4,8,3,6,3,3,0,0,PL,21_20,9,6,1.6,0.8,1.8,1.2,3,-0.19999999999999996,-0.3999999999999999
2025-03-09,Chelsea,Leicester,1,0,H,0,0,D,20,3,7,3,12,2,1,0,0,0,PL,21_20,6,3,1.6,1.8,0.4,2.6,3,1.2000000000000002,-0.8
2025-03-09,Real Madrid,Vallecano,2,1,H,2,1,H,10,20,5,6,4,6,3,1,0,0,LL,24_25,5,7,1.0,1.0,0.6,0.6,-2,0.4,0.4
2025-03-09,Man United,Arsenal,1,1,D,1,0,H,10,17,6,6,2,9,0,1,0,0,PL,21_20,7,10,1.2,1.4,1.6,0.4,-3,-0.40000000000000013,0.9999999999999999
2025-03-09,Ath Bilbao,Mallorca,1,1,D,0,0,D,8,9,2,2,3,3,1,3,0,0,LL,24_25,8,6,2.6,1.0,1.2,1.2,2,1.4000000000000001,-0.19999999999999996
2025-03-09,Betis,Las Palmas,1,0,H,0,0,D,14,8,6,1,11,1,2,8,0,1,LL,24_25,10,1,2.2,1.4,0.8,2.0,9,1.4000000000000001,-0.6000000000000001
2025-03-09,Sociedad,Sevilla,0,1,A,0,0,D,7,9,2,4,6,3,2,1,0,0,LL,24_25,6,6,1.2,2.0,1.4,1.2,0,-0.19999999999999996,0.8
2025-03-09,Getafe,Ath Madrid,2,1,H,0,0,D,11,4,3,2,4,4,6,2,0,1,LL,24_25,7,11,0.8,0.8,1.6,0.4,-4,-0.8,0.4
2025-03-09,Juventus,Atalanta,0,4,A,0,1,A,9,19,2,9,2,5,1,1,0,0,SA,24_25,15,9,2.0,0.4,2.2,0.2,6,-0.20000000000000018,0.2
2025-03-09,Empoli,Roma,0,1,A,0,1,A,3,16,1,7,1,9,0,0,0,0,SA,24_25,1,13,0.4,3.0,1.8,0.4,-12,-1.4,2.6
2025-03-09,Napoli,Fiorentina,2,1,H,1,0,H,19,7,11,2,4,4,1,2,0,0,SA,24_25,4,6,1.2,1.4,1.0,1.0,-2,0.19999999999999996,0.3999999999999999
2025-03-09,Verona,Bologna,1,2,A,0,1,A,7,12,2,6,1,3,2,1,1,0,SA,24_25,6,10,0.4,1.6,1.4,1.2,-4,-0.9999999999999999,0.40000000000000013
2025-03-10,Lazio,Udinese,1,1,D,1,1,D,10,15,5,4,4,9,2,4,0,0,SA,24_25,11,13,2.2,1.0,1.8,0.6,-2,0.40000000000000013,0.4
2025-03-10,West Ham,Newcastle,0,1,A,0,0,D,9,9,2,3,3,4,0,1,0,0,PL,21_20,7,6,1.0,0.8,1.6,2.4,1,-0.6000000000000001,-1.5999999999999999
2025-03-10,Espanol,Girona,1,1,D,0,0,D,7,18,4,4,4,9,3,3,0,0,LL,24_25,8,4,1.0,0.8,1.0,2.0,4,0.0,-1.2
2025-03-14,Las Palmas,Alaves,2,2,D,0,1,A,14,9,7,3,4,5,5,5,0,0,LL,24_25,1,5,0.6,1.8,1.0,1.2,-4,-0.4,0.6000000000000001
2025-03-14,Genoa,Lecce,2,1,H,2,0,H,8,15,2,2,3,3,3,2,0,0,SA,24_25,6,2,1.0,0.8,0.4,1.0,4,0.6,-0.19999999999999996
2025-03-15,Valladolid,Celta,0,1,A,0,0,D,5,10,2,1,3,4,3,3,0,0,LL,24_25,1,11,0.6,3.0,1.8,1.2,-10,-1.2000000000000002,1.8
2025-03-15,Mallorca,Espanol,2,1,H,0,0,D,20,2,7,0,6,2,0,2,0,0,LL,24_25,7,8,1.4,1.0,1.0,0.8,-1,0.3999999999999999,0.19999999999999996
2025-03-15,Villarreal,Real Madrid,1,2,A,1,2,A,23,9,10,5,11,4,2,1,0,0,LL,24_25,10,8,1.8,0.8,1.4,1.0,2,0.40000000000000013,-0.19999999999999996
2025-03-15,Southampton,Wolves,1,2,A,0,1,A,10,5,3,3,5,1,0,0,0,0,PL,21_20,3,7,0.8,3.0,1.2,1.0,-4,-0.3999999999999999,2.0
2025-03-15,Torino,Empoli,1,0,H,0,0,D,13,16,3,2,5,5,1,0,0,0,SA,24_25,8,1,1.8,1.4,0.2,2.4,7,1.6,-1.0
2025-03-15,Milan,Como,2,1,H,0,1,A,9,15,3,6,0,5,3,3,0,1,SA,24_25,6,7,1.4,1.6,1.4,1.2,-1,0.0,0.40000000000000013
2025-03-15,Udinese,Verona,0,1,A,0,0,D,11,7,3,2,2,1,5,2,0,0,SA,24_25,11,3,1.4,0.4,0.4,2.0,8,0.9999999999999999,-1.6
2025-03-15,Monza,Parma,1,1,D,0,0,D,12,14,4,6,6,3,0,3,0,0,SA,24_25,1,4,0.6,2.8,1.0,1.2,-3,-0.4,1.5999999999999999
2025-03-15,Girona,Valencia,1,1,D,0,0,D,14,12,4,2,9,4,2,1,0,0,LL,24_25,2,8,0.8,2.0,1.6,1.6,-6,-0.8,0.3999999999999999
2025-03-15,Everton,West Ham,1,1,D,0,0,D,13,10,5,5,6,5,1,2,0,0,PL,21_20,7,6,1.6,1.4,0.8,0.8,1,0.8,0.5999999999999999
2025-03-15,Ipswich,Nott'm Forest,2,4,A,0,3,A,11,11,4,6,6,3,1,1,0,0,PL,21_20,1,7,1.0,2.2,2.4,1.2,-6,-1.4,1.0000000000000002
2025-03-15,Man City,Brighton,2,2,D,2,1,H,11,15,3,3,4,5,2,5,0,0,PL,21_20,6,12,1.2,1.6,2.2,1.8,-6,-1.0000000000000002,-0.19999999999999996
2025-03-15,Bournemouth,Brentford,1,2,A,1,1,D,17,10,5,4,4,3,3,0,0,0,PL,21_20,4,7,1.2,1.6,1.2,0.8,-3,0.0,0.8
2025-03-16,Leganes,Betis,2,3,A,2,0,H,10,21,4,6,3,7,2,1,0,0,LL,24_25,4,12,1.0,2.0,2.0,1.0,-8,-1.0,1.0
2025-03-16,Venezia,Napoli,0,0,D,0,0,D,13,15,4,7,3,8,2,1,0,0,SA,24_25,3,6,0.2,0.8,1.4,1.4,-3,-1.2,-0.5999999999999999
2025-03-16,Osasuna,Getafe,1,2,A,1,0,H,12,7,4,4,3,2,2,3,0,1,LL,24_25,6,9,1.4,1.4,1.2,1.0,-3,0.19999999999999996,0.3999999999999999
2025-03-16,Vallecano,Sociedad,2,2,D,0,1,A,10,8,5,4,4,4,3,2,0,0,LL,24_25,4,6,0.6,1.0,1.0,1.8,-2,-0.4,-0.8
2025-03-16,Ath Madrid,Barcelona,2,4,A,1,0,H,7,13,2,6,6,6,1,3,0,0,LL,24_25,8,15,1.4,0.8,2.4,0.2,-7,-1.0,0.6000000000000001
2025-03-16,Arsenal,Chelsea,1,0,H,1,0,H,12,8,4,2,5,4,3,3,0,0,PL,21_20,8,9,1.6,0.6,1.6,1.2,-1,0.0,-0.6
2025-03-16,Fulham,Tottenham,2,0,H,0,0,D,13,12,4,4,6,5,0,0,0,0,PL,21_20,9,10,1.4,1.4,1.8,0.8,-1,-0.40000000000000013,0.5999999999999999
2025-03-16,Leicester,Man United,0,3,A,0,1,A,11,18,3,5,6,4,2,0,0,0,PL,21_20,0,5,0.0,2.6,1.2,1.6,-5,-1.2,1.0
2025-03-16,Bologna,Lazio,5,0,H,1,0,H,13,7,7,2,7,1,2,3,0,0,SA,24_25,12,9,1.8,1.4,2.0,1.0,3,-0.19999999999999996,0.3999999999999999
2025-03-16,Roma,Cagliari,1,0,H,0,0,D,13,11,1,5,8,3,0,2,0,0,SA,24_25,15,5,1.8,0.2,0.8,1.0,10,1.0,-0.8
2025-03-16,Fiorentina,Juventus,3,0,H,2,0,H,9,11,3,2,1,6,2,3,0,0,SA,24_25,3,12,0.6,1.4,1.2,1.0,-9,-0.6,0.3999999999999999
2025-03-16,Atalanta,Inter,0,2,A,0,0,D,16,14,3,5,2,6,3,3,1,1,SA,24_25,11,10,2.8,0.0,1.4,1.0,1,1.4,-1.0
2025-03-16,Sevilla,Ath Bilbao,0,1,A,0,0,D,11,9,4,4,4,6,4,2,0,0,LL,24_25,8,8,1.6,1.2,2.4,0.8,0,-0.7999999999999998,0.3999999999999999
2025-03-27,Barcelona,Osasuna,3,0,H,2,0,H,19,4,5,0,8,4,1,3,0,0,LL,24_25,15,3,3.0,0.6,1.2,1.6,12,1.8,-1.0
2025-03-29,Como,Empoli,1,1,D,0,0,D,16,14,5,4,4,1,2,5,0,1,SA,24_25,7,1,1.4,1.2,0.2,2.2,6,1.2,-1.0000000000000002
2025-03-29,Lecce,Roma,0,1,A,0,0,D,17,16,4,6,6,6,1,3,0,0,SA,24_25,1,15,0.6,1.4,1.8,0.2,-14,-1.2000000000000002,1.2
2025-03-29,Juventus,Genoa,1,0,H,1,0,H,9,9,6,3,4,3,3,2,0,0,SA,24_25,9,8,0.8,1.4,1.2,0.8,1,-0.3999999999999999,0.5999999999999999
2025-03-29,Real Madrid,Leganes,3,2,H,1,2,A,24,10,10,4,8,3,1,4,0,0,LL,24_25,10,4,1.6,1.0,1.4,2.2,6,0.20000000000000018,-1.2000000000000002
2025-03-29,Alaves,Vallecano,0,2,A,0,1,A,12,11,4,5,8,5,3,5,0,0,LL,24_25,6,2,1.4,1.4,0.8,1.4,4,0.5999999999999999,0.0
2025-03-29,Espanol,Ath Madrid,1,1,D,0,1,A,8,13,1,2,4,3,2,1,0,0,LL,24_25,5,7,1.0,1.2,1.6,1.4,-2,-0.6000000000000001,-0.19999999999999996
2025-03-29,Sociedad,Valladolid,2,1,H,1,0,H,12,12,2,5,3,6,2,3,0,0,LL,24_25,4,1,1.0,2.0,0.6,3.0,3,0.4,-1.0
2025-03-29,Venezia,Bologna,0,1,A,0,0,D,6,13,3,4,2,3,4,1,0,0,SA,24_25,4,12,0.2,0.6,2.2,1.0,-8,-2.0,-0.4
2025-03-30,Cagliari,Monza,3,0,H,0,0,D,11,12,4,3,4,6,2,2,0,0,SA,24_25,2,2,0.4,1.0,0.6,2.0,0,-0.19999999999999996,-1.0
2025-03-30,Fiorentina,Atalanta,1,0,H,1,0,H,12,9,4,0,2,4,0,3,0,0,SA,24_25,6,8,1.0,1.0,1.8,0.4,-2,-0.8,0.6
2025-03-30,Inter,Udinese,2,1,H,2,0,H,13,11,3,4,2,4,2,0,0,0,SA,24_25,10,10,1.4,0.8,1.2,0.4,0,0.19999999999999996,0.4
2025-03-30,Napoli,Milan,2,1,H,2,0,H,8,17,3,4,2,6,2,2,0,0,SA,24_25,6,6,1.2,1.2,1.6,1.8,0,-0.40000000000000013,-0.6000000000000001
2025-03-30,Getafe,Villarreal,1,2,A,1,2,A,11,9,4,3,3,1,1,4,0,0,LL,24_25,9,7,1.4,1.2,1.0,1.0,2,0.3999999999999999,0.19999999999999996
2025-03-30,Barcelona,Girona,4,1,H,1,0,H,21,4,9,2,10,2,0,1,0,0,LL,24_25,15,3,2.8,0.4,1.0,1.6,12,1.7999999999999998,-1.2000000000000002
2025-03-30,Ath Bilbao,Osasuna,0,0,D,0,0,D,11,5,5,2,3,4,1,1,0,0,LL,24_25,8,2,2.0,0.8,1.0,2.0,6,1.0,-1.2
2025-03-30,Valencia,Mallorca,1,0,H,0,0,D,8,8,2,2,4,5,5,5,0,0,LL,24_25,6,9,1.4,1.8,1.6,1.0,-3,-0.20000000000000018,0.8
2025-03-30,Betis,Sevilla,2,1,H,2,1,H,11,6,3,2,2,2,4,4,0,0,LL,24_25,15,8,2.2,0.8,1.4,0.6,7,0.8000000000000003,0.20000000000000007
2025-03-31,Celta,Las Palmas,1,1,D,1,0,H,19,4,7,2,4,2,3,0,0,0,LL,24_25,11,2,1.4,0.8,0.8,1.8,9,0.5999999999999999,-1.0
2025-03-31,Verona,Parma,0,0,D,0,0,D,6,10,0,1,5,5,2,1,0,0,SA,24_25,6,5,0.6,1.0,1.0,1.0,1,-0.4,0.0
2025-03-31,Lazio,Torino,1,1,D,0,0,D,16,7,6,2,5,3,3,4,0,0,SA,24_25,6,10,1.0,1.8,1.8,1.2,-4,-0.8,0.6000000000000001
2025-04-01,Arsenal,Fulham,2,1,H,1,0,H,17,9,4,3,5,4,1,2,0,0,PL,21_20,8,9,0.8,0.4,1.4,1.2,-1,-0.5999999999999999,-0.7999999999999999
2025-04-01,Nott'm Forest,Man United,1,0,H,1,0,H,8,23,2,6,3,10,1,3,0,0,PL,21_20,7,8,1.8,1.6,1.8,1.2,-1,0.0,0.40000000000000013
2025-04-01,Wolves,West Ham,1,0,H,1,0,H,9,10,2,1,1,2,4,2,0,0,PL,21_20,7,7,1.2,1.2,0.8,0.6,0,0.3999999999999999,0.6
2025-04-02,Bournemouth,Ipswich,1,2,A,0,1,A,24,10,7,2,8,3,1,2,0,0,PL,21_20,4,1,1.4,1.6,1.2,2.6,3,0.19999999999999996,-1.0
2025-04-02,Brighton,Aston Villa,0,3,A,0,0,D,11,8,4,5,4,0,1,3,0,0,PL,21_20,13,8,2.6,0.8,1.4,1.6,5,1.2000000000000002,-0.8
2025-04-02,Man City,Leicester,2,0,H,2,0,H,18,2,5,0,5,0,1,4,0,0,PL,21_20,7,0,1.4,1.0,0.0,2.4,7,1.4,-1.4
2025-04-02,Newcastle,Brentford,2,1,H,1,0,H,21,12,4,3,4,5,1,1,0,0,PL,21_20,6,10,1.2,2.2,1.6,0.6,-4,-0.40000000000000013,1.6
2025-04-02,Southampton,Crystal Palace,1,1,D,1,0,H,8,9,2,3,2,2,2,1,0,0,PL,21_20,0,12,0.6,3.2,2.0,0.6,-12,-1.4,2.6
2025-04-02,Liverpool,Everton,1,0,H,0,0,D,17,5,3,0,11,5,2,2,0,0,PL,21_20,13,7,2.2,0.8,1.4,1.2,6,0.8000000000000003,-0.3999999999999999
2025-04-03,Chelsea,Tottenham,1,0,H,0,0,D,11,8,5,2,4,6,5,5,0,0,PL,21_20,6,7,1.2,1.2,1.4,1.2,-1,-0.19999999999999996,0.0
2025-04-04,Vallecano,Espanol,0,4,A,0,2,A,16,15,5,7,8,4,2,2,0,0,LL,24_25,5,6,1.2,1.2,1.0,1.0,-1,0.19999999999999996,0.19999999999999996
2025-04-04,Genoa,Udinese,1,0,H,0,0,D,13,5,7,2,1,2,2,2,0,0,SA,24_25,5,7,0.8,1.0,0.8,0.8,-2,0.0,0.19999999999999996
2025-04-05,West Ham,Bournemouth,2,2,D,0,1,A,9,11,3,4,4,7,2,2,0,0,PL,21_20,7,1,0.8,0.6,1.0,1.8,6,-0.19999999999999996,-1.2000000000000002
2025-04-05,Girona,Alaves,0,1,A,0,0,D,11,14,6,3,1,5,1,4,0,0,LL,24_25,3,5,1.0,2.0,0.8,1.2,-2,0.19999999999999996,0.8
2025-04-05,Real Madrid,Valencia,1,2,A,0,1,A,21,10,9,2,9,4,0,4,0,0,LL,24_25,12,8,2.0,1.2,1.4,1.6,4,0.6000000000000001,-0.40000000000000013
2025-04-05,Mallorca,Celta,1,2,A,1,0,H,7,10,2,4,4,2,3,0,0,0,LL,24_25,6,11,1.0,1.0,1.4,0.8,-5,-0.3999999999999999,0.19999999999999996
2025-04-05,Barcelona,Betis,1,1,D,1,1,D,13,6,5,2,9,3,2,1,0,0,LL,24_25,15,15,3.4,0.6,2.0,1.0,0,1.4,-0.4
2025-04-05,Parma,Inter,2,2,D,0,2,A,8,20,4,4,2,4,2,3,0,0,SA,24_25,6,13,1.0,0.8,1.8,0.8,-7,-0.8,0.0
2025-04-05,Monza,Como,1,3,A,1,2,A,8,17,4,7,2,2,2,1,0,0,SA,24_25,1,5,0.6,2.6,1.2,1.4,-4,-0.6,1.2000000000000002
2025-04-05,Everton,Arsenal,1,1,D,0,1,A,5,14,2,5,3,8,3,1,0,0,PL,21_20,4,8,1.0,1.2,0.8,0.6,-4,0.19999999999999996,0.6
2025-04-05,Crystal Palace,Brighton,2,1,H,1,1,D,8,11,3,5,2,4,0,1,2,1,PL,21_20,10,10,1.8,0.8,2.0,1.4,0,-0.19999999999999996,-0.5999999999999999
2025-04-05,Ipswich,Wolves,1,2,A,1,0,H,6,22,2,7,4,8,2,2,0,0,PL,21_20,3,10,1.4,2.6,1.2,0.8,-7,0.19999999999999996,1.8
2025-04-05,Milan,Fiorentina,2,2,D,1,2,A,19,15,6,8,7,4,4,3,0,0,SA,24_25,6,9,1.6,1.8,1.2,0.6,-3,0.40000000000000013,1.2000000000000002
2025-04-05,Aston Villa,Nott'm Forest,2,1,H,2,0,H,17,19,8,3,4,4,2,2,0,0,PL,21_20,10,10,1.8,1.4,1.8,1.2,0,0.0,0.19999999999999996
2025-04-06,Valladolid,Getafe,0,4,A,0,3,A,5,16,0,9,3,4,3,1,1,0,LL,24_25,1,6,0.8,2.6,1.2,1.4,-5,-0.3999999999999999,1.2000000000000002
2025-04-06,Man United,Man City,0,0,D,0,0,D,13,9,2,5,5,3,3,2,0,0,PL,21_20,8,7,1.8,1.2,1.0,1.0,1,0.8,0.19999999999999996
2025-04-06,Villarreal,Ath Bilbao,0,0,D,0,0,D,12,11,4,2,6,5,0,1,1,0,LL,24_25,7,8,1.0,1.0,1.8,0.6,-1,-0.8,0.4
2025-04-06,Fulham,Liverpool,3,2,H,3,1,H,12,14,6,6,4,4,3,0,0,0,PL,21_20,6,13,1.2,1.4,2.0,0.6,-7,-0.8,0.7999999999999999
2025-04-06,Brentford,Chelsea,0,0,D,0,0,D,9,21,2,5,3,6,1,3,0,0,PL,21_20,7,9,1.6,1.0,1.4,0.6,-2,0.20000000000000018,0.4
2025-04-06,Sevilla,Ath Madrid,1,2,A,1,1,D,11,13,6,5,7,7,1,4,0,0,LL,24_25,5,7,0.8,1.0,1.6,1.4,-2,-0.8,-0.3999999999999999
2025-04-06,Las Palmas,Sociedad,1,3,A,0,1,A,13,13,5,8,5,4,0,2,0,0,LL,24_25,3,7,0.8,1.4,1.4,1.6,-4,-0.5999999999999999,-0.20000000000000018
2025-04-06,Tottenham,Southampton,3,1,H,2,0,H,13,12,8,4,4,1,1,1,0,0,PL,21_20,4,1,1.2,1.4,0.6,2.8,3,0.6,-1.4
2025-04-06,Lecce,Venezia,1,1,D,0,0,D,23,13,4,3,8,3,2,4,0,0,SA,24_25,0,4,0.6,1.6,0.2,0.4,-4,0.39999999999999997,1.2000000000000002
2025-04-06,Atalanta,Lazio,0,1,A,0,0,D,10,8,2,3,11,4,1,2,0,0,SA,24_25,7,6,1.8,0.6,0.8,1.6,1,1.0,-1.0
2025-04-06,Torino,Verona,1,1,D,0,0,D,7,13,3,1,1,5,1,1,1,0,SA,24_25,11,7,1.6,0.8,0.6,0.8,4,1.0,0.0
2025-04-06,Roma,Juventus,1,1,D,0,1,A,11,11,4,7,4,4,1,1,0,0,SA,24_25,15,9,1.8,0.2,0.8,1.4,6,1.0,-1.2
2025-04-06,Empoli,Cagliari,0,0,D,0,0,D,7,7,1,1,2,3,0,4,0,0,SA,24_25,2,4,0.4,1.8,1.0,1.0,-2,-0.6,0.8
2025-04-07,Leganes,Osasuna,1,1,D,0,0,D,13,14,7,6,4,8,3,3,0,0,LL,24_25,3,2,1.2,2.2,0.8,1.8,1,0.3999999999999999,0.40000000000000013
2025-04-07,Bologna,Napoli,1,1,D,0,1,A,12,6,4,2,8,3,1,3,0,0,SA,24_25,15,8,2.4,0.6,1.2,1.0,7,1.2,-0.4
2025-04-07,Leicester,Newcastle,0,3,A,0,3,A,7,16,2,5,12,2,2,0,0,0,PL,21_20,0,9,0.0,2.4,1.4,2.0,-9,-1.4,0.3999999999999999
2025-04-11,Valencia,Sevilla,1,0,H,1,0,H,8,12,6,5,3,3,3,2,0,0,LL,24_25,11,4,1.8,1.2,0.8,1.2,7,1.0,0.0
2025-04-11,Udinese,Milan,0,4,A,0,2,A,14,14,5,7,5,7,1,1,0,0,SA,24_25,4,7,0.6,1.0,1.8,1.8,-3,-1.2000000000000002,-0.8
2025-04-12,Getafe,Las Palmas,1,3,A,1,0,H,11,10,6,5,3,2,0,2,1,0,LL,24_25,9,3,1.8,1.0,1.0,1.6,6,0.8,-0.6000000000000001
2025-04-12,Celta,Espanol,0,2,A,0,1,A,16,5,6,3,13,5,2,2,0,0,LL,24_25,11,8,1.6,1.0,1.6,0.8,3,0.0,0.19999999999999996
2025-04-12,Leganes,Barcelona,0,1,A,0,0,D,6,12,1,3,4,8,2,1,0,0,LL,24_25,4,13,1.4,1.8,3.2,0.8,-9,-1.8000000000000003,1.0
2025-04-12,Juventus,Lecce,2,1,H,2,0,H,22,14,7,3,9,4,0,1,0,0,SA,24_25,7,1,0.8,1.6,0.8,1.6,6,0.0,0.0
2025-04-12,Inter,Cagliari,3,1,H,2,0,H,13,8,4,4,5,6,0,1,0,0,SA,24_25,11,5,2.0,1.2,1.0,0.8,6,1.0,0.3999999999999999
2025-04-12,Man City,Crystal Palace,5,2,H,2,2,D,21,8,9,3,1,4,2,3,0,0,PL,21_20,8,13,1.0,0.6,2.0,0.6,-5,-1.0,0.0
2025-04-12,Venezia,Monza,1,0,H,0,0,D,9,10,4,3,3,4,5,3,1,0,SA,24_25,4,1,0.4,0.6,0.8,2.4,3,-0.4,-1.7999999999999998
2025-04-12,Nott'm Forest,Everton,0,1,A,0,0,D,10,13,5,5,1,7,0,3,0,0,PL,21_20,10,4,1.4,0.8,0.8,1.0,6,0.5999999999999999,-0.19999999999999996
2025-04-12,Brighton,Leicester,2,2,D,1,1,D,21,15,7,6,3,6,2,5,0,0,PL,21_20,7,0,1.4,1.8,0.0,2.2,7,1.4,-0.40000000000000013
2025-04-12,Sociedad,Mallorca,0,2,A,0,1,A,15,7,4,3,8,2,3,1,0,0,LL,24_25,7,5,1.4,1.8,1.0,1.2,2,0.3999999999999999,0.6000000000000001
2025-04-12,Southampton,Aston Villa,0,3,A,0,0,D,7,25,2,10,2,14,3,1,0,0,PL,21_20,1,12,0.8,2.6,1.8,1.2,-11,-1.0,1.4000000000000001
2025-04-12,Arsenal,Brentford,1,1,D,0,0,D,14,3,3,2,13,5,1,3,0,0,PL,21_20,9,5,1.0,0.6,0.8,1.0,4,0.19999999999999996,-0.4
2025-04-13,Chelsea,Ipswich,2,2,D,0,2,A,34,13,9,4,15,4,2,2,0,0,PL,21_20,10,3,1.2,0.2,1.4,2.2,7,-0.19999999999999996,-2.0
2025-04-13,Atalanta,Bologna,2,0,H,2,0,H,4,12,2,5,4,5,4,1,0,0,SA,24_25,4,13,0.8,0.8,2.2,0.6,-9,-1.4000000000000001,0.20000000000000007
2025-04-13,Fiorentina,Parma,0,0,D,0,0,D,9,7,3,3,2,2,0,5,0,0,SA,24_25,10,4,1.6,0.8,1.0,1.2,6,0.6000000000000001,-0.3999999999999999
2025-04-13,Verona,Genoa,0,0,D,0,0,D,14,4,2,1,6,2,3,1,0,0,SA,24_25,5,8,0.6,1.0,1.0,0.8,-3,-0.4,0.19999999999999996
2025-04-13,Como,Torino,1,0,H,1,0,H,15,10,7,4,7,4,1,3,0,0,SA,24_25,5,9,1.4,1.4,1.4,0.8,-4,0.0,0.5999999999999999
2025-04-13,Lazio,Roma,1,1,D,0,0,D,12,9,7,4,10,5,4,2,0,0,SA,24_25,8,13,1.0,1.6,1.2,0.4,-5,-0.19999999999999996,1.2000000000000002
2025-04-13,Ath Bilbao,Vallecano,3,1,H,0,1,A,13,11,4,3,7,1,4,3,0,0,LL,24_25,6,5,0.4,0.4,1.2,1.8,1,-0.7999999999999999,-1.4
2025-04-13,Betis,Villarreal,1,2,A,1,1,D,24,8,5,2,5,5,0,4,0,0,LL,24_25,13,7,1.8,1.0,0.8,0.8,6,1.0,0.19999999999999996
2025-04-13,Alaves,Real Madrid,0,1,A,0,1,A,13,11,6,4,4,4,4,4,1,1,LL,24_25,8,9,1.0,1.0,1.8,1.6,-1,-0.8,-0.6000000000000001
2025-04-13,Osasuna,Girona,2,1,H,1,0,H,13,18,6,8,4,4,2,0,0,0,LL,24_25,3,3,1.0,1.8,1.0,1.8,0,0.0,0.0
2025-04-13,Liverpool,West Ham,2,1,H,1,0,H,15,11,6,4,10,3,0,2,0,0,PL,21_20,12,5,2.0,0.8,1.0,1.0,7,1.0,-0.19999999999999996
2025-04-13,Wolves,Tottenham,4,2,H,2,0,H,13,11,5,4,1,4,1,2,0,0,PL,21_20,10,4,1.4,1.0,1.0,1.4,6,0.3999999999999999,-0.3999999999999999
2025-04-13,Newcastle,Man United,4,1,H,1,1,D,13,9,6,5,7,2,0,2,0,0,PL,21_20,12,8,2.0,1.2,1.4,0.8,4,0.6000000000000001,0.3999999999999999
2025-04-14,Napoli,Empoli,3,0,H,1,0,H,17,12,6,1,5,5,1,1,0,0,SA,24_25,9,3,1.2,0.8,0.4,0.8,6,0.7999999999999999,0.0
2025-04-14,Bournemouth,Fulham,1,0,H,1,0,H,12,12,3,7,6,9,3,2,0,0,PL,21_20,2,9,1.4,2.0,1.8,1.4,-7,-0.40000000000000013,0.6000000000000001
2025-04-14,Ath Madrid,Valladolid,4,2,H,2,1,H,24,6,9,3,5,1,1,1,0,0,LL,24_25,7,1,1.4,1.6,0.6,2.0,6,0.7999999999999999,-0.3999999999999999
2025-04-16,Newcastle,Crystal Palace,5,0,H,4,0,H,14,11,7,4,5,4,2,3,0,0,PL,21_20,12,10,2.0,0.8,2.0,1.6,2,0.0,-0.8
2025-04-18,Espanol,Getafe,1,0,H,1,0,H,9,9,3,4,6,8,0,2,0,1,LL,24_25,8,9,1.8,0.8,2.0,1.4,-1,-0.19999999999999996,-0.5999999999999999
2025-04-19,Aston Villa,Newcastle,4,1,H,1,1,D,23,10,9,3,7,7,1,3,0,0,PL,21_20,12,15,2.0,1.0,3.0,0.4,-3,-1.0,0.6
2025-04-19,West Ham,Southampton,1,1,D,0,0,D,12,15,4,4,2,5,2,1,0,0,PL,21_20,2,1,0.8,1.4,0.8,2.4,1,0.0,-1.0
2025-04-19,Everton,Man City,0,2,A,0,0,D,8,12,3,7,2,5,4,0,0,0,PL,21_20,6,8,0.8,0.8,1.8,1.0,-2,-1.0,-0.19999999999999996
2025-04-19,Las Palmas,Ath Madrid,1,0,H,0,0,D,8,7,2,2,4,4,3,1,0,0,LL,24_25,5,7,1.4,1.6,2.0,2.0,-2,-0.6000000000000001,-0.3999999999999999
2025-04-19,Mallorca,Leganes,0,0,D,0,0,D,11,15,1,1,4,4,2,1,0,0,LL,24_25,7,1,1.2,1.0,1.2,2.0,6,0.0,-1.0
2025-04-19,Crystal Palace,Bournemouth,0,0,D,0,0,D,5,15,0,4,5,4,3,4,1,0,PL,21_20,7,5,1.2,2.4,1.4,1.6,2,-0.19999999999999996,0.7999999999999998
2025-04-19,Vallecano,Valencia,1,1,D,1,0,H,11,10,4,3,5,2,3,1,0,0,LL,24_25,4,13,1.2,2.2,1.4,0.6,-9,-0.19999999999999996,1.6
2025-04-19,Lecce,Como,0,3,A,0,1,A,14,11,7,6,9,4,3,5,0,0,SA,24_25,1,8,1.0,1.8,1.4,1.0,-7,-0.3999999999999999,0.8
2025-04-19,Monza,Napoli,0,1,A,0,0,D,8,16,0,5,6,7,4,2,0,0,SA,24_25,1,11,0.8,2.2,1.6,0.6,-10,-0.8,1.6
2025-04-19,Roma,Verona,1,0,H,1,0,H,6,8,3,2,4,6,0,2,0,0,SA,24_25,11,6,1.0,0.4,0.6,0.6,5,0.4,-0.19999999999999996
2025-04-19,Barcelona,Celta,4,3,H,1,1,D,18,11,6,8,4,1,2,2,0,0,LL,24_25,13,10,2.6,0.8,1.2,1.0,3,1.4000000000000001,-0.19999999999999996
2025-04-19,Brentford,Brighton,4,2,H,1,1,D,16,12,8,3,4,8,3,3,0,1,PL,21_20,5,5,0.8,1.0,1.4,2.0,0,-0.5999999999999999,-1.0
2025-04-20,Milan,Atalanta,0,1,A,0,0,D,12,11,1,2,7,5,0,1,0,0,SA,24_25,10,6,2.4,1.4,1.2,0.8,4,1.2,0.5999999999999999
2025-04-20,Fulham,Chelsea,1,2,A,1,0,H,6,13,1,8,6,4,1,3,0,0,PL,21_20,6,8,1.4,1.4,0.8,0.6,-2,0.5999999999999999,0.7999999999999999
2025-04-20,Ipswich,Arsenal,0,4,A,0,2,A,4,24,0,7,0,12,0,0,1,0,PL,21_20,4,9,1.4,2.0,1.2,0.8,-5,0.19999999999999996,1.2
2025-04-20,Man United,Wolves,0,1,A,0,0,D,12,4,2,2,9,2,2,3,0,0,PL,21_20,5,13,1.0,1.2,2.0,1.0,-8,-1.0,0.19999999999999996
2025-04-20,Leicester,Liverpool,0,1,A,0,0,D,5,28,0,10,1,13,1,2,0,0,PL,21_20,1,12,0.4,2.2,2.0,1.0,-11,-1.6,1.2000000000000002
2025-04-20,Empoli,Venezia,2,2,D,0,0,D,11,13,4,7,2,5,2,1,0,0,SA,24_25,2,6,0.2,1.2,0.6,0.6,-4,-0.39999999999999997,0.6
2025-04-20,Bologna,Inter,1,0,H,0,0,D,12,8,3,1,5,6,2,3,0,0,SA,24_25,10,13,1.8,0.8,2.4,1.2,-3,-0.5999999999999999,-0.3999999999999999
2025-04-20,Villarreal,Sociedad,2,2,D,1,1,D,20,4,5,4,10,4,5,1,0,0,LL,24_25,7,7,1.0,1.0,1.4,1.4,0,-0.3999999999999999,-0.3999999999999999
2025-04-20,Valladolid,Osasuna,2,3,A,0,2,A,12,11,5,6,5,2,2,0,0,0,LL,24_25,0,5,0.8,2.6,0.8,1.4,-5,0.0,1.2000000000000002
2025-04-20,Real Madrid,Ath Bilbao,1,0,H,0,0,D,22,3,7,1,14,1,1,2,0,0,LL,24_25,12,9,1.8,1.2,1.0,0.4,3,0.8,0.7999999999999999
2025-04-20,Sevilla,Alaves,1,1,D,1,1,D,10,11,2,3,3,6,2,2,0,0,LL,24_25,3,7,0.6,1.2,0.8,1.0,-4,-0.20000000000000007,0.19999999999999996
2025-04-21,Tottenham,Nott'm Forest,1,2,A,0,2,A,22,4,6,3,7,1,1,4,0,0,PL,21_20,4,9,1.4,2.0,1.4,1.0,-5,0.0,1.0
2025-04-21,Girona,Betis,1,3,A,0,3,A,11,17,5,9,8,9,3,2,0,0,LL,24_25,2,10,0.8,1.8,1.6,1.2,-8,-0.8,0.6000000000000001
2025-04-22,Man City,Aston Villa,2,1,H,1,1,D,14,7,6,3,10,2,3,3,0,0,PL,21_20,11,15,2.2,0.8,2.6,0.4,-4,-0.3999999999999999,0.4
2025-04-22,Barcelona,Mallorca,1,0,H,0,0,D,40,4,13,0,13,2,0,1,0,0,LL,24_25,13,7,2.6,1.0,1.0,0.8,6,1.6,0.19999999999999996
2025-04-22,Valencia,Espanol,1,1,D,0,1,A,16,8,7,3,6,4,2,1,0,0,LL,24_25,11,10,1.2,0.6,1.8,0.6,1,-0.6000000000000001,0.0
2025-04-23,Torino,Udinese,2,0,H,1,0,H,10,10,4,6,8,7,2,2,0,0,SA,24_25,6,1,1.0,1.0,0.4,1.8,5,0.6,-0.8
2025-04-23,Parma,Juventus,1,0,H,1,0,H,6,16,3,2,4,9,2,3,0,0,SA,24_25,5,7,1.0,1.0,0.8,1.8,-2,0.19999999999999996,-0.8
2025-04-23,Genoa,Lazio,0,2,A,0,1,A,8,15,4,6,6,8,3,1,1,1,SA,24_25,8,6,0.8,0.6,0.8,1.6,2,0.0,-1.0
2025-04-23,Cagliari,Fiorentina,1,2,A,1,1,D,8,8,2,4,4,4,2,2,0,0,SA,24_25,5,8,1.0,1.0,1.4,0.8,-3,-0.3999999999999999,0.19999999999999996
2025-04-23,Arsenal,Crystal Palace,2,2,D,2,1,H,12,15,6,4,3,6,1,1,0,0,PL,21_20,11,5,1.8,0.6,1.0,2.4,6,0.8,-1.7999999999999998
2025-04-23,Alaves,Sociedad,1,0,H,0,0,D,10,6,1,0,6,6,4,5,0,0,LL,24_25,5,8,0.8,1.2,1.8,1.6,-3,-1.0,-0.40000000000000013
2025-04-23,Getafe,Real Madrid,0,1,A,0,1,A,20,14,6,7,4,4,3,1,0,0,LL,24_25,6,12,1.6,1.4,1.6,1.0,-6,0.0,0.3999999999999999
2025-04-23,Ath Bilbao,Las Palmas,1,0,H,1,0,H,13,10,4,2,3,3,1,3,0,0,LL,24_25,8,8,0.8,0.4,1.6,1.4,0,-0.8,-0.9999999999999999
2025-04-23,Celta,Villarreal,3,0,H,1,0,H,21,4,9,1,6,3,2,1,0,1,LL,24_25,7,8,1.4,1.6,1.4,1.2,-1,0.0,0.40000000000000013
2025-04-24,Osasuna,Sevilla,1,0,H,1,0,H,9,12,2,3,4,4,4,2,0,1,LL,24_25,8,1,1.2,1.4,0.6,1.4,7,0.6,0.0
2025-04-24,Ath Madrid,Vallecano,3,0,H,2,0,H,10,12,5,5,6,3,0,2,0,0,LL,24_25,7,5,1.8,1.8,1.2,2.0,2,0.6000000000000001,-0.19999999999999996
2025-04-24,Betis,Valladolid,5,1,H,1,1,D,16,10,6,5,4,4,1,0,0,0,LL,24_25,10,0,2.0,1.4,1.0,2.8,10,1.0,-1.4
2025-04-24,Leganes,Girona,1,1,D,0,0,D,7,8,1,3,4,5,4,2,1,0,LL,24_25,2,1,1.0,1.6,0.8,2.2,1,0.19999999999999996,-0.6000000000000001
2025-04-26,Brighton,West Ham,3,2,H,1,0,H,16,12,9,4,8,1,1,1,0,0,PL,21_20,2,3,1.4,2.6,1.0,1.4,-1,0.3999999999999999,1.2000000000000002
2025-04-26,Newcastle,Ipswich,3,0,H,1,0,H,25,4,5,0,11,2,1,2,0,1,PL,21_20,12,4,3.0,1.2,1.4,2.6,8,1.6,-1.4000000000000001
2025-04-26,Southampton,Fulham,1,2,A,1,0,H,7,26,3,5,0,13,1,1,0,0,PL,21_20,2,6,0.8,2.0,1.4,1.4,-4,-0.5999999999999999,0.6000000000000001
2025-04-26,Chelsea,Everton,1,0,H,1,0,H,10,6,7,3,10,2,0,0,0,0,PL,21_20,8,5,1.0,0.8,0.6,1.0,3,0.4,-0.19999999999999996
2025-04-26,Wolves,Leicester,3,0,H,1,0,H,20,8,6,2,4,2,1,4,0,0,PL,21_20,15,1,2.0,0.8,0.4,2.2,14,1.6,-1.4000000000000001
2025-04-27,Villarreal,Espanol,1,0,H,0,0,D,14,12,5,1,8,6,4,0,0,0,LL,24_25,8,11,1.2,1.4,1.8,0.4,-3,-0.6000000000000001,0.9999999999999999
2025-04-27,Como,Genoa,1,0,H,0,0,D,14,4,3,1,6,3,2,1,0,0,SA,24_25,10,7,1.8,0.8,0.6,0.8,3,1.2000000000000002,0.0
2025-04-27,Venezia,Milan,0,2,A,0,1,A,15,12,2,2,7,2,1,0,0,0,SA,24_25,6,7,0.8,0.8,1.8,1.2,-1,-1.0,-0.3999999999999999
2025-04-27,Fiorentina,Empoli,2,1,H,2,0,H,6,8,3,5,1,6,3,2,0,0,SA,24_25,11,3,1.6,0.6,0.6,1.4,8,1.0,-0.7999999999999999
2025-04-27,Inter,Roma,0,1,A,0,1,A,17,19,2,7,4,3,1,2,0,0,SA,24_25,10,11,1.8,1.0,1.0,0.4,-1,0.8,0.6
2025-04-27,Juventus,Monza,2,0,H,2,0,H,10,12,5,3,0,5,3,3,1,0,SA,24_25,7,1,0.8,1.2,0.4,1.8,6,0.4,-0.6000000000000001
2025-04-27,Atalanta,Lecce,1,1,D,0,1,A,21,10,6,3,12,3,1,1,0,0,SA,24_25,6,1,0.6,0.8,0.6,1.8,5,0.0,-1.0
2025-04-27,Napoli,Torino,2,0,H,2,0,H,8,9,2,0,2,5,0,3,0,0,SA,24_25,11,8,1.4,0.4,1.0,0.6,3,0.3999999999999999,-0.19999999999999996
2025-04-27,Liverpool,Tottenham,5,1,H,3,1,H,25,8,8,3,8,2,2,1,0,0,PL,21_20,12,3,1.8,1.0,1.2,2.0,9,0.6000000000000001,-1.0
2025-04-27,Bournemouth,Man United,1,1,D,1,0,H,8,25,1,6,5,10,4,2,1,0,PL,21_20,5,4,1.0,1.2,0.8,1.2,1,0.19999999999999996,0.0
2025-04-28,Udinese,Bologna,0,0,D,0,0,D,13,12,4,1,5,6,3,2,0,0,SA,24_25,0,10,0.2,2.0,1.6,0.6,-10,-1.4000000000000001,1.4
2025-04-28,Lazio,Parma,2,2,D,0,1,A,14,7,7,5,5,1,1,3,0,0,SA,24_25,8,7,1.0,1.4,0.8,0.6,1,0.19999999999999996,0.7999999999999999
2025-04-28,Verona,Cagliari,0,2,A,0,1,A,6,6,2,4,2,3,2,1,1,0,SA,24_25,6,4,0.4,0.4,1.0,1.2,2,-0.6,-0.7999999999999999
2025-05-01,Nott'm Forest,Brentford,0,2,A,0,1,A,14,11,5,3,4,5,3,5,0,0,PL,21_20,9,8,1.6,1.2,1.6,1.2,1,0.0,0.0
2025-05-02,Torino,Venezia,1,1,D,0,1,A,19,7,4,3,5,1,1,0,0,0,SA,24_25,5,5,0.8,1.0,0.8,1.2,0,0.0,-0.19999999999999996
2025-05-02,Man City,Wolves,1,0,H,1,0,H,9,6,2,1,4,5,0,0,0,0,PL,21_20,13,15,2.2,0.6,2.2,0.6,-2,0.0,0.0
2025-05-02,Vallecano,Getafe,1,0,H,1,0,H,13,12,8,1,7,3,3,2,0,1,LL,24_25,4,3,0.8,2.2,1.2,1.4,1,-0.3999999999999999,0.8000000000000003
2025-05-03,Lecce,Napoli,0,1,A,0,1,A,9,8,1,2,5,2,2,0,0,0,SA,24_25,2,13,0.6,1.6,1.8,0.4,-11,-1.2000000000000002,1.2000000000000002
2025-05-03,Parma,Como,0,1,A,0,0,D,13,13,3,4,5,5,1,1,0,0,SA,24_25,7,13,1.0,0.8,1.8,0.4,-6,-0.8,0.4
2025-05-03,Villarreal,Osasuna,4,2,H,3,0,H,15,11,5,4,2,8,4,1,0,0,LL,24_25,8,11,1.0,1.2,1.4,0.8,-3,-0.3999999999999999,0.3999999999999999
2025-05-03,Las Palmas,Valencia,2,3,A,1,1,D,15,10,3,5,9,5,1,1,0,0,LL,24_25,7,11,1.2,1.2,1.2,0.6,-4,0.0,0.6
2025-05-03,Valladolid,Barcelona,1,2,A,1,0,H,5,24,4,7,4,8,3,2,0,0,LL,24_25,0,13,1.2,3.6,2.2,1.0,-13,-1.0000000000000002,2.6
2025-05-03,Aston Villa,Fulham,1,0,H,1,0,H,10,11,3,3,5,3,0,5,0,0,PL,21_20,12,6,2.6,0.8,1.4,1.6,6,1.2000000000000002,-0.8
2025-05-03,Everton,Ipswich,2,2,D,2,1,H,8,12,3,5,3,3,4,4,0,0,PL,21_20,4,4,0.4,1.0,1.0,2.4,0,-0.6,-1.4
2025-05-03,Leicester,Southampton,2,0,H,2,0,H,14,8,4,2,7,7,1,3,0,0,PL,21_20,1,2,0.4,2.2,0.8,2.0,-1,-0.4,0.20000000000000018
2025-05-03,Arsenal,Bournemouth,1,2,A,1,0,H,13,9,4,2,2,3,0,2,0,0,PL,21_20,9,6,2.0,1.0,1.0,1.0,3,1.0,0.0
2025-05-03,Inter,Verona,1,0,H,1,0,H,9,6,2,1,4,3,1,3,0,0,SA,24_25,7,3,1.4,1.2,0.2,0.8,4,1.2,0.3999999999999999
2025-05-03,Alaves,Ath Madrid,0,0,D,0,0,D,8,9,2,2,3,5,3,2,0,0,LL,24_25,7,10,0.6,0.8,2.0,1.0,-3,-1.4,-0.19999999999999996
2025-05-03,Cagliari,Udinese,1,2,A,1,1,D,8,11,2,3,5,4,1,2,0,0,SA,24_25,7,1,1.4,1.0,0.2,1.8,6,1.2,-0.8
2025-05-04,West Ham,Tottenham,1,1,D,1,1,D,11,7,2,2,1,3,2,2,0,0,PL,21_20,2,3,1.2,1.8,1.4,2.6,-1,-0.19999999999999996,-0.8
2025-05-04,Bologna,Juventus,1,1,D,0,1,A,9,6,2,3,10,3,1,3,0,0,SA,24_25,8,10,0.6,0.6,1.2,0.6,-2,-0.6,0.0
2025-05-04,Empoli,Lazio,0,1,A,0,1,A,7,9,2,3,2,7,5,5,1,1,SA,24_25,3,9,0.8,1.6,1.4,0.8,-6,-0.5999999999999999,0.8
2025-05-04,Sociedad,Ath Bilbao,0,0,D,0,0,D,12,3,3,1,7,3,1,2,0,0,LL,24_25,7,8,1.4,1.4,0.8,0.4,-1,0.5999999999999999,0.9999999999999999
2025-05-04,Brighton,Newcastle,1,1,D,1,0,H,5,13,2,5,1,4,2,1,0,0,PL,21_20,4,12,1.6,2.6,3.2,1.0,-8,-1.6,1.6
2025-05-04,Chelsea,Liverpool,3,1,H,1,0,H,17,11,7,2,3,6,2,2,0,0,PL,21_20,11,12,1.2,0.6,2.2,1.0,-1,-1.0000000000000002,-0.4
2025-05-04,Sevilla,Leganes,2,2,D,1,1,D,25,9,7,3,8,2,4,5,0,0,LL,24_25,1,3,0.6,1.4,0.8,1.2,-2,-0.20000000000000007,0.19999999999999996
2025-05-04,Roma,Fiorentina,1,0,H,1,0,H,12,13,4,5,7,4,2,2,0,1,SA,24_25,11,11,1.0,0.4,1.4,0.8,0,-0.3999999999999999,-0.4
2025-05-04,Brentford,Man United,4,3,H,2,1,H,12,14,6,5,7,4,0,2,0,0,PL,21_20,8,2,1.6,1.0,0.4,1.4,6,1.2000000000000002,-0.3999999999999999
2025-05-04,Real Madrid,Celta,3,2,H,2,0,H,17,14,6,7,4,6,2,1,0,0,LL,24_25,12,7,1.4,0.8,1.8,1.6,5,-0.40000000000000013,-0.8
2025-05-04,Espanol,Betis,1,2,A,1,0,H,11,20,5,10,3,7,2,0,0,0,LL,24_25,10,10,1.6,0.4,2.4,1.2,0,-0.7999999999999998,-0.7999999999999999
2025-05-04,Monza,Atalanta,0,4,A,0,2,A,13,15,7,5,3,7,1,2,0,0,SA,24_25,0,7,0.2,2.0,0.8,0.6,-7,-0.6000000000000001,1.4
2025-05-05,Girona,Mallorca,1,0,H,1,0,H,13,9,6,1,5,2,0,2,0,0,LL,24_25,1,4,0.8,2.2,0.6,0.8,-3,0.20000000000000007,1.4000000000000001
2025-05-05,Genoa,Milan,1,2,A,0,0,D,11,10,4,5,8,7,1,5,0,0,SA,24_25,4,7,0.2,0.8,1.8,1.0,-3,-1.6,-0.19999999999999996
2025-05-05,Crystal Palace,Nott'm Forest,1,1,D,0,0,D,20,12,3,4,7,4,3,8,0,0,PL,21_20,5,6,1.2,2.6,0.8,1.2,-1,0.3999999999999999,1.4000000000000001
2025-05-09,Milan,Bologna,3,1,H,0,0,D,10,10,5,4,3,4,2,2,0,0,SA,24_25,10,6,2.0,0.8,0.6,0.8,4,1.4,0.0
2025-05-09,Las Palmas,Vallecano,0,1,A,0,0,D,11,16,2,5,8,8,2,3,0,0,LL,24_25,6,4,1.4,1.6,0.6,2.2,2,0.7999999999999999,-0.6000000000000001
2025-05-10,Bournemouth,Aston Villa,0,1,A,0,1,A,10,6,4,3,10,0,4,3,0,1,PL,21_20,9,12,1.2,0.8,2.2,0.8,-3,-1.0000000000000002,0.0
2025-05-10,Como,Cagliari,3,1,H,2,1,H,19,9,5,3,5,1,1,3,0,0,SA,24_25,15,4,1.8,0.2,1.0,1.4,11,0.8,-1.2
2025-05-10,Ath Madrid,Sociedad,4,0,H,4,0,H,13,6,7,1,3,3,0,1,0,0,LL,24_25,10,5,1.8,0.8,1.0,1.2,5,0.8,-0.3999999999999999
2025-05-10,Mallorca,Valladolid,2,1,H,1,1,D,12,16,4,7,5,10,2,1,0,0,LL,24_25,4,0,0.6,0.8,1.2,3.6,4,-0.6,-2.8
2025-05-10,Girona,Villarreal,0,1,A,0,0,D,7,14,0,5,5,3,2,3,0,0,LL,24_25,4,10,0.8,1.4,1.8,1.6,-6,-1.0,-0.20000000000000018
2025-05-10,Celta,Sevilla,3,2,H,1,1,D,8,19,4,10,3,6,0,2,1,0,LL,24_25,6,2,2.0,2.0,0.8,1.4,4,1.2,0.6000000000000001
2025-05-10,Lazio,Juventus,1,1,D,0,0,D,19,8,6,3,3,3,5,4,0,1,SA,24_25,11,8,1.4,0.6,1.2,0.8,3,0.19999999999999996,-0.20000000000000007
2025-05-10,Fulham,Everton,1,3,A,1,1,D,18,11,6,7,5,5,1,0,0,0,PL,21_20,6,5,1.2,1.4,0.8,1.2,1,0.3999999999999999,0.19999999999999996
2025-05-10,Ipswich,Brentford,0,1,A,0,1,A,11,15,4,5,5,6,2,4,0,0,PL,21_20,2,11,1.0,2.6,2.2,1.2,-9,-1.2000000000000002,1.4000000000000001
2025-05-10,Valencia,Getafe,3,0,H,3,0,H,10,10,6,3,2,6,3,5,0,0,LL,24_25,11,3,1.6,1.0,1.0,1.2,8,0.6000000000000001,-0.19999999999999996
2025-05-10,Southampton,Man City,0,0,D,0,0,D,2,26,0,5,1,15,2,0,0,0,PL,21_20,1,13,0.6,2.2,2.0,0.6,-12,-1.4,1.6
2025-05-10,Wolves,Brighton,0,2,A,0,1,A,10,7,3,2,7,4,1,1,0,0,PL,21_20,12,5,2.0,0.8,1.8,2.2,7,0.19999999999999996,-1.4000000000000001
2025-05-10,Empoli,Parma,2,1,H,1,0,H,15,3,4,1,4,0,2,2,0,1,SA,24_25,2,6,0.6,1.6,1.0,1.0,-4,-0.4,0.6000000000000001
2025-05-11,Torino,Inter,0,2,A,0,1,A,17,12,3,7,9,3,1,3,0,0,SA,24_25,5,7,0.8,1.0,1.2,1.0,-2,-0.3999999999999999,0.0
2025-05-11,Napoli,Genoa,2,2,D,1,1,D,22,8,11,2,8,0,1,2,0,0,SA,24_25,13,4,1.6,0.2,0.4,1.0,9,1.2000000000000002,-0.8
2025-05-11,Man United,West Ham,0,2,A,0,1,A,20,9,5,4,8,5,0,1,0,0,PL,21_20,2,3,1.0,2.0,1.4,1.8,-1,-0.3999999999999999,0.19999999999999996
2025-05-11,Tottenham,Crystal Palace,0,2,A,0,1,A,8,23,1,10,4,8,1,1,0,0,PL,21_20,4,3,1.6,2.6,1.0,2.6,1,0.6000000000000001,0.0
2025-05-11,Leganes,Espanol,3,2,H,2,0,H,13,12,5,6,3,8,2,2,0,0,LL,24_25,4,7,0.8,1.0,1.0,0.8,-3,-0.19999999999999996,0.19999999999999996
2025-05-11,Barcelona,Real Madrid,4,3,H,4,2,H,23,9,9,5,10,2,4,3,0,0,LL,24_25,13,12,1.8,1.0,1.4,0.8,1,0.40000000000000013,0.19999999999999996
2025-05-11,Ath Bilbao,Alaves,1,0,H,0,0,D,11,4,3,1,9,2,1,1,0,0,LL,24_25,8,8,0.8,0.4,0.6,0.4,0,0.20000000000000007,0.0
2025-05-11,Newcastle,Chelsea,2,0,H,1,0,H,15,10,6,3,2,8,4,2,0,1,PL,21_20,10,11,2.8,1.2,1.6,0.8,-1,1.1999999999999997,0.3999999999999999
2025-05-11,Udinese,Monza,1,2,A,0,0,D,21,5,5,2,7,0,2,3,0,0,SA,24_25,4,0,0.4,1.6,0.2,2.2,4,0.2,-0.6000000000000001
2025-05-11,Nott'm Forest,Leicester,2,2,D,1,1,D,15,10,4,6,4,4,3,3,0,0,PL,21_20,4,4,0.8,1.4,0.8,1.8,0,0.0,-0.40000000000000013
2025-05-11,Verona,Lecce,1,1,D,1,1,D,6,11,2,3,3,6,4,0,0,0,SA,24_25,2,2,0.2,1.0,0.6,1.6,0,-0.39999999999999997,-0.6000000000000001
2025-05-11,Betis,Osasuna,1,1,D,0,0,D,10,16,5,5,6,7,3,2,0,0,LL,24_25,10,10,2.4,1.2,1.8,1.6,0,0.5999999999999999,-0.40000000000000013
2025-05-11,Liverpool,Arsenal,2,2,D,2,0,H,14,15,5,7,3,1,1,1,0,1,PL,21_20,9,6,2.2,1.6,1.8,1.2,3,0.40000000000000013,0.40000000000000013
2025-05-12,Venezia,Fiorentina,2,1,H,0,0,D,4,5,4,1,1,5,1,4,0,0,SA,24_25,6,8,1.0,1.2,1.2,1.0,-2,-0.19999999999999996,0.19999999999999996
2025-05-12,Atalanta,Roma,2,1,H,1,1,D,16,10,3,4,8,7,1,0,0,0,SA,24_25,10,11,1.6,0.4,1.0,0.4,-1,0.6000000000000001,0.0
2025-05-13,Valladolid,Girona,0,1,A,0,0,D,11,13,4,5,6,4,0,0,0,0,LL,24_25,0,4,1.4,3.2,0.8,1.4,-4,0.5999999999999999,1.8000000000000003
2025-05-13,Sociedad,Celta,0,1,A,0,1,A,15,6,5,2,14,1,3,1,0,0,LL,24_25,2,6,0.4,1.8,2.2,2.2,-4,-1.8000000000000003,-0.40000000000000013
2025-05-13,Sevilla,Las Palmas,1,0,H,0,0,D,10,14,3,3,4,2,6,6,0,0,LL,24_25,2,6,1.0,1.6,1.2,1.2,-4,-0.19999999999999996,0.40000000000000013
2025-05-14,Alaves,Valencia,1,0,H,0,0,D,11,10,5,3,9,4,4,3,0,0,LL,24_25,5,11,0.4,0.6,1.8,0.8,-6,-1.4,-0.20000000000000007
2025-05-14,Real Madrid,Mallorca,2,1,H,0,1,A,39,4,13,2,26,0,0,3,0,0,LL,24_25,12,7,1.8,1.2,0.8,0.6,5,1.0,0.6
2025-05-14,Villarreal,Leganes,3,0,H,3,0,H,17,23,7,6,3,6,1,1,0,0,LL,24_25,10,6,1.6,1.4,1.2,1.2,4,0.40000000000000013,0.19999999999999996
2025-05-15,Getafe,Ath Bilbao,0,2,A,0,0,D,11,9,1,2,2,5,1,0,0,0,LL,24_25,0,10,0.2,1.8,1.0,0.4,-10,-0.8,1.4
2025-05-15,Vallecano,Betis,2,2,D,2,0,H,20,10,6,3,10,7,1,3,0,0,LL,24_25,7,10,0.8,1.4,2.4,1.2,-3,-1.5999999999999999,0.19999999999999996
2025-05-15,Espanol,Barcelona,0,2,A,0,0,D,9,12,1,4,3,3,2,2,1,0,LL,24_25,4,15,1.0,1.4,2.4,1.4,-11,-1.4,0.0
2025-05-15,Osasuna,Ath Madrid,2,0,H,1,0,H,9,9,3,5,3,5,1,1,0,0,LL,24_25,10,10,1.8,1.6,2.2,0.6,0,-0.40000000000000013,1.0
2025-05-16,Aston Villa,Tottenham,2,0,H,0,0,D,18,3,7,1,9,1,1,2,0,0,PL,21_20,12,1,2.0,0.6,1.0,2.8,11,1.0,-2.1999999999999997
2025-05-16,Chelsea,Man United,1,0,H,0,0,D,11,4,3,1,7,2,1,6,0,0,PL,21_20,10,1,1.6,1.2,1.0,2.4,9,0.6000000000000001,-1.2
2025-05-17,Genoa,Atalanta,2,3,A,1,0,H,12,13,5,6,7,0,0,0,0,0,SA,24_25,2,13,0.6,1.4,2.0,0.4,-11,-1.4,0.9999999999999999
2025-05-18,Cagliari,Venezia,3,0,H,2,0,H,20,10,5,1,8,8,1,1,0,0,SA,24_25,3,8,1.2,2.0,1.2,1.2,-5,0.0,0.8
2025-05-18,Fiorentina,Bologna,3,2,H,1,0,H,6,15,5,3,2,4,4,1,0,1,SA,24_25,7,5,1.0,1.0,0.6,1.2,2,0.4,-0.19999999999999996
2025-05-18,Inter,Lazio,2,2,D,1,0,H,10,12,3,4,5,1,1,3,0,0,SA,24_25,9,9,1.2,0.6,1.4,0.8,0,-0.19999999999999996,-0.20000000000000007
2025-05-18,Monza,Empoli,1,3,A,1,0,H,12,9,4,4,2,6,0,1,0,0,SA,24_25,3,4,0.4,1.8,1.0,1.8,-1,-0.6,0.0
2025-05-18,Ath Madrid,Betis,4,1,H,2,0,H,20,12,11,7,7,4,1,1,0,0,LL,24_25,7,11,1.4,0.6,2.6,1.2,-4,-1.2000000000000002,-0.6
2025-05-18,Barcelona,Villarreal,2,3,A,2,1,H,24,7,9,3,11,3,2,0,0,0,LL,24_25,15,12,2.6,1.4,1.8,1.0,3,0.8,0.3999999999999999
2025-05-18,Celta,Vallecano,1,2,A,1,2,A,24,7,7,2,9,2,2,3,0,0,LL,24_25,9,8,2.4,1.8,1.0,1.2,1,1.4,0.6000000000000001
2025-05-18,Las Palmas,Leganes,0,1,A,0,1,A,12,11,3,4,9,2,2,2,0,0,LL,24_25,3,6,0.6,1.2,1.2,1.6,-3,-0.6,-0.40000000000000013
2025-05-18,Mallorca,Getafe,1,2,A,0,0,D,7,10,1,4,3,4,2,2,0,0,LL,24_25,4,0,0.6,1.0,0.0,1.6,4,0.6,-0.6000000000000001
2025-05-18,Osasuna,Espanol,2,0,H,1,0,H,16,16,3,6,8,6,1,1,0,0,LL,24_25,10,1,1.8,1.4,0.8,1.8,9,1.0,-0.40000000000000013
2025-05-18,Sevilla,Real Madrid,0,2,A,0,0,D,6,16,1,6,1,7,0,1,2,0,LL,24_25,5,12,1.2,1.4,2.0,1.4,-7,-0.8,0.0
2025-05-18,Sociedad,Girona,3,2,H,2,1,H,15,9,9,5,9,2,1,3,0,0,LL,24_25,2,7,0.4,1.6,0.8,1.0,-5,-0.4,0.6000000000000001
2025-05-18,Valencia,Ath Bilbao,0,1,A,0,0,D,6,10,2,4,5,3,3,1,0,0,LL,24_25,8,10,1.6,1.0,0.8,0.2,-2,0.8,0.8
2025-05-18,Valladolid,Alaves,0,1,A,0,1,A,7,14,1,4,5,9,0,2,0,0,LL,24_25,0,8,1.0,2.6,0.6,0.4,-8,0.4,2.2
2025-05-18,Parma,Napoli,0,0,D,0,0,D,6,7,4,2,3,2,2,2,0,0,SA,24_25,5,13,0.8,1.0,1.8,0.4,-8,-1.0,0.6
2025-05-18,Roma,Milan,3,1,H,1,1,D,15,12,6,3,4,2,3,2,0,1,SA,24_25,10,12,1.0,0.6,2.2,0.6,-2,-1.2000000000000002,0.0
2025-05-18,Lecce,Torino,1,0,H,0,0,D,10,10,4,4,3,4,1,1,0,0,SA,24_25,2,4,0.6,1.6,0.6,1.2,-2,0.0,0.40000000000000013
2025-05-18,Everton,Southampton,2,0,H,2,0,H,13,6,5,2,4,5,1,1,0,0,PL,21_20,7,2,1.2,1.2,0.4,1.6,5,0.7999999999999999,-0.40000000000000013
2025-05-18,Juventus,Udinese,2,0,H,0,0,D,24,7,7,2,12,3,0,3,0,0,SA,24_25,8,4,1.2,0.8,0.6,1.8,4,0.6,-1.0
2025-05-18,Brentford,Fulham,2,3,A,2,1,H,11,16,6,7,5,3,4,4,0,0,PL,21_20,13,3,2.4,1.2,0.8,1.6,10,1.5999999999999999,-0.40000000000000013
2025-05-18,Leicester,Ipswich,2,0,H,1,0,H,9,20,3,2,2,2,1,0,0,0,PL,21_20,5,2,1.2,1.6,0.8,2.4,3,0.3999999999999999,-0.7999999999999998
2025-05-18,Arsenal,Newcastle,1,0,H,0,0,D,12,14,4,5,10,7,3,3,0,0,PL,21_20,6,10,2.0,1.4,2.4,1.0,-4,-0.3999999999999999,0.3999999999999999
2025-05-18,Verona,Como,1,1,D,0,1,A,16,12,3,5,5,5,2,3,0,0,SA,24_25,2,15,0.2,1.0,1.8,0.2,-13,-1.6,0.8
2025-05-18,West Ham,Nott'm Forest,1,2,A,0,1,A,16,10,5,5,8,7,6,3,0,0,PL,21_20,5,5,1.4,1.4,1.0,1.4,0,0.3999999999999999,0.0
2025-05-19,Brighton,Liverpool,3,2,H,1,2,A,25,18,12,5,3,3,1,0,0,0,PL,21_20,8,10,2.0,1.8,2.2,1.4,-2,-0.20000000000000018,0.40000000000000013
2025-05-20,Crystal Palace,Wolves,4,2,H,2,1,H,14,12,10,3,0,10,1,2,0,0,PL,21_20,6,9,1.0,1.6,1.6,1.0,-3,-0.6000000000000001,0.6000000000000001
2025-05-20,Man City,Bournemouth,3,1,H,2,0,H,12,8,5,2,3,1,1,3,1,1,PL,21_20,13,8,2.0,0.6,0.8,0.6,5,1.2,0.0
2025-05-23,Betis,Valencia,1,1,D,1,0,H,14,9,4,2,3,2,1,2,0,0,LL,24_25,8,7,2.2,1.8,1.4,1.0,1,0.8000000000000003,0.8
2025-05-23,Como,Inter,0,2,A,0,1,A,18,11,4,7,1,4,1,3,1,0,SA,24_25,13,7,1.8,0.4,1.0,0.8,6,0.8,-0.4
2025-05-23,Napoli,Cagliari,2,0,H,1,0,H,18,4,6,1,8,3,2,1,0,0,SA,24_25,11,6,1.2,0.4,1.6,1.4,5,-0.40000000000000013,-0.9999999999999999
2025-05-24,Alaves,Osasuna,1,1,D,0,0,D,14,19,5,5,5,9,2,2,0,0,LL,24_25,10,10,0.6,0.2,1.6,1.0,0,-1.0,-0.8
2025-05-24,Leganes,Valladolid,3,0,H,3,0,H,16,6,6,2,3,4,0,1,0,0,LL,24_25,8,0,1.4,1.6,0.6,2.2,8,0.7999999999999999,-0.6000000000000001
2025-05-24,Espanol,Las Palmas,2,0,H,0,0,D,8,10,3,4,3,6,3,2,0,0,LL,24_25,0,0,0.6,2.0,0.4,1.4,0,0.19999999999999996,0.6000000000000001
2025-05-24,Real Madrid,Sociedad,2,0,H,1,0,H,16,9,8,1,11,4,0,0,0,0,LL,24_25,12,4,2.2,1.4,0.6,1.6,8,1.6,-0.20000000000000018
2025-05-24,Vallecano,Mallorca,0,0,D,0,0,D,27,9,8,2,11,2,2,2,0,0,LL,24_25,10,3,1.2,1.2,0.8,1.4,7,0.3999999999999999,-0.19999999999999996
2025-05-24,Getafe,Celta,1,2,A,1,1,D,6,15,1,8,2,6,3,4,1,0,LL,24_25,3,9,0.4,1.6,2.0,1.4,-6,-1.6,0.20000000000000018
2025-05-24,Bologna,Genoa,1,3,A,0,3,A,16,5,5,3,13,1,5,2,0,0,SA,24_25,5,1,1.0,1.4,1.0,2.0,4,0.0,-0.6000000000000001
2025-05-24,Milan,Monza,2,0,H,0,0,D,21,6,6,2,4,6,0,1,0,0,SA,24_25,9,3,1.6,1.2,0.6,2.2,6,1.0,-1.0000000000000002
2025-05-25,Empoli,Verona,1,2,A,1,1,D,14,5,5,2,13,1,2,2,0,0,SA,24_25,7,2,1.6,1.4,0.4,1.2,5,1.2000000000000002,0.19999999999999996
2025-05-25,Torino,Roma,0,2,A,0,1,A,11,15,4,5,2,1,1,1,0,0,SA,24_25,4,12,0.6,1.2,1.4,0.6,-8,-0.7999999999999999,0.6
2025-05-25,Atalanta,Parma,2,3,A,2,0,H,11,18,5,10,5,6,1,1,0,0,SA,24_25,13,5,2.2,0.8,0.8,1.0,8,1.4000000000000001,-0.19999999999999996
2025-05-25,Lazio,Lecce,0,1,A,0,1,A,26,9,7,3,14,4,2,3,1,1,SA,24_25,9,5,1.6,1.0,0.6,1.2,4,1.0,-0.19999999999999996
2025-05-25,Wolves,Brentford,1,1,D,0,1,A,18,13,6,7,8,3,2,1,0,0,PL,21_20,6,12,1.2,1.4,2.6,1.6,-6,-1.4000000000000001,-0.20000000000000018
2025-05-25,Girona,Ath Madrid,0,4,A,0,0,D,2,19,1,11,1,8,0,1,0,0,LL,24_25,7,10,1.0,1.0,2.2,0.6,-3,-1.2000000000000002,0.4
2025-05-25,Villarreal,Sevilla,4,2,H,3,1,H,12,17,7,6,3,5,0,1,0,0,LL,24_25,15,4,2.4,0.8,1.0,1.6,11,1.4,-0.8
2025-05-25,Ath Bilbao,Barcelona,0,3,A,0,2,A,10,13,1,4,2,6,1,0,0,0,LL,24_25,13,12,1.0,0.0,2.2,1.4,1,-1.2000000000000002,-1.4
2025-05-25,Bournemouth,Leicester,2,0,H,0,0,D,20,3,7,0,6,1,0,2,0,0,PL,21_20,5,7,0.8,1.2,1.2,1.2,-2,-0.3999999999999999,0.0
2025-05-25,Fulham,Man City,0,2,A,0,1,A,13,20,3,5,1,6,0,0,0,0,PL,21_20,6,13,1.4,1.8,1.6,0.4,-7,-0.20000000000000018,1.4
2025-05-25,Ipswich,West Ham,1,3,A,0,1,A,14,10,4,6,4,0,1,1,0,0,PL,21_20,1,5,0.4,2.4,1.4,1.4,-4,-0.9999999999999999,1.0
2025-05-25,Liverpool,Crystal Palace,1,1,D,0,1,A,14,8,3,5,11,0,1,0,1,0,PL,21_20,7,9,2.2,1.8,1.8,1.0,-2,0.40000000000000013,0.8
2025-05-25,Man United,Aston Villa,2,0,H,0,0,D,25,6,10,1,4,3,2,2,0,1,PL,21_20,1,12,0.8,1.8,1.8,0.6,-11,-1.0,1.2000000000000002
2025-05-25,Newcastle,Everton,0,1,A,0,0,D,17,14,6,6,12,3,1,4,0,0,PL,21_20,7,7,1.4,1.2,1.4,1.2,0,0.0,0.0
2025-05-25,Nott'm Forest,Chelsea,0,1,A,0,0,D,10,6,2,2,7,4,2,2,0,0,PL,21_20,8,12,1.4,1.4,1.4,0.8,-4,0.0,0.5999999999999999
2025-05-25,Southampton,Arsenal,1,2,A,0,1,A,7,23,2,8,5,8,0,0,0,0,PL,21_20,2,8,0.4,1.4,2.0,1.2,-6,-1.6,0.19999999999999996
2025-05-25,Tottenham,Brighton,1,4,A,1,0,H,4,23,2,8,2,11,3,1,0,0,PL,21_20,1,10,0.6,2.4,2.2,1.8,-9,-1.6,0.5999999999999999
2025-05-25,Udinese,Fiorentina,2,3,A,1,0,H,12,25,3,11,2,8,3,2,1,0,SA,24_25,4,9,0.6,1.4,1.6,1.4,-5,-1.0,0.0
2025-05-25,Venezia,Juventus,2,3,A,1,2,A,12,15,5,5,6,6,1,2,0,0,SA,24_25,5,8,1.0,1.8,1.2,0.6,-3,-0.19999999999999996,1.2000000000000002
